match_id,season,date,home_team,away_team,home_goals,away_goals,result,home_goals_ht,away_goals_ht,referee,home_shots,away_shots,home_shots_on_target,away_shots_on_target,home_corners,away_corners,home_fouls,away_fouls,home_yellows,away_yellows,home_reds,away_reds,b365_home,b365_draw,b365_away,pinnacle_home,pinnacle_draw,pinnacle_away,pinnacle_close_home,pinnacle_close_draw,pinnacle_close_away,avg_home,avg_draw,avg_away
0,2014/15,2014-08-16,Arsenal,Crystal Palace,2.0,1.0,H,1.0,1.0,J Moss,14.0,4.0,6.0,2.0,9.0,3.0,13.0,19.0,2.0,2.0,0.0,1.0,1.25,6.5,15.0,1.26,6.45,14.01,1.29,5.9,12.75,1.25,5.96,12.43
1,2014/15,2014-08-16,Leicester,Everton,2.0,2.0,D,1.0,2.0,M Jones,11.0,13.0,3.0,3.0,3.0,6.0,16.0,10.0,1.0,1.0,0.0,0.0,3.2,3.4,2.4,3.14,3.38,2.46,3.11,3.4,2.47,3.06,3.32,2.36
2,2014/15,2014-08-16,Man United,Swansea,1.0,2.0,A,0.0,1.0,M Dean,14.0,5.0,5.0,4.0,4.0,0.0,14.0,20.0,2.0,4.0,0.0,0.0,1.36,5.0,11.0,1.37,5.1,10.6,1.45,4.81,8.25,1.34,4.96,9.32
3,2014/15,2014-08-16,QPR,Hull,0.0,1.0,A,0.0,0.0,C Pawson,19.0,11.0,6.0,4.0,8.0,9.0,10.0,10.0,1.0,2.0,0.0,0.0,2.5,3.3,3.1,2.48,3.26,3.22,2.31,3.24,3.59,2.47,3.18,3.02
4,2014/15,2014-08-16,Stoke,Aston Villa,0.0,1.0,A,0.0,0.0,A Taylor,12.0,7.0,2.0,2.0,2.0,8.0,14.0,9.0,0.0,3.0,0.0,0.0,1.95,3.5,4.5,1.95,3.47,4.55,2.01,3.34,4.51,1.92,3.38,4.27
5,2014/15,2014-08-16,West Brom,Sunderland,2.0,2.0,D,1.0,1.0,N Swarbrick,10.0,7.0,5.0,2.0,6.0,3.0,18.0,9.0,3.0,1.0,0.0,0.0,2.25,3.4,3.5,2.21,3.34,3.73,2.09,3.42,4.03,2.23,3.31,3.34
6,2014/15,2014-08-16,West Ham,Tottenham,0.0,1.0,A,0.0,0.0,C Foy,18.0,10.0,4.0,4.0,8.0,5.0,12.0,10.0,1.0,0.0,1.0,1.0,3.8,3.6,2.05,3.96,3.55,2.06,3.92,3.67,2.03,3.74,3.43,2.03
7,2014/15,2014-08-17,Liverpool,Southampton,2.0,1.0,H,1.0,0.0,M Clattenburg,12.0,12.0,5.0,6.0,2.0,6.0,8.0,11.0,1.0,2.0,0.0,0.0,1.33,5.75,10.0,1.35,5.48,10.3,1.43,4.83,8.75,1.34,5.16,9.0
8,2014/15,2014-08-17,Newcastle,Man City,0.0,2.0,A,0.0,1.0,M Atkinson,12.0,13.0,0.0,5.0,3.0,3.0,8.0,11.0,1.0,5.0,0.0,0.0,5.25,4.33,1.67,5.8,4.28,1.63,5.55,4.38,1.63,5.24,4.0,1.64
9,2014/15,2014-08-18,Burnley,Chelsea,1.0,3.0,A,1.0,3.0,M Oliver,9.0,11.0,2.0,3.0,4.0,3.0,6.0,7.0,1.0,1.0,0.0,0.0,9.0,5.0,1.4,9.77,4.81,1.41,9.25,5.01,1.4,8.72,4.63,1.39
10,2014/15,2014-08-23,Aston Villa,Newcastle,0.0,0.0,D,0.0,0.0,M Dean,9.0,11.0,0.0,4.0,7.0,7.0,11.0,8.0,4.0,0.0,0.0,1.0,2.5,3.4,3.0,2.56,3.36,3.01,2.67,3.33,2.89,2.5,3.27,2.92
11,2014/15,2014-08-23,Chelsea,Leicester,2.0,0.0,H,0.0,0.0,L Mason,27.0,6.0,10.0,4.0,8.0,7.0,11.0,11.0,0.0,1.0,0.0,0.0,1.2,7.5,17.0,1.21,7.28,17.7,1.2,7.56,18.26,1.2,6.79,14.59
12,2014/15,2014-08-23,Crystal Palace,West Ham,1.0,3.0,A,0.0,2.0,M Clattenburg,9.0,17.0,4.0,8.0,6.0,9.0,14.0,11.0,1.0,3.0,0.0,0.0,2.5,3.3,3.1,2.44,3.25,3.3,2.62,3.42,2.94,2.44,3.18,3.07
13,2014/15,2014-08-23,Everton,Arsenal,2.0,2.0,D,2.0,0.0,K Friend,8.0,13.0,2.0,3.0,3.0,3.0,10.0,18.0,1.0,4.0,0.0,0.0,2.8,3.4,2.7,2.72,3.45,2.76,2.66,3.48,2.82,2.71,3.3,2.65
14,2014/15,2014-08-23,Southampton,West Brom,0.0,0.0,D,0.0,0.0,R East,8.0,8.0,2.0,2.0,1.0,5.0,14.0,15.0,1.0,2.0,0.0,0.0,1.85,3.7,4.75,1.86,3.76,4.62,1.68,4.07,5.63,1.86,3.52,4.43
15,2014/15,2014-08-23,Swansea,Burnley,1.0,0.0,H,1.0,0.0,C Pawson,10.0,12.0,5.0,1.0,2.0,3.0,14.0,13.0,2.0,1.0,0.0,0.0,1.65,4.0,6.0,1.64,4.13,5.98,1.68,3.89,5.99,1.64,3.83,5.65
16,2014/15,2014-08-24,Hull,Stoke,1.0,1.0,D,1.0,0.0,J Moss,9.0,19.0,2.0,3.0,4.0,5.0,10.0,10.0,1.0,3.0,1.0,0.0,2.5,3.25,3.2,2.48,3.18,3.31,2.46,3.24,3.28,2.44,3.16,3.1
17,2014/15,2014-08-24,Sunderland,Man United,1.0,1.0,D,1.0,1.0,M Atkinson,11.0,10.0,3.0,3.0,4.0,4.0,10.0,15.0,0.0,2.0,0.0,0.0,5.0,4.0,1.75,4.95,3.93,1.79,5.54,4.35,1.64,4.8,3.68,1.76
18,2014/15,2014-08-24,Tottenham,QPR,4.0,0.0,H,3.0,0.0,A Taylor,18.0,9.0,5.0,1.0,7.0,6.0,12.0,6.0,0.0,1.0,0.0,0.0,1.45,4.75,8.0,1.49,4.64,7.5,1.61,4.2,6.18,1.46,4.37,7.21
19,2014/15,2014-08-25,Man City,Liverpool,3.0,1.0,H,1.0,0.0,M Oliver,9.0,11.0,4.0,3.0,6.0,7.0,13.0,7.0,1.0,1.0,0.0,0.0,1.85,4.0,4.33,1.83,4.05,4.43,1.85,4.01,4.35,1.83,3.72,4.26
20,2014/15,2014-08-30,Burnley,Man United,0.0,0.0,D,0.0,0.0,C Foy,9.0,7.0,3.0,2.0,3.0,6.0,10.0,14.0,2.0,2.0,0.0,0.0,6.0,4.2,1.62,6.11,4.18,1.62,6.84,4.23,1.57,5.97,3.89,1.6
21,2014/15,2014-08-30,Everton,Chelsea,3.0,6.0,A,1.0,2.0,J Moss,17.0,12.0,7.0,8.0,8.0,2.0,7.0,16.0,1.0,3.0,0.0,0.0,3.75,3.3,2.2,3.79,3.33,2.19,4.36,3.49,1.98,3.56,3.31,2.15
22,2014/15,2014-08-30,Man City,Stoke,0.0,1.0,A,0.0,0.0,L Mason,16.0,7.0,2.0,2.0,11.0,4.0,14.0,5.0,2.0,1.0,0.0,0.0,1.18,8.0,18.0,1.2,7.8,17.95,1.23,7.14,14.99,1.19,7.04,15.58
23,2014/15,2014-08-30,Newcastle,Crystal Palace,3.0,3.0,D,1.0,1.0,M Jones,18.0,12.0,4.0,7.0,11.0,4.0,12.0,19.0,1.0,3.0,0.0,0.0,1.75,3.75,5.25,1.74,3.78,5.58,1.68,3.91,5.91,1.72,3.6,5.22
24,2014/15,2014-08-30,QPR,Sunderland,1.0,0.0,H,1.0,0.0,R Madley,18.0,16.0,5.0,6.0,4.0,6.0,8.0,9.0,1.0,2.0,0.0,0.0,2.4,3.25,3.3,2.43,3.23,3.35,2.56,3.28,3.05,2.41,3.17,3.13
25,2014/15,2014-08-30,Swansea,West Brom,3.0,0.0,H,2.0,0.0,P Tierney,15.0,16.0,8.0,2.0,0.0,7.0,10.0,8.0,1.0,2.0,0.0,0.0,1.85,3.6,4.75,1.88,3.66,4.67,2.02,3.5,4.16,1.85,3.51,4.47
26,2014/15,2014-08-30,West Ham,Southampton,1.0,3.0,A,1.0,1.0,M Dean,4.0,18.0,2.0,8.0,2.0,9.0,11.0,13.0,2.0,1.0,0.0,0.0,2.8,3.4,2.7,2.8,3.43,2.69,3.35,3.31,2.36,2.73,3.26,2.65
27,2014/15,2014-08-31,Aston Villa,Hull,2.0,1.0,H,2.0,0.0,M Clattenburg,11.0,9.0,4.0,3.0,3.0,7.0,9.0,10.0,1.0,4.0,0.0,0.0,2.3,3.3,3.5,2.33,3.16,3.63,2.53,3.17,3.24,2.25,3.15,3.47
28,2014/15,2014-08-31,Leicester,Arsenal,1.0,1.0,D,1.0,1.0,A Taylor,9.0,24.0,3.0,6.0,5.0,10.0,14.0,6.0,3.0,1.0,0.0,0.0,4.75,3.75,1.83,4.54,3.8,1.87,4.37,3.67,1.93,4.48,3.6,1.82
29,2014/15,2014-08-31,Tottenham,Liverpool,0.0,3.0,A,0.0,1.0,P Dowd,7.0,17.0,1.0,8.0,7.0,3.0,14.0,11.0,0.0,4.0,0.0,0.0,2.7,3.5,2.7,2.69,3.48,2.77,2.78,3.62,2.59,2.63,3.38,2.68
30,2014/15,2014-09-13,Arsenal,Man City,2.0,2.0,D,0.0,1.0,M Clattenburg,15.0,15.0,6.0,8.0,0.0,3.0,11.0,15.0,3.0,4.0,0.0,0.0,3.0,3.4,2.5,3.03,3.48,2.48,2.49,3.33,3.08,2.93,3.35,2.43
31,2014/15,2014-09-13,Chelsea,Swansea,4.0,2.0,H,1.0,1.0,K Friend,29.0,11.0,9.0,2.0,7.0,4.0,12.0,11.0,0.0,3.0,0.0,0.0,1.3,5.75,12.0,1.32,5.62,12.04,1.31,5.74,12.51,1.3,5.41,10.78
32,2014/15,2014-09-13,Crystal Palace,Burnley,0.0,0.0,D,0.0,0.0,M Dean,14.0,11.0,3.0,3.0,5.0,5.0,12.0,10.0,2.0,3.0,0.0,0.0,2.25,3.3,3.6,2.23,3.35,3.66,2.22,3.38,3.64,2.19,3.24,3.5
33,2014/15,2014-09-13,Liverpool,Aston Villa,0.0,1.0,A,0.0,1.0,L Mason,18.0,5.0,1.0,1.0,7.0,6.0,9.0,10.0,2.0,1.0,0.0,0.0,1.3,6.0,11.0,1.3,5.92,11.85,1.3,6.05,11.5,1.29,5.58,10.79
34,2014/15,2014-09-13,Southampton,Newcastle,4.0,0.0,H,2.0,0.0,C Foy,10.0,9.0,7.0,4.0,5.0,5.0,15.0,7.0,0.0,2.0,0.0,0.0,1.8,3.75,5.0,1.79,3.78,5.06,1.75,3.83,5.37,1.78,3.6,4.78
35,2014/15,2014-09-13,Stoke,Leicester,0.0,1.0,A,0.0,0.0,M Oliver,24.0,8.0,4.0,1.0,13.0,3.0,8.0,15.0,3.0,0.0,0.0,0.0,2.1,3.4,4.0,2.1,3.35,4.07,2.18,3.55,3.58,2.09,3.24,3.8
36,2014/15,2014-09-13,Sunderland,Tottenham,2.0,2.0,D,1.0,1.0,C Pawson,6.0,15.0,1.0,6.0,5.0,5.0,10.0,13.0,5.0,1.0,0.0,0.0,3.6,3.5,2.15,3.71,3.5,2.15,3.6,3.59,2.14,3.59,3.37,2.11
37,2014/15,2014-09-13,West Brom,Everton,0.0,2.0,A,0.0,1.0,A Taylor,11.0,11.0,1.0,4.0,9.0,1.0,12.0,8.0,2.0,3.0,0.0,0.0,3.5,3.5,2.2,3.57,3.48,2.21,3.64,3.54,2.15,3.45,3.37,2.15
38,2014/15,2014-09-14,Man United,QPR,4.0,0.0,H,3.0,0.0,P Dowd,19.0,9.0,9.0,2.0,3.0,1.0,11.0,8.0,1.0,0.0,0.0,0.0,1.29,6.25,12.0,1.27,6.33,13.29,1.27,6.43,13.3,1.27,5.72,11.51
39,2014/15,2014-09-15,Hull,West Ham,2.0,2.0,D,1.0,0.0,M Atkinson,11.0,16.0,6.0,4.0,3.0,10.0,12.0,7.0,3.0,1.0,0.0,0.0,2.15,3.4,3.75,2.15,3.33,3.91,2.18,3.36,3.72,2.13,3.28,3.63
40,2014/15,2014-09-20,Aston Villa,Arsenal,0.0,3.0,A,0.0,3.0,M Jones,6.0,9.0,2.0,3.0,5.0,5.0,11.0,9.0,1.0,3.0,0.0,0.0,4.75,3.6,1.85,4.71,3.63,1.88,5.18,3.77,1.78,4.6,3.53,1.82
41,2014/15,2014-09-20,Burnley,Sunderland,0.0,0.0,D,0.0,0.0,A Taylor,17.0,14.0,6.0,6.0,5.0,1.0,14.0,14.0,1.0,2.0,0.0,0.0,2.5,3.3,3.1,2.49,3.36,3.12,2.6,3.23,3.08,2.5,3.2,2.96
42,2014/15,2014-09-20,Newcastle,Hull,2.0,2.0,D,0.0,0.0,N Swarbrick,25.0,10.0,7.0,3.0,4.0,2.0,11.0,11.0,4.0,2.0,0.0,0.0,2.2,3.3,3.75,2.14,3.4,3.86,2.12,3.44,3.88,2.14,3.29,3.59
43,2014/15,2014-09-20,QPR,Stoke,2.0,2.0,D,1.0,1.0,M Atkinson,21.0,8.0,5.0,4.0,10.0,1.0,6.0,15.0,2.0,4.0,0.0,0.0,2.8,3.25,2.8,2.77,3.15,2.91,2.77,3.15,2.91,2.74,3.11,2.76
44,2014/15,2014-09-20,Swansea,Southampton,0.0,1.0,A,0.0,0.0,J Moss,5.0,11.0,2.0,4.0,2.0,4.0,11.0,15.0,0.0,4.0,1.0,0.0,2.5,3.3,3.1,2.46,3.34,3.18,2.72,3.43,2.77,2.45,3.29,2.97
45,2014/15,2014-09-20,West Ham,Liverpool,3.0,1.0,H,2.0,1.0,C Pawson,13.0,11.0,7.0,5.0,7.0,5.0,16.0,11.0,4.0,1.0,0.0,0.0,4.5,3.8,1.85,4.56,3.89,1.84,5.2,3.94,1.74,4.38,3.78,1.8
46,2014/15,2014-09-21,Everton,Crystal Palace,2.0,3.0,A,1.0,1.0,M Oliver,17.0,10.0,6.0,3.0,7.0,1.0,8.0,13.0,2.0,2.0,0.0,0.0,1.4,5.0,9.0,1.39,5.09,9.52,1.53,4.42,7.09,1.39,4.68,8.48
47,2014/15,2014-09-21,Leicester,Man United,5.0,3.0,H,1.0,2.0,M Clattenburg,15.0,16.0,5.0,5.0,2.0,4.0,11.0,9.0,1.0,1.0,0.0,1.0,5.5,4.2,1.67,5.64,4.23,1.65,5.43,3.94,1.72,5.39,3.98,1.64
48,2014/15,2014-09-21,Man City,Chelsea,1.0,1.0,D,0.0,0.0,M Dean,16.0,6.0,4.0,2.0,14.0,2.0,16.0,12.0,3.0,4.0,1.0,0.0,2.38,3.5,3.1,2.39,3.56,3.12,2.48,3.45,3.06,2.37,3.39,2.99
49,2014/15,2014-09-21,Tottenham,West Brom,0.0,1.0,A,0.0,0.0,K Friend,7.0,10.0,1.0,4.0,9.0,7.0,12.0,7.0,2.0,2.0,0.0,0.0,1.53,4.33,7.0,1.53,4.39,7.25,1.5,4.71,7.02,1.5,4.2,6.84
50,2014/15,2014-09-27,Arsenal,Tottenham,1.0,1.0,D,0.0,0.0,M Oliver,16.0,6.0,6.0,4.0,15.0,5.0,7.0,16.0,3.0,6.0,0.0,0.0,1.75,3.9,5.0,1.8,3.86,4.87,1.83,3.9,4.66,1.77,3.72,4.65
51,2014/15,2014-09-27,Chelsea,Aston Villa,3.0,0.0,H,1.0,0.0,P Dowd,17.0,7.0,8.0,1.0,9.0,2.0,11.0,9.0,2.0,2.0,0.0,0.0,1.22,7.0,16.0,1.22,7.05,16.5,1.22,7.16,16.94,1.21,6.5,14.22
52,2014/15,2014-09-27,Crystal Palace,Leicester,2.0,0.0,H,0.0,0.0,K Stroud,16.0,7.0,6.0,1.0,6.0,6.0,14.0,9.0,0.0,2.0,0.0,0.0,2.63,3.4,2.88,2.64,3.37,2.9,2.67,3.5,2.79,2.6,3.27,2.79
53,2014/15,2014-09-27,Hull,Man City,2.0,4.0,A,2.0,2.0,A Taylor,10.0,20.0,5.0,6.0,3.0,8.0,10.0,6.0,0.0,2.0,0.0,0.0,6.5,4.2,1.57,6.79,4.32,1.56,7.32,4.81,1.48,6.34,4.03,1.55
54,2014/15,2014-09-27,Liverpool,Everton,1.0,1.0,D,0.0,0.0,M Atkinson,24.0,11.0,8.0,5.0,8.0,2.0,8.0,9.0,2.0,1.0,0.0,0.0,1.91,3.75,4.33,1.96,3.81,4.04,1.92,3.69,4.38,1.91,3.63,4.0
55,2014/15,2014-09-27,Man United,West Ham,2.0,1.0,H,2.0,1.0,L Mason,8.0,13.0,3.0,4.0,7.0,10.0,10.0,12.0,1.0,3.0,1.0,0.0,1.4,5.5,8.0,1.39,5.44,8.41,1.32,6.48,9.24,1.38,5.08,7.84
56,2014/15,2014-09-27,Southampton,QPR,2.0,1.0,H,0.0,0.0,M Clattenburg,19.0,10.0,9.0,2.0,6.0,3.0,12.0,11.0,2.0,1.0,0.0,0.0,1.44,4.6,8.5,1.47,4.63,8.14,1.57,4.34,6.61,1.44,4.42,7.77
57,2014/15,2014-09-27,Sunderland,Swansea,0.0,0.0,D,0.0,0.0,C Foy,15.0,7.0,3.0,1.0,10.0,1.0,13.0,15.0,2.0,1.0,0.0,1.0,2.9,3.3,2.63,2.96,3.23,2.69,2.88,3.36,2.67,2.79,3.21,2.62
58,2014/15,2014-09-28,West Brom,Burnley,4.0,0.0,H,2.0,0.0,J Moss,20.0,10.0,6.0,2.0,10.0,2.0,7.0,9.0,1.0,2.0,0.0,0.0,2.0,3.5,4.2,2.01,3.46,4.29,1.92,3.46,4.79,1.98,3.37,4.02
59,2014/15,2014-09-29,Stoke,Newcastle,1.0,0.0,H,1.0,0.0,C Pawson,12.0,16.0,3.0,1.0,2.0,10.0,20.0,15.0,1.0,2.0,0.0,0.0,2.15,3.4,3.8,2.13,3.42,3.86,2.17,3.37,3.8,2.1,3.32,3.64
60,2014/15,2014-10-04,Aston Villa,Man City,0.0,2.0,A,0.0,0.0,C Foy,6.0,27.0,1.0,7.0,0.0,7.0,4.0,6.0,0.0,1.0,0.0,0.0,7.5,4.5,1.5,8.05,4.57,1.48,8.7,5.0,1.42,7.25,4.2,1.48
61,2014/15,2014-10-04,Hull,Crystal Palace,2.0,0.0,H,0.0,0.0,M Dean,15.0,11.0,2.0,2.0,6.0,7.0,6.0,14.0,1.0,2.0,0.0,0.0,2.1,3.5,3.8,2.12,3.44,3.89,2.18,3.45,3.67,2.07,3.34,3.72
62,2014/15,2014-10-04,Leicester,Burnley,2.0,2.0,D,2.0,1.0,P Dowd,15.0,10.0,6.0,4.0,9.0,3.0,16.0,12.0,2.0,2.0,0.0,0.0,1.8,3.75,5.0,1.79,3.72,5.16,1.72,4.05,5.2,1.78,3.57,4.8
63,2014/15,2014-10-04,Liverpool,West Brom,2.0,1.0,H,1.0,0.0,M Oliver,19.0,8.0,7.0,4.0,5.0,5.0,12.0,15.0,2.0,2.0,0.0,0.0,1.44,5.0,7.5,1.46,4.78,7.95,1.48,4.69,7.7,1.43,4.63,7.36
64,2014/15,2014-10-04,Sunderland,Stoke,3.0,1.0,H,2.0,1.0,N Swarbrick,8.0,11.0,3.0,5.0,7.0,4.0,10.0,17.0,3.0,4.0,0.0,0.0,2.55,3.25,3.1,2.55,3.23,3.14,2.67,3.25,2.96,2.5,3.17,2.97
65,2014/15,2014-10-04,Swansea,Newcastle,2.0,2.0,D,1.0,1.0,L Mason,11.0,9.0,5.0,4.0,3.0,1.0,11.0,15.0,1.0,3.0,0.0,0.0,1.91,3.7,4.33,1.92,3.65,4.44,2.02,3.61,4.0,1.87,3.52,4.31
66,2014/15,2014-10-05,Chelsea,Arsenal,2.0,0.0,H,1.0,0.0,M Atkinson,5.0,10.0,3.0,0.0,2.0,2.0,14.0,10.0,4.0,3.0,0.0,0.0,1.67,4.2,5.25,1.67,4.1,5.64,1.72,3.99,5.3,1.66,3.83,5.4
67,2014/15,2014-10-05,Man United,Everton,2.0,1.0,H,1.0,0.0,K Friend,15.0,10.0,4.0,6.0,11.0,6.0,18.0,11.0,4.0,3.0,0.0,0.0,1.67,4.2,5.25,1.66,4.19,5.62,1.59,4.48,5.96,1.65,3.9,5.26
68,2014/15,2014-10-05,Tottenham,Southampton,1.0,0.0,H,1.0,0.0,M Jones,9.0,7.0,4.0,3.0,10.0,5.0,15.0,9.0,2.0,1.0,0.0,0.0,2.2,3.5,3.5,2.16,3.45,3.73,2.45,3.48,3.08,2.15,3.36,3.47
69,2014/15,2014-10-05,West Ham,QPR,2.0,0.0,H,1.0,0.0,A Taylor,11.0,10.0,3.0,3.0,7.0,5.0,10.0,11.0,2.0,2.0,0.0,0.0,1.91,3.6,4.5,1.91,3.61,4.56,1.89,3.67,4.55,1.9,3.48,4.23
70,2014/15,2014-10-18,Arsenal,Hull,2.0,2.0,D,1.0,1.0,R East,25.0,4.0,9.0,4.0,10.0,0.0,9.0,13.0,2.0,2.0,0.0,0.0,1.4,5.0,9.0,1.44,4.87,8.39,1.42,4.96,8.7,1.41,4.67,8.03
71,2014/15,2014-10-18,Burnley,West Ham,1.0,3.0,A,0.0,0.0,K Friend,17.0,22.0,3.0,6.0,5.0,7.0,3.0,10.0,0.0,1.0,0.0,0.0,2.8,3.4,2.7,2.83,3.37,2.7,2.73,3.46,2.75,2.75,3.29,2.63
72,2014/15,2014-10-18,Crystal Palace,Chelsea,1.0,2.0,A,0.0,1.0,C Pawson,7.0,14.0,4.0,5.0,3.0,2.0,13.0,7.0,1.0,1.0,1.0,1.0,8.5,4.75,1.44,8.5,4.68,1.45,9.03,4.52,1.45,7.96,4.51,1.43
73,2014/15,2014-10-18,Everton,Aston Villa,3.0,0.0,H,1.0,0.0,A Taylor,15.0,10.0,6.0,2.0,3.0,4.0,11.0,16.0,2.0,2.0,0.0,0.0,1.6,4.0,6.5,1.56,4.29,6.76,1.53,4.7,6.56,1.58,3.96,6.2
74,2014/15,2014-10-18,Man City,Tottenham,4.0,1.0,H,2.0,1.0,J Moss,20.0,19.0,12.0,7.0,3.0,4.0,11.0,9.0,1.0,2.0,0.0,1.0,1.45,4.75,8.0,1.47,4.79,7.77,1.48,4.98,7.03,1.46,4.49,7.29
75,2014/15,2014-10-18,Newcastle,Leicester,1.0,0.0,H,0.0,0.0,M Atkinson,19.0,7.0,6.0,2.0,10.0,7.0,13.0,15.0,0.0,3.0,0.0,0.0,2.25,3.6,3.3,2.25,3.59,3.31,2.13,3.57,3.73,2.19,3.45,3.31
76,2014/15,2014-10-18,Southampton,Sunderland,8.0,0.0,H,3.0,0.0,A Marriner,20.0,12.0,11.0,1.0,5.0,6.0,11.0,8.0,1.0,3.0,0.0,0.0,1.57,4.0,7.0,1.59,4.12,6.79,1.53,4.5,7.0,1.57,3.88,6.56
77,2014/15,2014-10-19,QPR,Liverpool,2.0,3.0,A,0.0,0.0,P Dowd,15.0,15.0,6.0,5.0,7.0,2.0,10.0,15.0,2.0,3.0,0.0,0.0,6.0,4.2,1.6,6.52,4.3,1.58,6.85,4.32,1.56,5.98,4.03,1.58
78,2014/15,2014-10-19,Stoke,Swansea,2.0,1.0,H,1.0,1.0,M Oliver,17.0,13.0,3.0,5.0,3.0,5.0,17.0,7.0,4.0,1.0,0.0,0.0,2.5,3.3,3.1,2.55,3.31,3.07,2.38,3.31,3.35,2.46,3.24,2.99
79,2014/15,2014-10-20,West Brom,Man United,2.0,2.0,D,1.0,0.0,M Dean,8.0,22.0,2.0,7.0,0.0,11.0,6.0,8.0,1.0,2.0,0.0,0.0,5.0,4.0,1.75,5.05,3.97,1.75,4.83,3.94,1.79,4.83,3.83,1.73
80,2014/15,2014-10-25,Liverpool,Hull,0.0,0.0,D,0.0,0.0,N Swarbrick,17.0,6.0,4.0,3.0,14.0,1.0,12.0,17.0,3.0,2.0,0.0,0.0,1.44,4.75,8.0,1.44,4.84,8.29,1.4,5.25,8.65,1.43,4.55,7.75
81,2014/15,2014-10-25,Southampton,Stoke,1.0,0.0,H,1.0,0.0,J Moss,20.0,8.0,2.0,1.0,6.0,3.0,10.0,12.0,0.0,2.0,0.0,0.0,1.65,4.0,6.0,1.65,4.1,5.94,1.61,4.15,6.4,1.6,3.88,5.99
82,2014/15,2014-10-25,Sunderland,Arsenal,0.0,2.0,A,0.0,1.0,K Friend,11.0,15.0,3.0,5.0,3.0,3.0,11.0,9.0,3.0,3.0,0.0,0.0,5.5,3.8,1.73,5.21,3.95,1.74,4.75,3.76,1.84,5.05,3.7,1.72
83,2014/15,2014-10-25,Swansea,Leicester,2.0,0.0,H,1.0,0.0,M Jones,7.0,9.0,3.0,4.0,2.0,2.0,7.0,10.0,0.0,0.0,0.0,0.0,1.95,3.7,4.2,1.92,3.72,4.37,1.84,3.76,4.74,1.9,3.53,4.13
84,2014/15,2014-10-25,West Brom,Crystal Palace,2.0,2.0,D,0.0,2.0,M Clattenburg,17.0,8.0,4.0,6.0,6.0,3.0,14.0,8.0,3.0,1.0,0.0,0.0,1.91,3.6,4.5,1.89,3.62,4.65,1.85,3.81,4.61,1.88,3.46,4.37
85,2014/15,2014-10-25,West Ham,Man City,2.0,1.0,H,1.0,0.0,M Atkinson,12.0,21.0,4.0,5.0,4.0,8.0,12.0,14.0,2.0,1.0,0.0,0.0,6.5,4.5,1.55,6.66,4.71,1.52,6.53,4.66,1.53,6.07,4.34,1.53
86,2014/15,2014-10-26,Burnley,Everton,1.0,3.0,A,1.0,2.0,A Marriner,14.0,15.0,3.0,6.0,5.0,4.0,12.0,7.0,4.0,2.0,0.0,0.0,4.75,3.75,1.83,4.49,3.81,1.87,4.2,3.48,2.02,4.46,3.56,1.83
87,2014/15,2014-10-26,Man United,Chelsea,1.0,1.0,D,0.0,0.0,P Dowd,19.0,9.0,7.0,4.0,4.0,7.0,13.0,14.0,3.0,5.0,0.0,1.0,2.88,3.6,2.5,2.92,3.5,2.55,2.86,3.35,2.68,2.84,3.38,2.48
88,2014/15,2014-10-26,Tottenham,Newcastle,1.0,2.0,A,1.0,0.0,A Taylor,17.0,8.0,2.0,2.0,10.0,2.0,9.0,12.0,2.0,4.0,0.0,0.0,1.75,3.9,5.0,1.76,3.93,5.03,1.56,4.45,6.6,1.74,3.74,4.78
89,2014/15,2014-10-27,QPR,Aston Villa,2.0,0.0,H,1.0,0.0,L Mason,11.0,15.0,4.0,6.0,2.0,4.0,11.0,14.0,0.0,2.0,0.0,0.0,2.38,3.25,3.4,2.33,3.32,3.45,2.31,3.33,3.46,2.33,3.2,3.23
90,2014/15,2014-11-01,Arsenal,Burnley,3.0,0.0,H,0.0,0.0,C Pawson,32.0,6.0,13.0,2.0,18.0,1.0,5.0,9.0,0.0,1.0,0.0,0.0,1.25,6.5,14.0,1.28,6.21,13.23,1.25,6.64,13.94,1.27,5.81,11.61
91,2014/15,2014-11-01,Chelsea,QPR,2.0,1.0,H,1.0,0.0,M Jones,18.0,7.0,8.0,1.0,13.0,2.0,8.0,12.0,0.0,0.0,0.0,0.0,1.17,8.5,21.0,1.19,7.8,19.99,1.16,8.72,21.42,1.17,7.6,16.97
92,2014/15,2014-11-01,Everton,Swansea,0.0,0.0,D,0.0,0.0,K Friend,17.0,8.0,3.0,0.0,11.0,0.0,10.0,15.0,2.0,3.0,0.0,1.0,1.75,3.8,5.25,1.74,3.85,5.39,1.92,3.6,4.52,1.72,3.64,5.15
93,2014/15,2014-11-01,Hull,Southampton,0.0,1.0,A,0.0,1.0,M Atkinson,8.0,10.0,1.0,3.0,7.0,4.0,6.0,9.0,1.0,0.0,0.0,0.0,3.8,3.6,2.05,4.01,3.61,2.03,4.28,3.83,1.9,3.85,3.42,2.01
94,2014/15,2014-11-01,Leicester,West Brom,0.0,1.0,A,0.0,0.0,S Attwell,14.0,8.0,5.0,3.0,8.0,3.0,5.0,12.0,0.0,1.0,0.0,0.0,2.3,3.5,3.3,2.35,3.46,3.27,2.51,3.48,2.99,2.27,3.37,3.2
95,2014/15,2014-11-01,Newcastle,Liverpool,1.0,0.0,H,0.0,0.0,A Marriner,14.0,6.0,3.0,3.0,7.0,2.0,13.0,8.0,4.0,3.0,0.0,0.0,3.8,3.75,2.0,3.77,3.74,2.05,3.55,3.65,2.15,3.72,3.54,2.01
96,2014/15,2014-11-01,Stoke,West Ham,2.0,2.0,D,1.0,0.0,C Foy,21.0,10.0,6.0,2.0,9.0,2.0,14.0,13.0,1.0,1.0,0.0,0.0,2.38,3.4,3.25,2.42,3.37,3.22,2.42,3.33,3.26,2.36,3.29,3.12
97,2014/15,2014-11-02,Aston Villa,Tottenham,1.0,2.0,A,1.0,0.0,N Swarbrick,12.0,18.0,1.0,7.0,3.0,9.0,12.0,11.0,3.0,3.0,1.0,0.0,3.75,3.6,2.1,3.89,3.53,2.08,4.38,3.66,1.93,3.72,3.4,2.05
98,2014/15,2014-11-02,Man City,Man United,1.0,0.0,H,0.0,0.0,M Oliver,16.0,9.0,6.0,2.0,7.0,4.0,15.0,9.0,3.0,1.0,0.0,1.0,1.91,3.75,4.33,1.9,3.81,4.33,2.02,3.67,3.91,1.88,3.65,4.07
99,2014/15,2014-11-03,Crystal Palace,Sunderland,1.0,3.0,A,0.0,1.0,P Dowd,9.0,8.0,1.0,7.0,11.0,2.0,12.0,19.0,0.0,3.0,1.0,0.0,2.1,3.5,3.8,2.08,3.48,3.96,2.11,3.44,3.91,2.07,3.35,3.73
100,2014/15,2014-11-08,Burnley,Hull,1.0,0.0,H,0.0,0.0,M Clattenburg,14.0,12.0,3.0,1.0,7.0,1.0,17.0,17.0,6.0,4.0,0.0,0.0,2.5,3.4,3.0,2.52,3.36,3.07,2.54,3.33,3.06,2.49,3.28,2.91
101,2014/15,2014-11-08,Liverpool,Chelsea,1.0,2.0,A,1.0,1.0,A Taylor,12.0,15.0,4.0,5.0,5.0,7.0,9.0,12.0,2.0,5.0,0.0,0.0,3.4,3.4,2.3,3.36,3.46,2.31,3.46,3.5,2.26,3.27,3.32,2.26
102,2014/15,2014-11-08,Man United,Crystal Palace,1.0,0.0,H,0.0,0.0,C Foy,23.0,6.0,5.0,1.0,11.0,4.0,8.0,12.0,1.0,3.0,0.0,0.0,1.3,6.0,11.0,1.3,5.87,12.0,1.31,6.05,10.7,1.3,5.53,10.42
103,2014/15,2014-11-08,QPR,Man City,2.0,2.0,D,1.0,1.0,M Dean,17.0,23.0,4.0,6.0,7.0,7.0,9.0,10.0,4.0,2.0,0.0,0.0,7.0,4.75,1.5,7.14,4.73,1.5,6.72,4.84,1.51,6.74,4.5,1.47
104,2014/15,2014-11-08,Southampton,Leicester,2.0,0.0,H,0.0,0.0,M Oliver,18.0,5.0,6.0,0.0,13.0,4.0,10.0,12.0,2.0,2.0,0.0,0.0,1.44,4.75,8.0,1.44,4.83,8.54,1.46,4.94,7.53,1.43,4.5,7.92
105,2014/15,2014-11-08,West Ham,Aston Villa,0.0,0.0,D,0.0,0.0,J Moss,21.0,12.0,5.0,4.0,13.0,2.0,9.0,10.0,0.0,3.0,0.0,0.0,1.75,3.75,5.5,1.75,3.73,5.52,1.7,3.97,5.5,1.72,3.64,5.19
106,2014/15,2014-11-09,Sunderland,Everton,1.0,1.0,D,0.0,0.0,L Mason,10.0,16.0,3.0,7.0,5.0,4.0,11.0,13.0,1.0,2.0,0.0,0.0,4.0,3.5,2.05,4.07,3.48,2.05,3.92,3.51,2.09,3.82,3.4,2.02
107,2014/15,2014-11-09,Swansea,Arsenal,2.0,1.0,H,0.0,0.0,P Dowd,11.0,12.0,5.0,4.0,6.0,10.0,10.0,16.0,5.0,5.0,0.0,0.0,3.75,3.5,2.1,3.59,3.5,2.19,4.1,3.65,1.99,3.5,3.36,2.14
108,2014/15,2014-11-09,Tottenham,Stoke,1.0,2.0,A,0.0,2.0,M Jones,14.0,11.0,4.0,4.0,5.0,5.0,20.0,13.0,3.0,2.0,1.0,0.0,1.7,4.0,5.5,1.69,3.91,5.81,1.88,3.55,4.8,1.67,3.72,5.48
109,2014/15,2014-11-09,West Brom,Newcastle,0.0,2.0,A,0.0,1.0,C Pawson,10.0,8.0,2.0,3.0,7.0,4.0,12.0,6.0,0.0,0.0,0.0,0.0,2.3,3.5,3.3,2.26,3.45,3.47,2.12,3.49,3.81,2.26,3.34,3.26
110,2014/15,2014-11-22,Arsenal,Man United,1.0,2.0,A,0.0,0.0,M Dean,23.0,12.0,9.0,2.0,11.0,5.0,12.0,8.0,2.0,1.0,0.0,0.0,2.15,3.6,3.5,2.16,3.67,3.51,2.0,3.77,3.88,2.15,3.46,3.4
111,2014/15,2014-11-22,Chelsea,West Brom,2.0,0.0,H,2.0,0.0,L Mason,21.0,5.0,8.0,1.0,15.0,0.0,7.0,9.0,1.0,0.0,0.0,1.0,1.25,6.5,15.0,1.24,6.64,15.21,1.22,6.95,17.0,1.23,6.22,13.88
112,2014/15,2014-11-22,Everton,West Ham,2.0,1.0,H,1.0,0.0,M Clattenburg,14.0,14.0,4.0,3.0,1.0,5.0,10.0,13.0,2.0,3.0,0.0,0.0,1.85,3.8,4.5,1.85,3.82,4.59,1.63,4.39,5.54,1.83,3.6,4.46
113,2014/15,2014-11-22,Leicester,Sunderland,0.0,0.0,D,0.0,0.0,R Madley,13.0,10.0,4.0,5.0,6.0,9.0,18.0,12.0,2.0,3.0,0.0,0.0,2.1,3.5,3.8,2.1,3.51,3.87,1.97,3.7,4.12,2.1,3.34,3.69
114,2014/15,2014-11-22,Man City,Swansea,2.0,1.0,H,1.0,1.0,N Swarbrick,23.0,8.0,10.0,3.0,7.0,3.0,13.0,9.0,2.0,1.0,0.0,0.0,1.4,5.25,8.5,1.39,5.36,8.85,1.36,5.68,9.3,1.37,5.01,8.24
115,2014/15,2014-11-22,Newcastle,QPR,1.0,0.0,H,0.0,0.0,C Foy,14.0,13.0,6.0,4.0,16.0,7.0,12.0,15.0,2.0,3.0,0.0,0.0,1.83,3.75,4.75,1.85,3.71,4.75,1.82,3.73,4.92,1.82,3.55,4.56
116,2014/15,2014-11-22,Stoke,Burnley,1.0,2.0,A,1.0,2.0,M Atkinson,25.0,5.0,4.0,4.0,14.0,0.0,10.0,9.0,2.0,2.0,0.0,0.0,1.7,3.8,5.75,1.68,3.89,5.9,1.65,3.74,6.72,1.69,3.66,5.49
117,2014/15,2014-11-23,Crystal Palace,Liverpool,3.0,1.0,H,1.0,1.0,J Moss,15.0,12.0,5.0,1.0,4.0,3.0,21.0,10.0,1.0,2.0,0.0,0.0,4.33,3.7,1.91,4.65,3.74,1.86,4.25,3.6,1.97,4.41,3.5,1.86
118,2014/15,2014-11-23,Hull,Tottenham,1.0,2.0,A,1.0,0.0,C Pawson,10.0,23.0,2.0,6.0,3.0,9.0,15.0,9.0,3.0,1.0,1.0,0.0,3.6,3.4,2.2,3.72,3.46,2.16,3.37,3.44,2.32,3.48,3.33,2.16
119,2014/15,2014-11-24,Aston Villa,Southampton,1.0,1.0,D,1.0,0.0,P Dowd,7.0,15.0,1.0,4.0,2.0,8.0,15.0,17.0,1.0,2.0,0.0,0.0,5.25,3.75,1.75,5.54,3.79,1.74,5.79,4.08,1.66,5.02,3.59,1.74
120,2014/15,2014-11-29,Burnley,Aston Villa,1.0,1.0,D,0.0,1.0,G Scott,11.0,18.0,4.0,7.0,1.0,5.0,8.0,8.0,3.0,4.0,0.0,0.0,2.15,3.4,3.75,2.15,3.38,3.85,2.35,3.29,3.44,2.14,3.28,3.58
121,2014/15,2014-11-29,Liverpool,Stoke,1.0,0.0,H,0.0,0.0,C Pawson,16.0,13.0,3.0,4.0,5.0,5.0,11.0,9.0,0.0,3.0,0.0,0.0,1.73,4.0,5.0,1.74,3.91,5.31,1.72,3.94,5.36,1.69,3.77,5.11
122,2014/15,2014-11-29,Man United,Hull,3.0,0.0,H,2.0,0.0,A Taylor,12.0,4.0,6.0,2.0,7.0,0.0,12.0,12.0,2.0,2.0,0.0,0.0,1.33,5.75,10.0,1.33,5.65,10.75,1.38,5.35,9.3,1.31,5.36,9.7
123,2014/15,2014-11-29,QPR,Leicester,3.0,2.0,H,2.0,1.0,R East,32.0,19.0,6.0,5.0,11.0,5.0,8.0,17.0,3.0,2.0,0.0,0.0,2.38,3.4,3.25,2.32,3.41,3.38,2.53,3.34,3.08,2.29,3.3,3.22
124,2014/15,2014-11-29,Sunderland,Chelsea,0.0,0.0,D,0.0,0.0,K Friend,12.0,24.0,3.0,6.0,2.0,8.0,13.0,10.0,3.0,2.0,0.0,0.0,9.0,5.0,1.4,10.2,5.12,1.38,8.9,5.5,1.38,8.91,4.69,1.38
125,2014/15,2014-11-29,Swansea,Crystal Palace,1.0,1.0,D,1.0,1.0,M Atkinson,18.0,11.0,4.0,5.0,4.0,6.0,6.0,12.0,0.0,2.0,0.0,0.0,1.8,3.75,5.0,1.81,3.73,5.04,1.9,3.53,4.77,1.78,3.57,4.8
126,2014/15,2014-11-29,West Brom,Arsenal,0.0,1.0,A,0.0,0.0,C Foy,9.0,17.0,1.0,5.0,4.0,4.0,9.0,10.0,2.0,1.0,0.0,0.0,4.5,3.8,1.85,4.68,3.7,1.86,4.97,3.79,1.8,4.46,3.56,1.83
127,2014/15,2014-11-29,West Ham,Newcastle,1.0,0.0,H,0.0,0.0,M Dean,12.0,7.0,3.0,1.0,6.0,2.0,9.0,16.0,3.0,2.0,0.0,1.0,2.15,3.5,3.6,2.12,3.54,3.76,2.31,3.41,3.4,2.12,3.34,3.56
128,2014/15,2014-11-30,Southampton,Man City,0.0,3.0,A,0.0,0.0,M Jones,13.0,15.0,4.0,6.0,8.0,6.0,10.0,13.0,1.0,2.0,0.0,1.0,3.2,3.6,2.3,3.08,3.5,2.44,2.93,3.45,2.57,3.1,3.35,2.33
129,2014/15,2014-11-30,Tottenham,Everton,2.0,1.0,H,2.0,1.0,M Oliver,13.0,10.0,6.0,5.0,3.0,4.0,15.0,5.0,5.0,1.0,0.0,0.0,2.25,3.6,3.25,2.24,3.58,3.39,2.25,3.53,3.43,2.26,3.39,3.21
130,2014/15,2014-12-02,Burnley,Newcastle,1.0,1.0,D,1.0,0.0,P Dowd,12.0,11.0,2.0,4.0,2.0,5.0,12.0,12.0,2.0,2.0,0.0,0.0,2.8,3.3,2.75,2.87,3.29,2.72,2.92,3.33,2.65,2.78,3.23,2.65
131,2014/15,2014-12-02,Crystal Palace,Aston Villa,0.0,1.0,A,0.0,1.0,M Oliver,17.0,5.0,5.0,3.0,8.0,2.0,16.0,15.0,2.0,2.0,0.0,0.0,2.1,3.4,4.0,2.08,3.42,4.05,2.06,3.45,4.06,2.06,3.32,3.86
132,2014/15,2014-12-02,Leicester,Liverpool,1.0,3.0,A,1.0,1.0,L Mason,20.0,11.0,4.0,3.0,7.0,4.0,11.0,10.0,1.0,2.0,1.0,0.0,3.8,3.6,2.05,3.8,3.58,2.09,4.13,3.6,2.0,3.71,3.47,2.05
133,2014/15,2014-12-02,Man United,Stoke,2.0,1.0,H,1.0,1.0,J Moss,10.0,5.0,3.0,4.0,2.0,2.0,8.0,13.0,2.0,4.0,0.0,0.0,1.45,4.5,8.5,1.44,4.7,8.65,1.61,4.1,6.49,1.44,4.45,7.9
134,2014/15,2014-12-02,Swansea,QPR,2.0,0.0,H,0.0,0.0,K Friend,18.0,5.0,7.0,1.0,9.0,2.0,8.0,12.0,2.0,2.0,0.0,0.0,1.73,3.8,5.5,1.72,3.96,5.38,1.68,4.11,5.48,1.71,3.7,5.18
135,2014/15,2014-12-02,West Brom,West Ham,1.0,2.0,A,1.0,2.0,M Jones,23.0,11.0,5.0,6.0,7.0,3.0,11.0,17.0,2.0,1.0,0.0,0.0,2.5,3.4,3.0,2.54,3.33,3.06,2.44,3.35,3.21,2.46,3.28,2.99
136,2014/15,2014-12-03,Arsenal,Southampton,1.0,0.0,H,0.0,0.0,A Marriner,19.0,6.0,8.0,1.0,9.0,4.0,7.0,14.0,0.0,2.0,0.0,0.0,1.8,3.75,5.0,1.78,3.86,5.02,1.8,3.73,5.07,1.77,3.64,4.76
137,2014/15,2014-12-03,Chelsea,Tottenham,3.0,0.0,H,2.0,0.0,M Dean,12.0,10.0,8.0,2.0,1.0,6.0,9.0,9.0,1.0,1.0,0.0,0.0,1.4,5.0,9.0,1.44,4.93,8.02,1.46,4.87,7.6,1.41,4.67,8.05
138,2014/15,2014-12-03,Everton,Hull,1.0,1.0,D,1.0,0.0,R Madley,13.0,8.0,5.0,1.0,6.0,4.0,8.0,12.0,1.0,1.0,0.0,0.0,1.53,4.33,7.0,1.5,4.41,7.8,1.54,4.42,6.83,1.51,4.1,6.83
139,2014/15,2014-12-03,Sunderland,Man City,1.0,4.0,A,1.0,2.0,C Pawson,8.0,15.0,2.0,4.0,2.0,0.0,9.0,8.0,1.0,1.0,0.0,0.0,7.5,4.5,1.5,7.23,4.67,1.5,7.0,4.87,1.49,6.8,4.33,1.49
140,2014/15,2014-12-06,Hull,West Brom,0.0,0.0,D,0.0,0.0,M Oliver,12.0,6.0,2.0,3.0,3.0,2.0,10.0,16.0,1.0,1.0,0.0,0.0,2.45,3.3,3.2,2.4,3.29,3.33,2.45,3.25,3.28,2.39,3.22,3.1
141,2014/15,2014-12-06,Liverpool,Sunderland,0.0,0.0,D,0.0,0.0,N Swarbrick,15.0,7.0,2.0,1.0,5.0,7.0,12.0,15.0,1.0,3.0,0.0,0.0,1.5,4.5,7.5,1.52,4.46,7.25,1.49,4.68,7.45,1.49,4.23,7.0
142,2014/15,2014-12-06,Man City,Everton,1.0,0.0,H,1.0,0.0,A Marriner,19.0,9.0,3.0,2.0,11.0,7.0,8.0,11.0,3.0,3.0,0.0,0.0,1.5,4.75,7.0,1.52,4.75,6.68,1.45,5.02,7.6,1.5,4.44,6.46
143,2014/15,2014-12-06,Newcastle,Chelsea,2.0,1.0,H,0.0,0.0,M Atkinson,9.0,26.0,3.0,8.0,1.0,10.0,8.0,6.0,2.0,3.0,1.0,0.0,7.0,4.33,1.53,6.88,4.37,1.55,6.4,4.19,1.6,6.64,4.08,1.53
144,2014/15,2014-12-06,QPR,Burnley,2.0,0.0,H,0.0,0.0,J Moss,11.0,15.0,6.0,3.0,3.0,11.0,12.0,12.0,1.0,1.0,1.0,0.0,2.05,3.5,4.0,2.08,3.38,4.1,2.0,3.5,4.22,2.04,3.37,3.81
145,2014/15,2014-12-06,Stoke,Arsenal,3.0,2.0,H,3.0,0.0,A Taylor,13.0,15.0,4.0,6.0,3.0,9.0,17.0,14.0,3.0,2.0,0.0,1.0,4.0,3.6,2.0,4.2,3.48,2.02,3.7,3.46,2.16,3.97,3.45,1.97
146,2014/15,2014-12-06,Tottenham,Crystal Palace,0.0,0.0,D,0.0,0.0,L Mason,14.0,16.0,3.0,4.0,2.0,12.0,11.0,10.0,1.0,0.0,0.0,0.0,1.6,4.2,6.0,1.62,4.19,6.13,1.65,4.04,5.95,1.59,3.95,5.89
147,2014/15,2014-12-07,Aston Villa,Leicester,2.0,1.0,H,1.0,1.0,C Pawson,16.0,10.0,7.0,4.0,5.0,5.0,9.0,14.0,4.0,4.0,0.0,1.0,2.4,3.4,3.2,2.37,3.4,3.28,2.51,3.36,3.08,2.34,3.3,3.13
148,2014/15,2014-12-07,West Ham,Swansea,3.0,1.0,H,1.0,1.0,C Foy,15.0,11.0,7.0,2.0,7.0,4.0,11.0,18.0,0.0,1.0,0.0,1.0,2.35,3.4,3.25,2.42,3.43,3.17,2.43,3.38,3.18,2.35,3.32,3.09
149,2014/15,2014-12-08,Southampton,Man United,1.0,2.0,A,1.0,1.0,K Friend,15.0,3.0,4.0,2.0,5.0,1.0,12.0,9.0,2.0,1.0,0.0,0.0,2.8,3.4,2.7,2.8,3.45,2.68,2.86,3.47,2.62,2.73,3.33,2.61
150,2014/15,2014-12-13,Arsenal,Newcastle,4.0,1.0,H,1.0,0.0,L Mason,17.0,10.0,4.0,4.0,9.0,6.0,14.0,15.0,2.0,2.0,0.0,0.0,1.44,4.75,8.0,1.45,4.95,7.88,1.42,5.4,7.7,1.43,4.56,7.62
151,2014/15,2014-12-13,Burnley,Southampton,1.0,0.0,H,0.0,0.0,M Clattenburg,7.0,15.0,2.0,4.0,2.0,5.0,15.0,11.0,1.0,3.0,0.0,0.0,5.5,3.75,1.73,5.55,3.8,1.74,4.75,3.67,1.86,5.06,3.61,1.74
152,2014/15,2014-12-13,Chelsea,Hull,2.0,0.0,H,1.0,0.0,C Foy,12.0,8.0,3.0,0.0,5.0,4.0,13.0,13.0,3.0,3.0,0.0,1.0,1.18,8.0,18.0,1.18,7.92,20.96,1.18,8.0,22.0,1.17,7.32,17.12
153,2014/15,2014-12-13,Crystal Palace,Stoke,1.0,1.0,D,1.0,1.0,K Friend,10.0,7.0,3.0,3.0,9.0,8.0,12.0,11.0,2.0,0.0,0.0,0.0,2.6,3.25,3.0,2.57,3.29,3.06,2.54,3.23,3.16,2.53,3.18,2.93
154,2014/15,2014-12-13,Leicester,Man City,0.0,1.0,A,0.0,1.0,J Moss,7.0,9.0,1.0,4.0,8.0,2.0,15.0,13.0,0.0,2.0,0.0,0.0,7.0,4.75,1.5,6.77,4.74,1.51,7.1,4.63,1.51,6.55,4.52,1.48
155,2014/15,2014-12-13,Sunderland,West Ham,1.0,1.0,D,1.0,1.0,P Dowd,13.0,19.0,4.0,8.0,6.0,8.0,11.0,18.0,2.0,2.0,0.0,0.0,2.95,3.4,2.55,2.98,3.41,2.55,2.8,3.31,2.78,2.87,3.29,2.52
156,2014/15,2014-12-13,West Brom,Aston Villa,1.0,0.0,H,0.0,0.0,M Dean,13.0,7.0,5.0,2.0,4.0,2.0,17.0,12.0,4.0,2.0,0.0,1.0,2.15,3.4,3.8,2.14,3.37,3.92,2.22,3.24,3.82,2.11,3.27,3.71
157,2014/15,2014-12-14,Man United,Liverpool,3.0,0.0,H,2.0,0.0,M Atkinson,11.0,19.0,6.0,9.0,2.0,7.0,13.0,14.0,4.0,3.0,0.0,0.0,1.8,3.8,4.75,1.83,3.94,4.55,1.9,3.68,4.5,1.81,3.67,4.49
158,2014/15,2014-12-14,Swansea,Tottenham,1.0,2.0,A,0.0,1.0,R Madley,15.0,10.0,3.0,4.0,7.0,9.0,7.0,17.0,3.0,4.0,0.0,0.0,2.5,3.4,3.0,2.5,3.47,3.02,2.42,3.56,3.06,2.47,3.33,2.91
159,2014/15,2014-12-15,Everton,QPR,3.0,1.0,H,2.0,0.0,N Swarbrick,13.0,17.0,5.0,4.0,1.0,8.0,11.0,12.0,1.0,1.0,0.0,0.0,1.45,4.5,8.5,1.47,4.65,7.9,1.43,5.17,7.75,1.45,4.41,7.54
160,2014/15,2014-12-20,Aston Villa,Man United,1.0,1.0,D,1.0,0.0,L Mason,10.0,16.0,4.0,9.0,3.0,9.0,9.0,10.0,1.0,1.0,1.0,0.0,6.25,4.0,1.62,6.25,4.2,1.61,6.23,4.07,1.63,6.11,3.9,1.59
161,2014/15,2014-12-20,Hull,Swansea,0.0,1.0,A,0.0,1.0,M Clattenburg,11.0,13.0,3.0,3.0,4.0,5.0,14.0,16.0,2.0,2.0,0.0,0.0,3.1,3.3,2.5,3.08,3.33,2.53,2.74,3.17,2.93,2.95,3.23,2.5
162,2014/15,2014-12-20,Man City,Crystal Palace,3.0,0.0,H,0.0,0.0,P Dowd,15.0,6.0,3.0,1.0,8.0,6.0,17.0,5.0,2.0,1.0,0.0,0.0,1.29,6.0,12.0,1.31,5.7,12.44,1.32,5.8,11.25,1.29,5.51,10.84
163,2014/15,2014-12-20,QPR,West Brom,3.0,2.0,H,1.0,2.0,C Pawson,17.0,16.0,7.0,6.0,5.0,11.0,16.0,8.0,1.0,0.0,0.0,0.0,2.45,3.3,3.2,2.48,3.37,3.13,2.55,3.32,3.08,2.4,3.26,3.06
164,2014/15,2014-12-20,Southampton,Everton,3.0,0.0,H,1.0,0.0,J Moss,11.0,13.0,3.0,4.0,4.0,6.0,11.0,10.0,1.0,1.0,0.0,0.0,2.45,3.5,3.0,2.47,3.46,3.06,2.36,3.36,3.36,2.41,3.33,2.98
165,2014/15,2014-12-20,Tottenham,Burnley,2.0,1.0,H,2.0,1.0,M Jones,23.0,9.0,6.0,5.0,9.0,6.0,9.0,8.0,1.0,0.0,0.0,0.0,1.5,4.5,7.5,1.49,4.63,7.52,1.44,4.8,8.5,1.49,4.34,6.88
166,2014/15,2014-12-20,West Ham,Leicester,2.0,0.0,H,1.0,0.0,M Atkinson,10.0,10.0,2.0,4.0,9.0,4.0,8.0,17.0,0.0,3.0,0.0,0.0,1.75,3.9,5.0,1.72,4.03,5.2,1.69,3.98,5.63,1.7,3.82,5.05
167,2014/15,2014-12-21,Liverpool,Arsenal,2.0,2.0,D,1.0,1.0,M Oliver,27.0,7.0,10.0,3.0,10.0,6.0,6.0,14.0,0.0,3.0,1.0,0.0,2.8,3.5,2.6,2.78,3.59,2.62,2.81,3.59,2.59,2.77,3.43,2.53
168,2014/15,2014-12-21,Newcastle,Sunderland,0.0,1.0,A,0.0,0.0,A Taylor,15.0,16.0,7.0,3.0,7.0,1.0,15.0,15.0,4.0,4.0,0.0,0.0,2.05,3.5,4.0,2.1,3.44,3.97,2.19,3.24,3.9,2.06,3.34,3.8
169,2014/15,2014-12-22,Stoke,Chelsea,0.0,2.0,A,0.0,1.0,N Swarbrick,13.0,15.0,2.0,6.0,6.0,5.0,11.0,4.0,3.0,0.0,0.0,0.0,6.25,4.0,1.62,6.21,4.1,1.62,6.54,4.01,1.62,5.93,3.83,1.61
170,2014/15,2014-12-26,Arsenal,QPR,2.0,1.0,H,1.0,0.0,M Atkinson,15.0,16.0,5.0,2.0,6.0,2.0,6.0,15.0,1.0,4.0,1.0,0.0,1.29,6.0,13.0,1.28,6.4,12.51,1.28,6.35,12.5,1.26,5.87,11.5
171,2014/15,2014-12-26,Burnley,Liverpool,0.0,1.0,A,0.0,0.0,A Taylor,16.0,10.0,0.0,3.0,8.0,2.0,7.0,5.0,0.0,1.0,0.0,0.0,4.75,3.8,1.8,4.8,3.97,1.79,5.61,3.97,1.69,4.58,3.7,1.78
172,2014/15,2014-12-26,Chelsea,West Ham,2.0,0.0,H,1.0,0.0,M Oliver,28.0,6.0,9.0,0.0,8.0,6.0,8.0,14.0,0.0,3.0,0.0,0.0,1.33,5.75,10.0,1.35,5.56,10.33,1.33,5.67,11.05,1.33,5.26,9.54
173,2014/15,2014-12-26,Crystal Palace,Southampton,1.0,3.0,A,0.0,1.0,M Dean,11.0,13.0,4.0,6.0,8.0,4.0,15.0,10.0,1.0,0.0,0.0,0.0,3.75,3.4,2.15,3.66,3.4,2.21,3.77,3.41,2.17,3.59,3.27,2.15
174,2014/15,2014-12-26,Everton,Stoke,0.0,1.0,A,0.0,1.0,L Mason,16.0,12.0,5.0,2.0,9.0,3.0,9.0,15.0,2.0,3.0,0.0,0.0,1.83,3.6,5.0,1.83,3.65,5.03,1.88,3.71,4.54,1.8,3.54,4.72
175,2014/15,2014-12-26,Leicester,Tottenham,1.0,2.0,A,0.0,1.0,N Swarbrick,22.0,8.0,6.0,3.0,11.0,1.0,10.0,14.0,1.0,2.0,0.0,0.0,3.8,3.6,2.05,3.75,3.55,2.12,3.42,3.61,2.23,3.63,3.46,2.06
176,2014/15,2014-12-26,Man United,Newcastle,3.0,1.0,H,2.0,0.0,M Jones,9.0,8.0,4.0,4.0,4.0,5.0,16.0,9.0,1.0,2.0,0.0,0.0,1.4,5.0,9.0,1.38,5.28,9.25,1.38,5.4,9.45,1.38,4.82,8.53
177,2014/15,2014-12-26,Sunderland,Hull,1.0,3.0,A,1.0,1.0,A Marriner,12.0,13.0,3.0,5.0,10.0,4.0,12.0,6.0,4.0,2.0,0.0,0.0,2.05,3.4,4.2,2.06,3.37,4.22,2.01,3.3,4.58,2.03,3.27,3.96
178,2014/15,2014-12-26,Swansea,Aston Villa,1.0,0.0,H,1.0,0.0,R East,7.0,11.0,2.0,3.0,4.0,0.0,17.0,12.0,1.0,4.0,0.0,0.0,1.75,3.75,5.25,1.77,3.74,5.32,1.72,4.09,5.15,1.73,3.62,5.08
179,2014/15,2014-12-26,West Brom,Man City,1.0,3.0,A,0.0,3.0,M Clattenburg,18.0,9.0,6.0,5.0,10.0,6.0,5.0,9.0,0.0,1.0,0.0,0.0,6.5,4.5,1.53,6.65,4.45,1.55,6.16,4.31,1.6,6.31,4.23,1.53
180,2014/15,2014-12-28,Aston Villa,Sunderland,0.0,0.0,D,0.0,0.0,M Atkinson,14.0,15.0,3.0,3.0,4.0,4.0,4.0,11.0,1.0,4.0,1.0,0.0,2.35,3.3,3.4,2.33,3.26,3.5,2.18,3.27,3.91,2.3,3.19,3.28
181,2014/15,2014-12-28,Hull,Leicester,0.0,1.0,A,0.0,1.0,P Dowd,18.0,4.0,5.0,2.0,7.0,1.0,12.0,12.0,0.0,1.0,1.0,1.0,2.25,3.4,3.5,2.28,3.38,3.5,2.58,3.21,3.11,2.23,3.27,3.33
182,2014/15,2014-12-28,Man City,Burnley,2.0,2.0,D,2.0,0.0,K Friend,17.0,12.0,6.0,3.0,10.0,3.0,18.0,9.0,4.0,1.0,0.0,0.0,1.18,8.0,19.0,1.16,8.55,22.5,1.21,7.3,17.5,1.16,7.74,17.78
183,2014/15,2014-12-28,Newcastle,Everton,3.0,2.0,H,1.0,1.0,C Pawson,13.0,9.0,6.0,2.0,8.0,3.0,13.0,8.0,2.0,2.0,0.0,0.0,2.9,3.4,2.6,2.98,3.42,2.55,2.57,3.44,2.9,2.84,3.33,2.49
184,2014/15,2014-12-28,QPR,Crystal Palace,0.0,0.0,D,0.0,0.0,M Jones,11.0,10.0,3.0,3.0,9.0,4.0,11.0,17.0,2.0,1.0,0.0,0.0,2.38,3.4,3.25,2.47,3.34,3.15,2.6,3.27,3.02,2.35,3.27,3.09
185,2014/15,2014-12-28,Southampton,Chelsea,1.0,1.0,D,1.0,1.0,A Taylor,9.0,7.0,1.0,1.0,4.0,6.0,23.0,14.0,2.0,2.0,1.0,0.0,4.75,3.75,1.83,4.83,3.65,1.85,4.62,3.54,1.92,4.62,3.54,1.81
186,2014/15,2014-12-28,Stoke,West Brom,2.0,0.0,H,0.0,0.0,R East,13.0,15.0,3.0,4.0,5.0,3.0,11.0,14.0,0.0,2.0,0.0,0.0,1.91,3.6,4.5,1.9,3.51,4.78,2.04,3.35,4.32,1.88,3.41,4.38
187,2014/15,2014-12-28,Tottenham,Man United,0.0,0.0,D,0.0,0.0,J Moss,9.0,9.0,4.0,5.0,3.0,6.0,11.0,19.0,2.0,4.0,0.0,0.0,3.25,3.6,2.3,3.25,3.62,2.29,3.08,3.52,2.43,3.18,3.43,2.23
188,2014/15,2014-12-28,West Ham,Arsenal,1.0,2.0,A,0.0,2.0,N Swarbrick,14.0,21.0,4.0,7.0,7.0,8.0,12.0,13.0,3.0,3.0,0.0,0.0,3.5,3.5,2.2,3.53,3.64,2.17,3.98,3.65,2.02,3.41,3.47,2.12
189,2014/15,2014-12-29,Liverpool,Swansea,4.0,1.0,H,1.0,0.0,A Marriner,21.0,11.0,11.0,4.0,6.0,3.0,8.0,5.0,1.0,0.0,0.0,0.0,1.7,4.0,5.5,1.71,3.91,5.55,1.72,3.84,5.55,1.67,3.72,5.31
190,2014/15,2015-01-01,Aston Villa,Crystal Palace,0.0,0.0,D,0.0,0.0,R Madley,14.0,6.0,3.0,0.0,5.0,2.0,11.0,12.0,1.0,1.0,0.0,0.0,2.4,3.3,3.3,2.43,3.24,3.33,2.32,3.23,3.58,2.37,3.19,3.19
191,2014/15,2015-01-01,Hull,Everton,2.0,0.0,H,2.0,0.0,K Friend,14.0,9.0,5.0,3.0,4.0,8.0,16.0,15.0,2.0,3.0,0.0,1.0,3.4,3.4,2.3,3.44,3.39,2.3,3.15,3.35,2.48,3.28,3.28,2.28
192,2014/15,2015-01-01,Liverpool,Leicester,2.0,2.0,D,2.0,0.0,M Jones,18.0,16.0,6.0,3.0,4.0,5.0,13.0,10.0,2.0,2.0,0.0,0.0,1.4,5.0,9.0,1.42,5.04,8.38,1.41,5.0,9.05,1.4,4.71,8.04
193,2014/15,2015-01-01,Man City,Sunderland,3.0,2.0,H,0.0,0.0,R East,32.0,4.0,12.0,4.0,10.0,4.0,14.0,7.0,2.0,3.0,0.0,0.0,1.22,7.0,15.0,1.25,6.87,13.85,1.24,7.05,13.8,1.23,6.39,13.1
194,2014/15,2015-01-01,Newcastle,Burnley,3.0,3.0,D,2.0,1.0,M Dean,10.0,15.0,4.0,4.0,5.0,5.0,12.0,13.0,2.0,4.0,0.0,0.0,1.83,3.75,4.75,1.83,3.74,4.88,1.93,3.53,4.58,1.78,3.64,4.66
195,2014/15,2015-01-01,QPR,Swansea,1.0,1.0,D,1.0,0.0,A Taylor,24.0,25.0,6.0,6.0,4.0,9.0,22.0,5.0,4.0,0.0,0.0,1.0,3.0,3.4,2.5,3.02,3.44,2.51,3.13,3.46,2.42,2.93,3.28,2.48
196,2014/15,2015-01-01,Southampton,Arsenal,2.0,0.0,H,1.0,0.0,C Pawson,13.0,11.0,6.0,6.0,2.0,7.0,14.0,7.0,2.0,1.0,0.0,0.0,2.9,3.4,2.6,2.91,3.42,2.6,2.64,3.45,2.84,2.87,3.29,2.52
197,2014/15,2015-01-01,Stoke,Man United,1.0,1.0,D,1.0,1.0,M Oliver,11.0,6.0,2.0,2.0,11.0,7.0,8.0,12.0,0.0,0.0,0.0,0.0,4.2,3.5,2.0,4.12,3.5,2.03,4.45,3.55,1.94,3.94,3.41,1.99
198,2014/15,2015-01-01,Tottenham,Chelsea,5.0,3.0,H,3.0,1.0,P Dowd,11.0,19.0,8.0,7.0,5.0,3.0,14.0,10.0,3.0,1.0,0.0,0.0,5.0,3.75,1.8,4.86,3.92,1.79,6.0,4.04,1.65,4.71,3.66,1.77
199,2014/15,2015-01-01,West Ham,West Brom,1.0,1.0,D,1.0,1.0,J Moss,8.0,14.0,3.0,3.0,0.0,1.0,6.0,13.0,1.0,0.0,0.0,0.0,1.85,3.75,4.5,1.88,3.71,4.56,1.86,3.77,4.6,1.84,3.57,4.38
200,2014/15,2015-01-10,Burnley,QPR,2.0,1.0,H,2.0,1.0,A Marriner,18.0,17.0,7.0,7.0,10.0,6.0,14.0,9.0,2.0,2.0,0.0,0.0,2.2,3.4,3.6,2.16,3.47,3.7,2.1,3.55,3.79,2.14,3.36,3.48
201,2014/15,2015-01-10,Chelsea,Newcastle,2.0,0.0,H,1.0,0.0,R East,9.0,11.0,5.0,5.0,7.0,4.0,13.0,13.0,2.0,3.0,0.0,0.0,1.2,7.5,17.0,1.2,7.5,17.8,1.21,7.6,15.5,1.19,6.84,15.17
202,2014/15,2015-01-10,Crystal Palace,Tottenham,2.0,1.0,H,0.0,0.0,A Taylor,21.0,9.0,7.0,5.0,4.0,6.0,9.0,14.0,5.0,3.0,0.0,0.0,3.5,3.5,2.2,3.69,3.42,2.19,3.44,3.48,2.25,3.48,3.35,2.15
203,2014/15,2015-01-10,Everton,Man City,1.0,1.0,D,0.0,0.0,M Atkinson,11.0,18.0,4.0,2.0,4.0,9.0,9.0,10.0,1.0,2.0,0.0,0.0,4.5,3.75,1.85,4.52,3.81,1.86,4.45,4.02,1.83,4.22,3.61,1.86
204,2014/15,2015-01-10,Leicester,Aston Villa,1.0,0.0,H,1.0,0.0,M Oliver,11.0,12.0,3.0,1.0,6.0,6.0,18.0,6.0,1.0,1.0,1.0,1.0,2.2,3.4,3.6,2.18,3.29,3.89,2.22,3.36,3.7,2.17,3.24,3.55
205,2014/15,2015-01-10,Sunderland,Liverpool,0.0,1.0,A,0.0,1.0,C Pawson,5.0,21.0,1.0,4.0,6.0,6.0,12.0,11.0,1.0,4.0,1.0,0.0,4.5,3.6,1.91,4.58,3.59,1.91,3.91,3.38,2.12,4.21,3.46,1.91
206,2014/15,2015-01-10,Swansea,West Ham,1.0,1.0,D,0.0,1.0,M Dean,19.0,11.0,3.0,5.0,4.0,5.0,9.0,7.0,0.0,1.0,0.0,0.0,2.25,3.5,3.4,2.24,3.42,3.55,2.18,3.54,3.58,2.22,3.34,3.32
207,2014/15,2015-01-10,West Brom,Hull,1.0,0.0,H,0.0,0.0,N Swarbrick,9.0,12.0,3.0,2.0,5.0,2.0,5.0,13.0,1.0,0.0,0.0,0.0,2.05,3.4,4.2,2.04,3.32,4.4,2.01,3.28,4.57,2.02,3.27,3.97
208,2014/15,2015-01-11,Arsenal,Stoke,3.0,0.0,H,2.0,0.0,J Moss,14.0,7.0,6.0,2.0,9.0,1.0,11.0,11.0,0.0,3.0,0.0,0.0,1.44,4.75,8.0,1.47,4.58,8.17,1.5,4.55,7.45,1.46,4.37,7.37
209,2014/15,2015-01-11,Man United,Southampton,0.0,1.0,A,0.0,0.0,P Dowd,10.0,9.0,0.0,1.0,3.0,5.0,9.0,10.0,2.0,3.0,0.0,0.0,1.83,3.75,4.75,1.85,3.7,4.8,1.84,3.64,4.95,1.81,3.59,4.54
210,2014/15,2015-01-17,Aston Villa,Liverpool,0.0,2.0,A,0.0,1.0,M Clattenburg,15.0,12.0,4.0,5.0,9.0,5.0,13.0,11.0,1.0,1.0,0.0,0.0,4.5,3.6,1.91,4.88,3.55,1.88,4.5,3.7,1.89,4.48,3.44,1.87
211,2014/15,2015-01-17,Burnley,Crystal Palace,2.0,3.0,A,2.0,1.0,P Dowd,7.0,11.0,4.0,4.0,5.0,7.0,10.0,20.0,1.0,3.0,0.0,0.0,2.55,3.25,3.1,2.57,3.22,3.13,2.47,3.19,3.32,2.48,3.17,3.02
212,2014/15,2015-01-17,Leicester,Stoke,0.0,1.0,A,0.0,0.0,A Marriner,7.0,13.0,3.0,3.0,6.0,5.0,9.0,6.0,1.0,0.0,0.0,0.0,2.63,3.3,2.9,2.61,3.27,3.02,2.54,3.36,3.04,2.56,3.2,2.89
213,2014/15,2015-01-17,Newcastle,Southampton,1.0,2.0,A,1.0,1.0,R Madley,16.0,5.0,3.0,3.0,9.0,0.0,9.0,8.0,0.0,2.0,0.0,0.0,3.3,3.3,2.38,3.32,3.36,2.38,2.87,3.24,2.74,3.17,3.26,2.34
214,2014/15,2015-01-17,QPR,Man United,0.0,2.0,A,0.0,0.0,N Swarbrick,18.0,12.0,4.0,7.0,3.0,3.0,12.0,10.0,3.0,2.0,0.0,0.0,6.0,4.2,1.62,6.29,4.13,1.62,5.83,4.42,1.61,5.77,3.92,1.61
215,2014/15,2015-01-17,Swansea,Chelsea,0.0,5.0,A,0.0,4.0,J Moss,11.0,21.0,0.0,11.0,1.0,2.0,9.0,13.0,0.0,0.0,0.0,0.0,7.0,4.2,1.55,7.17,4.15,1.56,6.93,4.38,1.54,6.64,3.96,1.55
216,2014/15,2015-01-17,Tottenham,Sunderland,2.0,1.0,H,1.0,1.0,C Foy,25.0,8.0,8.0,4.0,6.0,6.0,14.0,8.0,1.0,2.0,0.0,0.0,1.62,4.2,6.0,1.59,4.26,6.4,1.57,4.35,6.5,1.59,3.99,5.86
217,2014/15,2015-01-18,Man City,Arsenal,0.0,2.0,A,0.0,1.0,M Dean,12.0,9.0,4.0,3.0,16.0,3.0,12.0,5.0,3.0,3.0,0.0,0.0,1.8,4.0,4.5,1.8,4.06,4.57,1.8,4.17,4.45,1.79,3.82,4.38
218,2014/15,2015-01-18,West Ham,Hull,3.0,0.0,H,0.0,0.0,M Atkinson,17.0,9.0,6.0,3.0,4.0,7.0,5.0,14.0,1.0,3.0,0.0,0.0,1.75,3.75,5.25,1.79,3.62,5.4,1.77,3.7,5.4,1.74,3.56,5.13
219,2014/15,2015-01-19,Everton,West Brom,0.0,0.0,D,0.0,0.0,M Oliver,17.0,5.0,4.0,0.0,8.0,1.0,11.0,12.0,3.0,2.0,0.0,0.0,1.85,3.6,4.75,1.85,3.67,4.84,1.9,3.59,4.64,1.83,3.52,4.58
220,2014/15,2015-01-31,Chelsea,Man City,1.0,1.0,D,1.0,1.0,M Clattenburg,3.0,10.0,2.0,5.0,1.0,4.0,12.0,14.0,0.0,2.0,0.0,0.0,2.15,3.5,3.6,2.16,3.52,3.66,2.12,3.47,3.84,2.12,3.39,3.56
221,2014/15,2015-01-31,Crystal Palace,Everton,0.0,1.0,A,0.0,1.0,R East,13.0,14.0,3.0,2.0,6.0,1.0,12.0,14.0,0.0,3.0,0.0,0.0,2.8,3.3,2.75,2.8,3.24,2.82,2.55,3.3,3.07,2.73,3.18,2.7
222,2014/15,2015-01-31,Hull,Newcastle,0.0,3.0,A,0.0,1.0,P Dowd,13.0,12.0,8.0,5.0,3.0,3.0,15.0,13.0,4.0,1.0,0.0,0.0,2.7,3.25,2.88,2.65,3.23,3.0,2.6,3.24,3.06,2.62,3.13,2.87
223,2014/15,2015-01-31,Liverpool,West Ham,2.0,0.0,H,0.0,0.0,A Marriner,21.0,7.0,7.0,2.0,5.0,7.0,12.0,12.0,1.0,1.0,0.0,0.0,1.67,4.0,5.75,1.65,4.2,5.67,1.65,4.25,5.63,1.65,3.91,5.38
224,2014/15,2015-01-31,Man United,Leicester,3.0,1.0,H,3.0,0.0,M Atkinson,12.0,4.0,5.0,1.0,4.0,3.0,8.0,12.0,0.0,1.0,0.0,0.0,1.36,5.5,9.5,1.36,5.28,10.15,1.38,5.2,9.45,1.34,5.14,9.28
225,2014/15,2015-01-31,Stoke,QPR,3.0,1.0,H,2.0,1.0,M Dean,15.0,14.0,3.0,4.0,3.0,5.0,11.0,12.0,2.0,2.0,0.0,0.0,1.65,4.0,6.0,1.65,4.01,6.09,1.79,3.7,5.18,1.64,3.76,5.71
226,2014/15,2015-01-31,Sunderland,Burnley,2.0,0.0,H,2.0,0.0,L Mason,8.0,13.0,3.0,4.0,6.0,3.0,12.0,12.0,3.0,1.0,0.0,0.0,2.25,3.3,3.6,2.25,3.32,3.64,2.36,3.23,3.5,2.2,3.25,3.49
227,2014/15,2015-01-31,West Brom,Tottenham,0.0,3.0,A,0.0,2.0,K Friend,13.0,14.0,4.0,4.0,6.0,3.0,8.0,13.0,2.0,1.0,0.0,0.0,2.9,3.3,2.63,2.88,3.26,2.73,3.09,3.29,2.55,2.84,3.21,2.59
228,2014/15,2015-02-01,Arsenal,Aston Villa,5.0,0.0,H,1.0,0.0,A Taylor,13.0,9.0,8.0,2.0,7.0,7.0,6.0,10.0,0.0,2.0,0.0,0.0,1.25,6.5,15.0,1.27,6.21,14.32,1.29,6.05,12.45,1.26,5.82,12.66
229,2014/15,2015-02-01,Southampton,Swansea,0.0,1.0,A,0.0,0.0,M Oliver,15.0,6.0,6.0,1.0,9.0,0.0,11.0,9.0,1.0,1.0,1.0,0.0,1.6,4.0,6.5,1.62,3.99,6.62,1.67,3.95,5.95,1.59,3.82,6.29
230,2014/15,2015-02-07,Aston Villa,Chelsea,1.0,2.0,A,0.0,1.0,N Swarbrick,8.0,12.0,1.0,5.0,7.0,7.0,8.0,7.0,3.0,2.0,0.0,0.0,10.0,5.25,1.36,10.8,4.92,1.38,8.3,4.7,1.45,9.83,4.67,1.36
231,2014/15,2015-02-07,Everton,Liverpool,0.0,0.0,D,0.0,0.0,A Taylor,6.0,17.0,1.0,6.0,3.0,6.0,11.0,7.0,4.0,1.0,0.0,0.0,3.4,3.4,2.3,3.36,3.47,2.3,3.51,3.3,2.31,3.26,3.35,2.25
232,2014/15,2015-02-07,Leicester,Crystal Palace,0.0,1.0,A,0.0,0.0,L Mason,19.0,14.0,5.0,2.0,8.0,6.0,15.0,6.0,4.0,1.0,0.0,0.0,2.4,3.3,3.25,2.42,3.29,3.3,2.37,3.31,3.36,2.35,3.24,3.17
233,2014/15,2015-02-07,Man City,Hull,1.0,1.0,D,0.0,1.0,J Moss,18.0,7.0,5.0,3.0,13.0,1.0,9.0,8.0,2.0,4.0,0.0,0.0,1.18,8.0,19.0,1.19,8.0,18.0,1.22,7.2,17.0,1.18,7.07,15.69
234,2014/15,2015-02-07,QPR,Southampton,0.0,1.0,A,0.0,0.0,R East,12.0,16.0,3.0,5.0,3.0,4.0,13.0,16.0,2.0,2.0,0.0,0.0,4.75,3.6,1.85,4.62,3.63,1.89,4.43,3.7,1.91,4.46,3.51,1.85
235,2014/15,2015-02-07,Swansea,Sunderland,1.0,1.0,D,0.0,1.0,P Dowd,16.0,4.0,7.0,1.0,7.0,1.0,11.0,13.0,3.0,4.0,0.0,0.0,1.91,3.5,4.6,1.91,3.48,4.78,1.97,3.52,4.36,1.88,3.38,4.47
236,2014/15,2015-02-07,Tottenham,Arsenal,2.0,1.0,H,0.0,1.0,M Atkinson,23.0,7.0,8.0,3.0,10.0,3.0,8.0,12.0,3.0,5.0,0.0,0.0,3.25,3.5,2.3,3.2,3.64,2.31,3.44,3.46,2.27,3.15,3.45,2.26
237,2014/15,2015-02-08,Burnley,West Brom,2.0,2.0,D,2.0,1.0,M Dean,12.0,12.0,5.0,5.0,5.0,6.0,10.0,15.0,0.0,4.0,0.0,0.0,2.6,3.25,3.0,2.6,3.28,3.02,2.53,3.14,3.25,2.53,3.16,2.94
238,2014/15,2015-02-08,Newcastle,Stoke,1.0,1.0,D,0.0,0.0,K Friend,9.0,7.0,3.0,3.0,5.0,8.0,14.0,17.0,2.0,4.0,0.0,0.0,2.3,3.4,3.4,2.28,3.34,3.54,2.26,3.38,3.54,2.26,3.26,3.33
239,2014/15,2015-02-08,West Ham,Man United,1.0,1.0,D,0.0,0.0,M Clattenburg,13.0,18.0,6.0,6.0,9.0,9.0,7.0,13.0,2.0,2.0,0.0,1.0,4.2,3.6,1.95,4.1,3.72,1.97,4.3,3.71,1.93,3.94,3.51,1.96
240,2014/15,2015-02-10,Arsenal,Leicester,2.0,1.0,H,2.0,0.0,M Jones,17.0,11.0,7.0,4.0,6.0,6.0,13.0,14.0,2.0,2.0,0.0,0.0,1.29,6.0,12.0,1.29,6.14,12.21,1.3,5.95,11.75,1.28,5.64,10.72
241,2014/15,2015-02-10,Hull,Aston Villa,2.0,0.0,H,1.0,0.0,M Oliver,10.0,11.0,4.0,4.0,3.0,7.0,16.0,11.0,1.0,2.0,0.0,0.0,2.38,3.1,3.5,2.34,3.16,3.63,2.19,3.21,3.97,2.3,3.1,3.46
242,2014/15,2015-02-10,Liverpool,Tottenham,3.0,2.0,H,1.0,1.0,P Dowd,16.0,14.0,7.0,5.0,5.0,7.0,13.0,17.0,3.0,6.0,0.0,0.0,1.91,3.8,4.2,1.92,3.84,4.19,1.9,3.77,4.36,1.88,3.66,4.13
243,2014/15,2015-02-10,Sunderland,QPR,0.0,2.0,A,0.0,2.0,M Atkinson,16.0,19.0,5.0,4.0,8.0,4.0,8.0,12.0,2.0,3.0,0.0,0.0,1.91,3.6,4.5,1.9,3.69,4.5,1.92,3.65,4.45,1.9,3.48,4.31
244,2014/15,2015-02-11,Chelsea,Everton,1.0,0.0,H,0.0,0.0,J Moss,21.0,7.0,7.0,4.0,10.0,2.0,8.0,13.0,3.0,3.0,0.0,1.0,1.33,5.5,11.0,1.33,5.68,11.14,1.4,5.15,9.15,1.32,5.18,9.92
245,2014/15,2015-02-11,Crystal Palace,Newcastle,1.0,1.0,D,0.0,1.0,A Marriner,7.0,5.0,3.0,1.0,5.0,2.0,10.0,11.0,1.0,2.0,0.0,0.0,2.38,3.3,3.3,2.35,3.35,3.38,2.23,3.39,3.6,2.33,3.23,3.22
246,2014/15,2015-02-11,Man United,Burnley,3.0,1.0,H,2.0,1.0,K Friend,11.0,13.0,7.0,3.0,5.0,8.0,15.0,8.0,4.0,3.0,0.0,0.0,1.29,6.0,12.0,1.31,5.98,11.42,1.32,5.55,11.75,1.29,5.57,10.48
247,2014/15,2015-02-11,Southampton,West Ham,0.0,0.0,D,0.0,0.0,C Pawson,21.0,4.0,7.0,1.0,8.0,2.0,12.0,11.0,2.0,1.0,0.0,1.0,1.73,3.9,5.25,1.71,3.9,5.57,1.68,4.14,5.45,1.7,3.75,5.15
248,2014/15,2015-02-11,Stoke,Man City,1.0,4.0,A,1.0,1.0,L Mason,17.0,14.0,5.0,8.0,3.0,2.0,6.0,11.0,1.0,2.0,0.0,0.0,5.75,3.8,1.7,5.64,3.98,1.69,5.59,4.19,1.65,5.36,3.74,1.68
249,2014/15,2015-02-11,West Brom,Swansea,2.0,0.0,H,0.0,0.0,R Madley,11.0,10.0,4.0,3.0,5.0,4.0,11.0,12.0,2.0,1.0,0.0,0.0,2.55,3.25,3.1,2.48,3.27,3.21,2.37,3.24,3.45,2.46,3.17,3.05
250,2014/15,2015-02-21,Aston Villa,Stoke,1.0,2.0,A,1.0,1.0,R East,3.0,11.0,2.0,6.0,11.0,3.0,11.0,14.0,1.0,3.0,1.0,0.0,2.7,3.2,2.9,2.64,3.25,3.01,2.62,3.23,3.04,2.61,3.14,2.88
251,2014/15,2015-02-21,Chelsea,Burnley,1.0,1.0,D,1.0,0.0,M Atkinson,14.0,10.0,5.0,5.0,7.0,7.0,9.0,9.0,1.0,2.0,1.0,0.0,1.2,7.5,17.0,1.21,7.45,17.66,1.2,7.5,17.95,1.2,6.84,15.35
252,2014/15,2015-02-21,Crystal Palace,Arsenal,1.0,2.0,A,0.0,2.0,M Clattenburg,22.0,12.0,3.0,4.0,10.0,1.0,15.0,14.0,1.0,3.0,0.0,0.0,4.75,3.75,1.83,4.93,3.73,1.82,5.03,3.84,1.78,4.64,3.59,1.8
253,2014/15,2015-02-21,Hull,QPR,2.0,1.0,H,1.0,1.0,A Taylor,16.0,8.0,6.0,3.0,5.0,7.0,18.0,16.0,0.0,4.0,0.0,1.0,2.05,3.3,4.2,2.08,3.46,3.99,1.85,3.54,5.02,2.04,3.29,3.88
254,2014/15,2015-02-21,Man City,Newcastle,5.0,0.0,H,3.0,0.0,C Foy,16.0,8.0,9.0,1.0,7.0,3.0,9.0,8.0,3.0,2.0,0.0,0.0,1.3,6.0,11.0,1.3,6.07,11.7,1.29,6.3,11.9,1.28,5.68,11.05
255,2014/15,2015-02-21,Sunderland,West Brom,0.0,0.0,D,0.0,0.0,M Jones,13.0,5.0,2.0,1.0,11.0,2.0,11.0,12.0,1.0,2.0,0.0,0.0,2.7,3.2,2.9,2.67,3.2,2.99,2.87,3.21,2.78,2.61,3.09,2.9
256,2014/15,2015-02-21,Swansea,Man United,2.0,1.0,H,1.0,1.0,N Swarbrick,11.0,18.0,6.0,3.0,4.0,10.0,6.0,15.0,2.0,4.0,0.0,0.0,4.2,3.5,2.0,3.97,3.56,2.05,3.83,3.3,2.19,3.93,3.41,2.0
257,2014/15,2015-02-22,Everton,Leicester,2.0,2.0,D,0.0,0.0,P Dowd,18.0,15.0,3.0,4.0,4.0,7.0,7.0,6.0,0.0,1.0,0.0,0.0,1.83,3.6,5.0,1.86,3.62,4.84,1.79,3.68,5.23,1.81,3.53,4.73
258,2014/15,2015-02-22,Southampton,Liverpool,0.0,2.0,A,0.0,1.0,K Friend,13.0,6.0,5.0,4.0,6.0,1.0,11.0,14.0,2.0,3.0,0.0,0.0,2.63,3.3,2.9,2.5,3.38,3.09,2.66,3.31,2.92,2.49,3.27,2.92
259,2014/15,2015-02-22,Tottenham,West Ham,2.0,2.0,D,0.0,1.0,J Moss,27.0,12.0,8.0,5.0,7.0,9.0,6.0,12.0,0.0,2.0,0.0,0.0,1.8,3.8,4.75,1.83,4.02,4.46,1.8,3.8,4.94,1.78,3.75,4.51
260,2014/15,2015-02-28,Burnley,Swansea,0.0,1.0,A,0.0,0.0,J Moss,13.0,8.0,6.0,2.0,6.0,4.0,14.0,8.0,0.0,0.0,0.0,0.0,2.63,3.3,2.9,2.62,3.35,2.94,2.52,3.22,3.2,2.59,3.25,2.83
261,2014/15,2015-02-28,Man United,Sunderland,2.0,0.0,H,0.0,0.0,R East,30.0,5.0,10.0,3.0,13.0,1.0,6.0,11.0,1.0,1.0,0.0,1.0,1.36,5.25,10.0,1.36,5.25,10.35,1.39,4.98,9.97,1.36,4.87,9.61
262,2014/15,2015-02-28,Newcastle,Aston Villa,1.0,0.0,H,1.0,0.0,L Mason,14.0,13.0,5.0,3.0,9.0,5.0,6.0,16.0,1.0,5.0,0.0,0.0,1.95,3.5,4.5,1.96,3.41,4.63,1.99,3.5,4.31,1.94,3.37,4.24
263,2014/15,2015-02-28,Stoke,Hull,1.0,0.0,H,0.0,0.0,N Swarbrick,17.0,1.0,2.0,0.0,5.0,2.0,9.0,10.0,2.0,2.0,0.0,0.0,1.91,3.5,4.75,1.95,3.44,4.6,2.04,3.26,4.48,1.95,3.32,4.27
264,2014/15,2015-02-28,West Brom,Southampton,1.0,0.0,H,1.0,0.0,P Dowd,7.0,12.0,3.0,2.0,2.0,3.0,10.0,17.0,2.0,1.0,0.0,0.0,3.4,3.2,2.38,3.48,3.24,2.36,3.4,3.27,2.38,3.33,3.16,2.32
265,2014/15,2015-02-28,West Ham,Crystal Palace,1.0,3.0,A,0.0,1.0,M Dean,22.0,12.0,5.0,5.0,11.0,7.0,12.0,19.0,2.0,2.0,0.0,1.0,2.15,3.4,3.75,2.14,3.4,3.86,2.28,3.32,3.58,2.1,3.33,3.68
266,2014/15,2015-03-01,Arsenal,Everton,2.0,0.0,H,1.0,0.0,A Marriner,17.0,8.0,4.0,2.0,8.0,9.0,12.0,5.0,2.0,0.0,0.0,0.0,1.57,4.5,6.0,1.55,4.47,6.6,1.56,4.5,6.35,1.54,4.19,6.27
267,2014/15,2015-03-01,Liverpool,Man City,2.0,1.0,H,1.0,1.0,M Clattenburg,11.0,8.0,5.0,1.0,3.0,0.0,8.0,16.0,1.0,3.0,0.0,0.0,3.1,3.6,2.38,3.16,3.59,2.36,3.29,3.62,2.27,3.02,3.44,2.36
268,2014/15,2015-03-03,Aston Villa,West Brom,2.0,1.0,H,1.0,0.0,J Moss,16.0,3.0,8.0,1.0,0.0,3.0,15.0,13.0,2.0,4.0,0.0,0.0,2.88,3.1,2.88,2.82,3.14,2.88,2.95,3.1,2.77,2.78,3.04,2.81
269,2014/15,2015-03-03,Hull,Sunderland,1.0,1.0,D,1.0,0.0,M Dean,15.0,9.0,5.0,3.0,6.0,4.0,9.0,15.0,2.0,6.0,0.0,0.0,2.15,3.3,3.9,2.22,3.24,3.82,2.28,3.22,3.69,2.15,3.2,3.75
270,2014/15,2015-03-03,Southampton,Crystal Palace,1.0,0.0,H,0.0,0.0,M Atkinson,23.0,9.0,3.0,3.0,10.0,2.0,11.0,10.0,0.0,2.0,0.0,0.0,1.7,3.8,5.75,1.71,3.79,5.86,1.69,3.88,5.85,1.69,3.68,5.59
271,2014/15,2015-03-04,Liverpool,Burnley,2.0,0.0,H,1.0,0.0,L Mason,20.0,9.0,8.0,1.0,6.0,5.0,8.0,14.0,0.0,1.0,0.0,0.0,1.36,5.25,10.0,1.4,5.16,9.14,1.37,5.37,9.8,1.36,4.98,8.98
272,2014/15,2015-03-04,Man City,Leicester,2.0,0.0,H,1.0,0.0,R Madley,22.0,6.0,9.0,2.0,10.0,3.0,11.0,3.0,0.0,1.0,0.0,0.0,1.25,7.0,13.0,1.26,6.63,12.62,1.25,7.2,12.0,1.25,6.24,11.73
273,2014/15,2015-03-04,Newcastle,Man United,0.0,1.0,A,0.0,0.0,A Taylor,9.0,11.0,2.0,5.0,4.0,1.0,6.0,14.0,1.0,2.0,0.0,0.0,4.2,3.5,2.0,4.14,3.54,2.01,4.6,3.76,1.86,3.98,3.42,1.99
274,2014/15,2015-03-04,QPR,Arsenal,1.0,2.0,A,0.0,0.0,K Friend,10.0,20.0,3.0,9.0,1.0,6.0,10.0,8.0,2.0,1.0,0.0,0.0,7.0,4.33,1.53,6.62,4.57,1.54,6.9,5.05,1.48,6.37,4.26,1.53
275,2014/15,2015-03-04,Stoke,Everton,2.0,0.0,H,1.0,0.0,M Clattenburg,11.0,10.0,3.0,5.0,5.0,6.0,11.0,14.0,2.0,2.0,0.0,0.0,2.5,3.3,3.1,2.44,3.36,3.2,2.65,3.33,2.9,2.46,3.23,3.03
276,2014/15,2015-03-04,Tottenham,Swansea,3.0,2.0,H,1.0,1.0,M Oliver,20.0,10.0,7.0,5.0,6.0,4.0,14.0,7.0,1.0,0.0,0.0,0.0,1.75,3.8,5.25,1.74,3.99,5.15,1.79,3.76,5.12,1.73,3.74,4.98
277,2014/15,2015-03-04,West Ham,Chelsea,0.0,1.0,A,0.0,1.0,A Marriner,18.0,12.0,5.0,3.0,5.0,4.0,10.0,10.0,3.0,4.0,0.0,0.0,6.25,4.0,1.62,6.25,4.18,1.61,6.18,4.24,1.61,5.8,3.96,1.6
278,2014/15,2015-03-07,QPR,Tottenham,1.0,2.0,A,0.0,1.0,C Pawson,17.0,13.0,6.0,6.0,3.0,5.0,15.0,12.0,1.0,2.0,0.0,0.0,4.75,3.9,1.8,4.67,3.98,1.8,4.51,3.99,1.82,4.55,3.76,1.78
279,2014/15,2015-03-14,Arsenal,West Ham,3.0,0.0,H,1.0,0.0,A Taylor,19.0,7.0,9.0,1.0,7.0,5.0,10.0,9.0,1.0,1.0,0.0,0.0,1.4,5.0,9.0,1.38,5.36,9.08,1.34,5.75,10.0,1.38,4.92,8.2
280,2014/15,2015-03-14,Burnley,Man City,1.0,0.0,H,0.0,0.0,A Marriner,10.0,21.0,4.0,5.0,2.0,6.0,6.0,9.0,2.0,1.0,0.0,0.0,7.5,5.0,1.44,7.62,4.85,1.46,8.0,5.15,1.43,7.31,4.6,1.44
281,2014/15,2015-03-14,Crystal Palace,QPR,3.0,1.0,H,3.0,0.0,L Mason,15.0,11.0,4.0,4.0,6.0,3.0,17.0,16.0,1.0,3.0,0.0,0.0,1.83,3.75,4.75,1.78,3.83,5.04,1.78,3.77,5.15,1.78,3.62,4.73
282,2014/15,2015-03-14,Leicester,Hull,0.0,0.0,D,0.0,0.0,J Moss,15.0,12.0,3.0,5.0,7.0,5.0,10.0,15.0,0.0,4.0,0.0,1.0,2.2,3.3,3.75,2.21,3.29,3.78,2.12,3.3,4.05,2.17,3.23,3.61
283,2014/15,2015-03-14,Sunderland,Aston Villa,0.0,4.0,A,0.0,4.0,N Swarbrick,12.0,14.0,2.0,8.0,2.0,5.0,10.0,9.0,1.0,1.0,0.0,0.0,2.38,3.25,3.4,2.31,3.25,3.57,2.32,3.29,3.49,2.32,3.14,3.35
284,2014/15,2015-03-14,West Brom,Stoke,1.0,0.0,H,1.0,0.0,M Oliver,14.0,9.0,5.0,2.0,7.0,5.0,7.0,16.0,1.0,2.0,0.0,0.0,2.38,3.25,3.4,2.38,3.23,3.44,2.56,3.16,3.18,2.33,3.14,3.33
285,2014/15,2015-03-15,Chelsea,Southampton,1.0,1.0,D,1.0,1.0,M Dean,22.0,12.0,7.0,5.0,9.0,2.0,10.0,11.0,3.0,3.0,0.0,0.0,1.62,4.0,6.5,1.62,4.0,6.55,1.62,3.86,7.0,1.59,3.87,6.26
286,2014/15,2015-03-15,Everton,Newcastle,3.0,0.0,H,1.0,0.0,M Atkinson,15.0,12.0,9.0,4.0,3.0,4.0,11.0,9.0,1.0,2.0,0.0,1.0,1.83,3.75,4.75,1.82,3.67,5.05,1.82,3.69,5.02,1.81,3.56,4.61
287,2014/15,2015-03-15,Man United,Tottenham,3.0,0.0,H,3.0,0.0,M Clattenburg,11.0,5.0,3.0,1.0,4.0,2.0,12.0,10.0,1.0,1.0,0.0,0.0,1.91,3.75,4.33,1.89,3.74,4.45,1.85,3.85,4.55,1.89,3.63,4.14
288,2014/15,2015-03-16,Swansea,Liverpool,0.0,1.0,A,0.0,0.0,R East,10.0,16.0,3.0,5.0,4.0,5.0,13.0,16.0,0.0,3.0,0.0,0.0,4.0,3.6,2.0,4.24,3.51,2.0,4.2,3.55,2.0,3.96,3.4,1.99
289,2014/15,2015-03-21,Aston Villa,Swansea,0.0,1.0,A,0.0,0.0,R Madley,12.0,9.0,3.0,6.0,4.0,9.0,13.0,9.0,0.0,0.0,0.0,0.0,2.5,3.25,2.8,2.52,3.22,3.2,2.65,3.21,3.01,2.45,3.17,3.06
290,2014/15,2015-03-21,Man City,West Brom,3.0,0.0,H,2.0,0.0,N Swarbrick,43.0,3.0,16.0,0.0,9.0,2.0,6.0,5.0,0.0,0.0,0.0,1.0,1.3,5.5,8.5,1.32,5.85,10.89,1.31,6.0,11.25,1.31,5.5,10.01
291,2014/15,2015-03-21,Newcastle,Arsenal,1.0,2.0,A,0.0,2.0,M Jones,16.0,7.0,4.0,3.0,9.0,4.0,11.0,7.0,0.0,0.0,0.0,0.0,6.0,3.8,1.57,6.15,4.34,1.6,5.75,4.2,1.65,5.71,4.04,1.59
292,2014/15,2015-03-21,Southampton,Burnley,2.0,0.0,H,1.0,0.0,R East,20.0,15.0,3.0,3.0,10.0,5.0,10.0,7.0,0.0,0.0,0.0,0.0,1.4,4.5,7.5,1.46,4.55,8.5,1.47,4.62,8.1,1.45,4.29,7.78
293,2014/15,2015-03-21,Stoke,Crystal Palace,1.0,2.0,A,1.0,2.0,A Marriner,17.0,12.0,4.0,3.0,8.0,4.0,15.0,14.0,3.0,4.0,0.0,0.0,2.1,3.3,3.5,2.16,3.34,3.88,2.54,3.17,3.2,2.13,3.25,3.65
294,2014/15,2015-03-21,Tottenham,Leicester,4.0,3.0,H,2.0,1.0,M Dean,10.0,14.0,4.0,5.0,4.0,4.0,8.0,9.0,2.0,1.0,0.0,0.0,1.53,4.0,6.0,1.59,4.36,6.15,1.67,4.11,5.65,1.56,4.16,5.91
295,2014/15,2015-03-21,West Ham,Sunderland,1.0,0.0,H,0.0,0.0,L Mason,15.0,7.0,4.0,3.0,6.0,4.0,14.0,11.0,0.0,1.0,0.0,0.0,1.8,3.5,4.5,1.81,3.69,5.14,1.85,3.61,4.98,1.81,3.54,4.61
296,2014/15,2015-03-22,Hull,Chelsea,2.0,3.0,A,2.0,2.0,M Oliver,19.0,8.0,8.0,3.0,6.0,6.0,14.0,11.0,0.0,2.0,0.0,0.0,7.0,4.33,1.44,8.52,4.42,1.48,8.0,4.08,1.54,7.87,4.23,1.45
297,2014/15,2015-03-22,Liverpool,Man United,1.0,2.0,A,0.0,1.0,M Atkinson,7.0,6.0,1.0,4.0,2.0,3.0,14.0,17.0,2.0,2.0,1.0,0.0,2.05,3.4,3.6,2.14,3.49,3.76,2.33,3.25,3.5,2.11,3.37,3.57
298,2014/15,2015-03-22,QPR,Everton,1.0,2.0,A,0.0,1.0,J Moss,14.0,8.0,1.0,3.0,1.0,3.0,11.0,12.0,2.0,1.0,0.0,0.0,3.3,3.4,2.15,3.55,3.42,2.25,3.65,3.55,2.15,3.35,3.35,2.2
299,2014/15,2015-04-04,Arsenal,Liverpool,4.0,1.0,H,3.0,0.0,A Taylor,16.0,13.0,10.0,2.0,6.0,5.0,7.0,9.0,1.0,0.0,0.0,1.0,1.83,3.75,4.2,1.85,3.89,4.51,1.85,3.74,4.67,1.83,3.68,4.35
300,2014/15,2015-04-04,Chelsea,Stoke,2.0,1.0,H,1.0,1.0,J Moss,19.0,7.0,10.0,2.0,9.0,0.0,5.0,22.0,1.0,6.0,0.0,0.0,1.29,5.5,11.0,1.27,6.06,14.38,1.32,5.5,12.55,1.27,5.55,12.62
301,2014/15,2015-04-04,Everton,Southampton,1.0,0.0,H,1.0,0.0,L Mason,11.0,11.0,1.0,2.0,4.0,10.0,12.0,17.0,0.0,1.0,0.0,0.0,2.63,3.2,2.8,2.73,3.3,2.85,2.9,3.21,2.75,2.64,3.18,2.81
302,2014/15,2015-04-04,Leicester,West Ham,2.0,1.0,H,1.0,1.0,M Clattenburg,20.0,14.0,7.0,7.0,7.0,6.0,12.0,10.0,0.0,3.0,0.0,0.0,2.38,3.3,3.1,2.33,3.54,3.24,2.12,3.64,3.65,2.32,3.38,3.11
303,2014/15,2015-04-04,Man United,Aston Villa,3.0,1.0,H,1.0,0.0,R East,19.0,4.0,7.0,2.0,10.0,2.0,15.0,12.0,0.0,1.0,0.0,0.0,1.3,5.5,10.0,1.31,5.7,12.0,1.36,5.14,10.85,1.3,5.29,10.76
304,2014/15,2015-04-04,Swansea,Hull,3.0,1.0,H,2.0,0.0,A Marriner,9.0,10.0,4.0,1.0,4.0,7.0,11.0,14.0,1.0,5.0,0.0,1.0,1.91,3.5,4.2,1.97,3.4,4.56,2.07,3.32,4.25,1.94,3.34,4.3
305,2014/15,2015-04-04,West Brom,QPR,1.0,4.0,A,0.0,3.0,L Probert,21.0,12.0,6.0,7.0,2.0,4.0,6.0,15.0,2.0,3.0,1.0,0.0,1.8,3.5,4.5,1.78,3.67,5.41,1.85,3.7,4.92,1.75,3.56,5.05
306,2014/15,2015-04-05,Burnley,Tottenham,0.0,0.0,D,0.0,0.0,M Atkinson,15.0,12.0,4.0,2.0,5.0,3.0,9.0,5.0,2.0,0.0,0.0,0.0,3.5,3.4,2.1,3.5,3.63,2.18,3.24,3.54,2.33,3.44,3.45,2.13
307,2014/15,2015-04-05,Sunderland,Newcastle,1.0,0.0,H,1.0,0.0,M Dean,16.0,10.0,4.0,1.0,8.0,4.0,14.0,18.0,5.0,2.0,0.0,0.0,2.5,3.1,3.1,2.59,3.29,3.03,2.87,3.08,2.88,2.51,3.19,2.97
308,2014/15,2015-04-06,Crystal Palace,Man City,2.0,1.0,H,1.0,0.0,M Oliver,5.0,22.0,3.0,4.0,4.0,13.0,11.0,11.0,2.0,1.0,0.0,0.0,5.0,4.0,1.67,5.6,4.03,1.68,5.6,4.1,1.67,5.19,3.92,1.66
309,2014/15,2015-04-07,Aston Villa,QPR,3.0,3.0,D,2.0,1.0,C Pawson,21.0,11.0,7.0,5.0,7.0,3.0,8.0,12.0,0.0,4.0,0.0,0.0,2.15,3.4,3.8,2.1,3.43,3.95,2.08,3.39,4.08,2.1,3.32,3.71
310,2014/15,2015-04-11,Burnley,Arsenal,0.0,1.0,A,0.0,1.0,M Dean,8.0,17.0,4.0,5.0,1.0,6.0,15.0,7.0,2.0,0.0,0.0,0.0,6.5,4.33,1.57,6.25,4.35,1.58,6.55,3.98,1.63,6.21,4.13,1.55
311,2014/15,2015-04-11,Southampton,Hull,2.0,0.0,H,0.0,0.0,K Friend,9.0,15.0,4.0,4.0,2.0,5.0,7.0,11.0,2.0,0.0,0.0,0.0,1.53,4.2,7.5,1.53,4.18,7.8,1.59,4.05,6.95,1.51,3.98,7.25
312,2014/15,2015-04-11,Sunderland,Crystal Palace,1.0,4.0,A,0.0,0.0,A Taylor,12.0,14.0,3.0,5.0,8.0,4.0,15.0,17.0,2.0,2.0,0.0,0.0,2.9,3.2,2.7,3.0,3.18,2.68,2.82,3.17,2.86,2.83,3.13,2.66
313,2014/15,2015-04-11,Swansea,Everton,1.0,1.0,D,0.0,1.0,M Oliver,11.0,12.0,3.0,8.0,3.0,6.0,18.0,12.0,3.0,3.0,0.0,0.0,2.5,3.3,3.1,2.48,3.31,3.17,2.52,3.3,3.12,2.45,3.23,3.02
314,2014/15,2015-04-11,Tottenham,Aston Villa,0.0,1.0,A,0.0,1.0,L Probert,14.0,10.0,3.0,3.0,9.0,6.0,11.0,12.0,3.0,2.0,0.0,1.0,1.62,4.2,6.0,1.63,4.26,5.93,1.63,4.1,6.2,1.6,4.05,5.72
315,2014/15,2015-04-11,West Brom,Leicester,2.0,3.0,A,2.0,1.0,M Atkinson,8.0,12.0,5.0,4.0,4.0,6.0,15.0,15.0,2.0,2.0,0.0,0.0,2.3,3.4,3.4,2.33,3.38,3.39,2.37,3.37,3.31,2.27,3.29,3.3
316,2014/15,2015-04-11,West Ham,Stoke,1.0,1.0,D,1.0,0.0,R East,11.0,18.0,3.0,2.0,4.0,10.0,17.0,13.0,3.0,1.0,0.0,0.0,2.3,3.4,3.4,2.33,3.37,3.4,2.15,3.45,3.8,2.26,3.29,3.31
317,2014/15,2015-04-12,Man United,Man City,4.0,2.0,H,2.0,1.0,M Clattenburg,11.0,10.0,7.0,3.0,1.0,5.0,9.0,16.0,0.0,3.0,0.0,0.0,2.63,3.4,2.88,2.74,3.5,2.71,2.81,3.29,2.78,2.61,3.34,2.72
318,2014/15,2015-04-12,QPR,Chelsea,0.0,1.0,A,0.0,0.0,A Marriner,15.0,9.0,4.0,1.0,5.0,6.0,12.0,6.0,2.0,1.0,0.0,0.0,9.0,5.0,1.4,9.2,4.99,1.4,9.5,4.82,1.41,8.59,4.79,1.38
319,2014/15,2015-04-13,Liverpool,Newcastle,2.0,0.0,H,1.0,0.0,L Mason,14.0,10.0,6.0,3.0,6.0,6.0,8.0,17.0,2.0,0.0,0.0,1.0,1.4,5.0,9.0,1.4,5.05,9.45,1.36,5.46,9.86,1.4,4.71,8.41
320,2014/15,2015-04-18,Chelsea,Man United,1.0,0.0,H,1.0,0.0,M Dean,7.0,15.0,2.0,2.0,3.0,7.0,13.0,11.0,7.0,1.0,0.0,0.0,2.0,3.4,4.33,2.0,3.45,4.33,1.97,3.47,4.44,2.0,3.37,4.0
321,2014/15,2015-04-18,Crystal Palace,West Brom,0.0,2.0,A,0.0,1.0,J Moss,19.0,8.0,4.0,4.0,7.0,6.0,17.0,17.0,3.0,3.0,0.0,0.0,1.95,3.5,4.5,1.92,3.5,4.69,2.07,3.32,4.24,1.92,3.41,4.26
322,2014/15,2015-04-18,Everton,Burnley,1.0,0.0,H,1.0,0.0,M Jones,21.0,10.0,8.0,1.0,5.0,6.0,12.0,15.0,1.0,2.0,0.0,1.0,1.73,3.8,5.5,1.76,3.81,5.29,1.86,3.59,4.87,1.71,3.7,5.18
323,2014/15,2015-04-18,Leicester,Swansea,2.0,0.0,H,1.0,0.0,L Probert,18.0,10.0,6.0,6.0,6.0,3.0,6.0,5.0,0.0,2.0,0.0,0.0,2.15,3.4,3.75,2.1,3.53,3.83,2.01,3.58,4.11,2.11,3.4,3.55
324,2014/15,2015-04-18,Stoke,Southampton,2.0,1.0,H,0.0,1.0,M Clattenburg,15.0,12.0,2.0,6.0,2.0,5.0,17.0,17.0,0.0,4.0,0.0,0.0,3.5,3.25,2.3,3.58,3.28,2.29,3.33,3.24,2.43,3.36,3.21,2.27
325,2014/15,2015-04-19,Man City,West Ham,2.0,0.0,H,2.0,0.0,A Taylor,18.0,9.0,3.0,3.0,6.0,3.0,10.0,6.0,2.0,2.0,0.0,0.0,1.25,6.5,11.0,1.25,6.76,13.35,1.27,6.7,11.9,1.25,6.05,11.88
326,2014/15,2015-04-19,Newcastle,Tottenham,1.0,3.0,A,0.0,1.0,K Friend,11.0,14.0,5.0,8.0,4.0,3.0,11.0,13.0,2.0,4.0,0.0,0.0,3.3,3.5,2.3,3.3,3.53,2.32,3.03,3.43,2.51,3.19,3.36,2.28
327,2014/15,2015-04-25,Burnley,Leicester,0.0,1.0,A,0.0,0.0,A Taylor,12.0,8.0,4.0,4.0,6.0,4.0,16.0,16.0,3.0,0.0,0.0,0.0,2.63,3.3,2.9,2.5,3.34,3.1,2.78,3.36,2.76,2.49,3.27,2.93
328,2014/15,2015-04-25,Crystal Palace,Hull,0.0,2.0,A,0.0,0.0,M Clattenburg,7.0,21.0,3.0,7.0,0.0,9.0,15.0,10.0,0.0,0.0,0.0,0.0,2.05,3.3,4.2,2.09,3.34,4.16,2.06,3.38,4.18,2.04,3.28,3.96
329,2014/15,2015-04-25,Man City,Aston Villa,3.0,2.0,H,1.0,0.0,M Dean,11.0,13.0,4.0,4.0,7.0,6.0,13.0,11.0,1.0,2.0,0.0,0.0,1.29,6.0,12.0,1.27,6.45,12.4,1.26,6.85,12.65,1.26,5.91,11.44
330,2014/15,2015-04-25,Newcastle,Swansea,2.0,3.0,A,1.0,1.0,N Swarbrick,12.0,11.0,4.0,6.0,9.0,6.0,14.0,9.0,1.0,2.0,0.0,0.0,2.45,3.25,3.25,2.42,3.33,3.26,2.32,3.32,3.48,2.39,3.22,3.13
331,2014/15,2015-04-25,QPR,West Ham,0.0,0.0,D,0.0,0.0,M Jones,18.0,8.0,7.0,2.0,6.0,6.0,14.0,12.0,1.0,0.0,0.0,0.0,2.38,3.4,3.25,2.39,3.47,3.2,2.26,3.51,3.42,2.33,3.35,3.1
332,2014/15,2015-04-25,Southampton,Tottenham,2.0,2.0,D,1.0,1.0,J Moss,13.0,7.0,4.0,2.0,8.0,3.0,9.0,10.0,1.0,3.0,0.0,0.0,2.1,3.5,3.8,2.05,3.49,4.06,2.08,3.5,3.94,2.06,3.4,3.73
333,2014/15,2015-04-25,Stoke,Sunderland,1.0,1.0,D,1.0,1.0,M Atkinson,23.0,15.0,8.0,5.0,9.0,8.0,14.0,15.0,2.0,3.0,0.0,0.0,1.91,3.5,4.75,1.93,3.45,4.73,1.79,3.68,5.25,1.9,3.38,4.43
334,2014/15,2015-04-25,West Brom,Liverpool,0.0,0.0,D,0.0,0.0,R East,10.0,22.0,4.0,5.0,2.0,4.0,12.0,11.0,1.0,0.0,0.0,0.0,4.0,3.6,2.0,4.15,3.51,2.02,4.34,3.54,1.97,3.94,3.44,1.99
335,2014/15,2015-04-26,Arsenal,Chelsea,0.0,0.0,D,0.0,0.0,M Oliver,12.0,7.0,1.0,3.0,6.0,2.0,17.0,11.0,4.0,3.0,0.0,0.0,2.4,3.3,3.3,2.35,3.29,3.44,2.45,3.27,3.26,2.36,3.22,3.19
336,2014/15,2015-04-26,Everton,Man United,3.0,0.0,H,2.0,0.0,A Marriner,9.0,17.0,7.0,4.0,7.0,7.0,6.0,10.0,0.0,2.0,0.0,0.0,3.75,3.4,2.15,3.66,3.39,2.2,4.04,3.51,2.04,3.54,3.33,2.16
337,2014/15,2015-04-28,Hull,Liverpool,1.0,0.0,H,1.0,0.0,L Probert,7.0,12.0,4.0,9.0,7.0,7.0,10.0,10.0,2.0,0.0,0.0,0.0,4.33,3.4,2.0,4.15,3.44,2.04,4.03,3.38,2.1,4.08,3.36,1.99
338,2014/15,2015-04-29,Leicester,Chelsea,1.0,3.0,A,1.0,0.0,M Clattenburg,8.0,11.0,2.0,4.0,2.0,6.0,10.0,1.0,1.0,0.0,0.0,0.0,5.75,3.8,1.7,5.58,3.98,1.69,5.0,3.78,1.8,5.35,3.78,1.67
339,2014/15,2015-05-02,Aston Villa,Everton,3.0,2.0,H,2.0,0.0,M Clattenburg,11.0,9.0,4.0,5.0,5.0,3.0,13.0,12.0,2.0,1.0,0.0,0.0,2.75,3.3,2.8,2.78,3.32,2.79,2.64,3.29,2.96,2.69,3.23,2.72
340,2014/15,2015-05-02,Leicester,Newcastle,3.0,0.0,H,2.0,0.0,M Dean,19.0,12.0,7.0,3.0,10.0,7.0,10.0,13.0,1.0,2.0,0.0,2.0,1.91,3.7,4.33,1.97,3.64,4.18,1.85,3.71,4.72,1.94,3.53,4.03
341,2014/15,2015-05-02,Liverpool,QPR,2.0,1.0,H,1.0,0.0,M Atkinson,25.0,10.0,8.0,2.0,9.0,6.0,9.0,18.0,2.0,3.0,0.0,1.0,1.36,5.25,10.0,1.38,5.2,9.56,1.36,5.6,9.5,1.37,4.97,8.69
342,2014/15,2015-05-02,Man United,West Brom,0.0,1.0,A,0.0,0.0,A Taylor,26.0,6.0,9.0,3.0,9.0,3.0,10.0,11.0,1.0,0.0,0.0,0.0,1.36,5.25,10.0,1.38,5.23,10.35,1.41,4.81,9.85,1.36,4.9,9.2
343,2014/15,2015-05-02,Sunderland,Southampton,2.0,1.0,H,1.0,1.0,M Jones,12.0,11.0,6.0,2.0,1.0,1.0,12.0,13.0,2.0,2.0,0.0,1.0,4.2,3.4,2.05,4.04,3.44,2.08,4.06,3.44,2.07,3.92,3.28,2.05
344,2014/15,2015-05-02,Swansea,Stoke,2.0,0.0,H,0.0,0.0,C Pawson,16.0,9.0,4.0,3.0,6.0,2.0,9.0,18.0,1.0,2.0,0.0,1.0,2.3,3.4,3.4,2.28,3.43,3.45,2.31,3.38,3.45,2.25,3.27,3.35
345,2014/15,2015-05-02,West Ham,Burnley,1.0,0.0,H,1.0,0.0,J Moss,29.0,8.0,7.0,2.0,13.0,3.0,11.0,7.0,3.0,2.0,0.0,1.0,2.25,3.5,3.4,2.29,3.45,3.39,2.38,3.43,3.25,2.22,3.34,3.36
346,2014/15,2015-05-03,Chelsea,Crystal Palace,1.0,0.0,H,1.0,0.0,K Friend,17.0,8.0,7.0,1.0,3.0,6.0,12.0,13.0,2.0,2.0,0.0,0.0,1.36,5.25,10.0,1.35,5.32,10.82,1.33,5.2,12.75,1.34,4.97,9.71
347,2014/15,2015-05-03,Tottenham,Man City,0.0,1.0,A,0.0,1.0,A Marriner,21.0,15.0,5.0,4.0,8.0,7.0,6.0,11.0,3.0,4.0,0.0,0.0,3.75,3.75,2.05,3.69,3.81,2.07,3.34,3.67,2.23,3.59,3.61,2.03
348,2014/15,2015-05-04,Hull,Arsenal,1.0,3.0,A,0.0,3.0,L Mason,8.0,22.0,1.0,9.0,0.0,5.0,8.0,11.0,2.0,0.0,0.0,0.0,5.5,4.0,1.7,5.52,3.9,1.72,5.53,3.73,1.75,5.25,3.72,1.7
349,2014/15,2015-05-09,Aston Villa,West Ham,1.0,0.0,H,1.0,0.0,L Mason,15.0,5.0,5.0,1.0,2.0,6.0,6.0,13.0,1.0,1.0,0.0,0.0,1.91,3.7,4.33,1.91,3.69,4.45,1.81,3.81,4.9,1.9,3.53,4.13
350,2014/15,2015-05-09,Crystal Palace,Man United,1.0,2.0,A,0.0,1.0,M Oliver,13.0,13.0,4.0,4.0,7.0,6.0,13.0,12.0,0.0,1.0,0.0,0.0,4.5,3.6,1.91,4.66,3.66,1.88,4.75,3.58,1.88,4.36,3.51,1.85
351,2014/15,2015-05-09,Everton,Sunderland,0.0,2.0,A,0.0,0.0,L Probert,22.0,10.0,4.0,3.0,15.0,1.0,10.0,9.0,2.0,3.0,0.0,0.0,1.8,3.75,5.0,1.79,3.8,5.06,1.68,3.85,5.98,1.77,3.59,4.82
352,2014/15,2015-05-09,Hull,Burnley,0.0,1.0,A,0.0,0.0,M Atkinson,21.0,8.0,3.0,2.0,9.0,3.0,16.0,12.0,1.0,1.0,0.0,0.0,1.95,3.5,4.5,1.93,3.58,4.5,1.9,3.49,4.79,1.91,3.43,4.27
353,2014/15,2015-05-09,Leicester,Southampton,2.0,0.0,H,2.0,0.0,R East,10.0,10.0,3.0,3.0,4.0,8.0,12.0,10.0,1.0,0.0,0.0,0.0,2.6,3.4,2.9,2.62,3.35,2.94,2.74,3.37,2.79,2.55,3.28,2.82
354,2014/15,2015-05-09,Newcastle,West Brom,1.0,1.0,D,1.0,1.0,C Foy,15.0,8.0,5.0,3.0,7.0,2.0,11.0,17.0,2.0,3.0,0.0,0.0,2.55,3.3,3.0,2.5,3.36,3.09,2.22,3.44,3.58,2.48,3.24,2.95
355,2014/15,2015-05-09,Stoke,Tottenham,3.0,0.0,H,2.0,0.0,M Clattenburg,17.0,9.0,9.0,3.0,6.0,8.0,14.0,12.0,0.0,0.0,0.0,1.0,2.9,3.4,2.6,2.9,3.45,2.59,3.4,3.45,2.29,2.84,3.3,2.52
356,2014/15,2015-05-10,Chelsea,Liverpool,1.0,1.0,D,1.0,1.0,A Marriner,8.0,15.0,3.0,4.0,6.0,4.0,13.0,11.0,4.0,3.0,0.0,0.0,2.1,3.5,3.8,2.1,3.44,3.96,2.18,3.46,3.67,2.07,3.35,3.72
357,2014/15,2015-05-10,Man City,QPR,6.0,0.0,H,2.0,0.0,M Dean,23.0,9.0,11.0,3.0,7.0,4.0,12.0,7.0,0.0,1.0,0.0,0.0,1.22,7.5,13.0,1.23,7.4,13.75,1.2,8.06,15.56,1.21,6.86,12.56
358,2014/15,2015-05-11,Arsenal,Swansea,0.0,1.0,A,0.0,0.0,K Friend,23.0,8.0,9.0,3.0,6.0,1.0,7.0,10.0,0.0,1.0,0.0,0.0,1.3,6.0,11.0,1.31,5.93,11.5,1.34,5.62,10.1,1.3,5.47,10.29
359,2014/15,2015-05-16,Burnley,Stoke,0.0,0.0,D,0.0,0.0,M Oliver,11.0,11.0,4.0,3.0,7.0,6.0,14.0,9.0,1.0,2.0,0.0,0.0,2.7,3.3,2.88,2.61,3.39,2.92,2.55,3.31,3.06,2.59,3.23,2.82
360,2014/15,2015-05-16,Liverpool,Crystal Palace,1.0,3.0,A,1.0,1.0,J Moss,18.0,15.0,3.0,6.0,4.0,5.0,10.0,17.0,2.0,3.0,0.0,0.0,1.45,4.75,8.0,1.49,4.76,7.23,1.45,4.82,7.95,1.45,4.48,7.27
361,2014/15,2015-05-16,QPR,Newcastle,2.0,1.0,H,0.0,1.0,L Probert,8.0,22.0,4.0,8.0,3.0,12.0,12.0,8.0,2.0,0.0,0.0,0.0,3.1,3.5,2.4,3.01,3.57,2.45,3.17,3.65,2.32,2.93,3.45,2.38
362,2014/15,2015-05-16,Southampton,Aston Villa,6.0,1.0,H,5.0,1.0,R Madley,18.0,9.0,11.0,4.0,6.0,3.0,19.0,7.0,1.0,1.0,0.0,0.0,1.75,3.8,5.25,1.76,3.83,5.25,1.75,4.07,4.9,1.75,3.66,4.93
363,2014/15,2015-05-16,Sunderland,Leicester,0.0,0.0,D,0.0,0.0,M Atkinson,13.0,11.0,3.0,0.0,8.0,9.0,14.0,15.0,4.0,1.0,0.0,0.0,2.8,3.3,2.75,2.83,3.3,2.75,3.14,3.25,2.53,2.71,3.22,2.7
364,2014/15,2015-05-16,Tottenham,Hull,2.0,0.0,H,0.0,0.0,A Taylor,10.0,14.0,3.0,2.0,6.0,8.0,10.0,6.0,3.0,1.0,0.0,0.0,1.8,3.8,4.75,1.79,3.99,4.72,1.86,3.76,4.6,1.77,3.78,4.57
365,2014/15,2015-05-16,West Ham,Everton,1.0,2.0,A,0.0,0.0,K Friend,13.0,21.0,3.0,5.0,7.0,8.0,12.0,14.0,1.0,4.0,0.0,0.0,2.9,3.4,2.6,2.99,3.5,2.51,2.48,3.47,3.04,2.86,3.33,2.49
366,2014/15,2015-05-17,Man United,Arsenal,1.0,1.0,D,1.0,0.0,M Dean,12.0,5.0,4.0,3.0,5.0,5.0,16.0,8.0,1.0,0.0,0.0,0.0,2.45,3.5,3.0,2.5,3.46,3.02,2.7,3.31,2.87,2.41,3.37,2.95
367,2014/15,2015-05-17,Swansea,Man City,2.0,4.0,A,1.0,2.0,M Clattenburg,13.0,22.0,9.0,11.0,11.0,7.0,8.0,8.0,0.0,3.0,0.0,0.0,4.75,4.2,1.75,5.03,4.23,1.71,4.9,4.15,1.74,4.79,3.92,1.71
368,2014/15,2015-05-18,West Brom,Chelsea,3.0,0.0,H,1.0,0.0,M Jones,9.0,12.0,5.0,3.0,3.0,4.0,12.0,11.0,3.0,2.0,0.0,1.0,4.1,3.5,2.0,4.21,3.54,2.0,5.56,3.95,1.7,3.94,3.41,1.99
369,2014/15,2015-05-20,Arsenal,Sunderland,0.0,0.0,D,0.0,0.0,A Taylor,28.0,7.0,8.0,3.0,5.0,2.0,6.0,8.0,1.0,0.0,0.0,0.0,1.3,6.0,11.0,1.32,5.46,12.31,1.29,6.2,11.95,1.29,5.5,10.83
370,2014/15,2015-05-24,Arsenal,West Brom,4.0,1.0,H,4.0,0.0,R Madley,24.0,14.0,13.0,5.0,7.0,3.0,6.0,7.0,1.0,0.0,0.0,0.0,1.4,5.25,8.5,1.43,4.91,8.53,1.35,5.7,9.5,1.39,4.8,8.06
371,2014/15,2015-05-24,Aston Villa,Burnley,0.0,1.0,A,0.0,1.0,M Jones,16.0,6.0,5.0,3.0,7.0,2.0,9.0,6.0,1.0,2.0,0.0,0.0,2.1,3.6,3.75,2.12,3.67,3.65,2.22,3.54,3.48,2.07,3.44,3.58
372,2014/15,2015-05-24,Chelsea,Sunderland,3.0,1.0,H,1.0,1.0,L Mason,24.0,17.0,8.0,9.0,11.0,3.0,12.0,8.0,2.0,1.0,0.0,0.0,1.36,5.25,9.5,1.36,5.33,10.43,1.31,6.05,11.0,1.34,5.06,9.37
373,2014/15,2015-05-24,Crystal Palace,Swansea,1.0,0.0,H,0.0,0.0,C Pawson,13.0,5.0,7.0,2.0,7.0,3.0,22.0,13.0,3.0,0.0,0.0,0.0,2.25,3.6,3.3,2.21,3.7,3.38,1.85,3.84,4.54,2.19,3.45,3.27
374,2014/15,2015-05-24,Everton,Tottenham,0.0,1.0,A,0.0,1.0,J Moss,9.0,16.0,1.0,3.0,3.0,5.0,12.0,8.0,1.0,2.0,0.0,0.0,2.4,3.6,3.0,2.31,3.72,3.12,2.31,3.7,3.15,2.32,3.48,2.99
375,2014/15,2015-05-24,Hull,Man United,0.0,0.0,D,0.0,0.0,L Probert,16.0,7.0,6.0,1.0,8.0,1.0,12.0,15.0,2.0,2.0,0.0,1.0,3.2,3.75,2.25,3.22,3.71,2.27,3.2,3.76,2.27,3.14,3.55,2.21
376,2014/15,2015-05-24,Leicester,QPR,5.0,1.0,H,2.0,0.0,M Oliver,22.0,18.0,7.0,2.0,5.0,6.0,7.0,6.0,0.0,0.0,0.0,0.0,1.6,4.33,6.0,1.57,4.57,6.02,1.53,4.94,6.13,1.56,4.21,5.71
377,2014/15,2015-05-24,Man City,Southampton,2.0,0.0,H,1.0,0.0,C Foy,15.0,13.0,6.0,4.0,8.0,4.0,13.0,8.0,1.0,1.0,0.0,0.0,1.57,4.5,6.0,1.6,4.62,5.59,1.6,4.35,6.0,1.56,4.27,5.61
378,2014/15,2015-05-24,Newcastle,West Ham,2.0,0.0,H,0.0,0.0,M Atkinson,17.0,4.0,4.0,1.0,2.0,3.0,9.0,9.0,2.0,1.0,0.0,0.0,1.83,4.0,4.33,1.79,4.0,4.69,1.76,4.01,4.98,1.77,3.84,4.42
379,2014/15,2015-05-24,Stoke,Liverpool,6.0,1.0,H,5.0,0.0,A Taylor,15.0,13.0,9.0,4.0,3.0,9.0,13.0,4.0,4.0,2.0,0.0,0.0,3.5,3.6,2.15,3.51,3.7,2.15,3.56,3.6,2.17,3.42,3.48,2.12
380,2015/16,2015-08-08,Bournemouth,Aston Villa,0.0,1.0,A,0.0,0.0,M Clattenburg,11.0,7.0,2.0,3.0,6.0,3.0,13.0,13.0,3.0,4.0,0.0,0.0,2.0,3.6,4.0,1.95,3.65,4.27,1.82,3.88,4.7,1.96,3.48,3.98
381,2015/16,2015-08-08,Chelsea,Swansea,2.0,2.0,D,2.0,1.0,M Oliver,11.0,18.0,3.0,10.0,4.0,8.0,15.0,16.0,1.0,3.0,1.0,0.0,1.36,5.0,11.0,1.39,4.92,10.39,1.37,5.04,10.88,1.37,4.66,9.57
382,2015/16,2015-08-08,Everton,Watford,2.0,2.0,D,0.0,1.0,M Jones,10.0,11.0,5.0,5.0,8.0,2.0,7.0,13.0,1.0,2.0,0.0,0.0,1.7,3.9,5.5,1.7,3.95,5.62,1.75,3.76,5.44,1.69,3.76,5.25
383,2015/16,2015-08-08,Leicester,Sunderland,4.0,2.0,H,3.0,0.0,L Mason,19.0,10.0,8.0,5.0,6.0,3.0,13.0,17.0,2.0,4.0,0.0,0.0,1.95,3.5,4.33,1.99,3.48,4.34,1.79,3.74,5.1,1.96,3.37,4.06
384,2015/16,2015-08-08,Man United,Tottenham,1.0,0.0,H,1.0,0.0,J Moss,9.0,9.0,1.0,4.0,1.0,2.0,12.0,12.0,2.0,3.0,0.0,0.0,1.65,4.0,6.0,1.65,4.09,5.9,1.64,4.07,6.04,1.63,3.9,5.65
385,2015/16,2015-08-08,Norwich,Crystal Palace,1.0,3.0,A,0.0,1.0,S Hooper,17.0,11.0,6.0,7.0,1.0,4.0,14.0,20.0,1.0,0.0,0.0,0.0,2.55,3.3,3.0,2.52,3.35,3.08,2.46,3.39,3.14,2.53,3.21,2.92
386,2015/16,2015-08-09,Arsenal,West Ham,0.0,2.0,A,0.0,1.0,M Atkinson,22.0,8.0,6.0,4.0,5.0,4.0,12.0,9.0,1.0,3.0,0.0,0.0,1.29,6.0,12.0,1.31,5.75,12.0,1.24,6.75,15.0,1.29,5.53,10.75
387,2015/16,2015-08-09,Newcastle,Southampton,2.0,2.0,D,1.0,1.0,C Pawson,9.0,15.0,4.0,5.0,6.0,6.0,9.0,12.0,2.0,4.0,0.0,0.0,2.88,3.3,2.7,2.88,3.33,2.69,3.09,3.28,2.55,2.79,3.23,2.63
388,2015/16,2015-08-09,Stoke,Liverpool,0.0,1.0,A,0.0,0.0,A Taylor,7.0,8.0,1.0,3.0,3.0,5.0,9.0,16.0,2.0,4.0,0.0,0.0,3.4,3.4,2.3,3.48,3.46,2.25,3.89,3.51,2.09,3.33,3.33,2.24
389,2015/16,2015-08-10,West Brom,Man City,0.0,3.0,A,0.0,2.0,M Dean,9.0,19.0,2.0,7.0,6.0,6.0,12.0,9.0,4.0,1.0,0.0,0.0,5.75,4.0,1.67,5.75,3.98,1.68,6.46,4.08,1.61,5.46,3.85,1.66
390,2015/16,2015-08-14,Aston Villa,Man United,0.0,1.0,A,0.0,1.0,M Dean,5.0,9.0,1.0,2.0,3.0,5.0,14.0,10.0,2.0,2.0,0.0,0.0,5.5,3.8,1.73,5.66,3.83,1.72,5.06,3.76,1.8,5.37,3.67,1.71
391,2015/16,2015-08-15,Southampton,Everton,0.0,3.0,A,0.0,2.0,M Oliver,17.0,10.0,4.0,4.0,9.0,9.0,11.0,10.0,4.0,2.0,0.0,0.0,1.95,3.6,4.33,1.98,3.6,4.21,2.03,3.54,4.08,1.95,3.45,4.09
392,2015/16,2015-08-15,Sunderland,Norwich,1.0,3.0,A,0.0,2.0,K Friend,6.0,19.0,2.0,6.0,6.0,6.0,7.0,7.0,1.0,2.0,0.0,0.0,2.5,3.3,3.1,2.52,3.35,3.08,2.86,3.39,2.66,2.47,3.2,3.01
393,2015/16,2015-08-15,Swansea,Newcastle,2.0,0.0,H,1.0,0.0,M Jones,19.0,4.0,6.0,2.0,4.0,4.0,11.0,8.0,2.0,1.0,0.0,1.0,1.95,3.6,4.33,1.94,3.66,4.3,1.85,3.86,4.49,1.92,3.51,4.11
394,2015/16,2015-08-15,Tottenham,Stoke,2.0,2.0,D,2.0,0.0,R Madley,13.0,16.0,7.0,7.0,4.0,3.0,15.0,11.0,2.0,2.0,0.0,0.0,1.8,3.75,5.0,1.79,3.75,5.09,1.74,3.76,5.55,1.77,3.66,4.8
395,2015/16,2015-08-15,Watford,West Brom,0.0,0.0,D,0.0,0.0,P Tierney,16.0,6.0,5.0,0.0,2.0,4.0,13.0,10.0,1.0,2.0,0.0,0.0,2.3,3.4,3.4,2.25,3.41,3.54,2.09,3.62,3.76,2.25,3.3,3.33
396,2015/16,2015-08-15,West Ham,Leicester,1.0,2.0,A,0.0,2.0,A Taylor,10.0,11.0,3.0,6.0,8.0,4.0,11.0,12.0,1.0,3.0,1.0,0.0,2.25,3.5,3.4,2.25,3.52,3.42,2.38,3.54,3.15,2.25,3.36,3.27
397,2015/16,2015-08-16,Crystal Palace,Arsenal,1.0,2.0,A,1.0,1.0,L Mason,11.0,20.0,4.0,7.0,6.0,6.0,14.0,12.0,1.0,1.0,0.0,0.0,5.25,3.9,1.73,5.34,3.97,1.72,5.4,4.08,1.69,5.0,3.78,1.71
398,2015/16,2015-08-16,Man City,Chelsea,3.0,0.0,H,1.0,0.0,M Atkinson,18.0,10.0,8.0,3.0,5.0,1.0,19.0,13.0,4.0,2.0,0.0,0.0,2.1,3.5,3.75,2.08,3.56,3.87,2.01,3.69,3.97,2.09,3.4,3.66
399,2015/16,2015-08-17,Liverpool,Bournemouth,1.0,0.0,H,1.0,0.0,C Pawson,18.0,13.0,2.0,2.0,6.0,8.0,11.0,18.0,1.0,4.0,0.0,0.0,1.45,4.75,8.0,1.44,4.74,8.6,1.54,4.37,7.07,1.44,4.46,7.71
400,2015/16,2015-08-22,Crystal Palace,Aston Villa,2.0,1.0,H,0.0,0.0,K Stroud,16.0,11.0,6.0,2.0,6.0,4.0,12.0,15.0,3.0,3.0,0.0,0.0,1.85,3.6,4.75,1.85,3.63,4.89,1.81,3.79,4.93,1.83,3.52,4.52
401,2015/16,2015-08-22,Leicester,Tottenham,1.0,1.0,D,0.0,0.0,M Atkinson,13.0,19.0,2.0,6.0,2.0,7.0,7.0,14.0,1.0,4.0,0.0,0.0,2.63,3.6,2.75,2.69,3.52,2.75,2.61,3.5,2.85,2.63,3.38,2.67
402,2015/16,2015-08-22,Man United,Newcastle,0.0,0.0,D,0.0,0.0,C Pawson,20.0,7.0,8.0,0.0,11.0,5.0,15.0,11.0,2.0,2.0,0.0,0.0,1.36,5.25,10.0,1.39,5.15,9.62,1.34,5.44,11.12,1.36,4.91,8.9
403,2015/16,2015-08-22,Norwich,Stoke,1.0,1.0,D,1.0,1.0,M Dean,21.0,6.0,7.0,1.0,9.0,0.0,16.0,5.0,4.0,1.0,0.0,0.0,2.3,3.3,3.5,2.34,3.39,3.37,2.15,3.42,3.82,2.3,3.27,3.22
404,2015/16,2015-08-22,Sunderland,Swansea,1.0,1.0,D,0.0,1.0,N Swarbrick,10.0,20.0,2.0,9.0,3.0,4.0,16.0,9.0,4.0,2.0,0.0,0.0,4.0,3.4,2.1,3.79,3.45,2.14,3.91,3.55,2.07,3.74,3.33,2.07
405,2015/16,2015-08-22,West Ham,Bournemouth,3.0,4.0,A,0.0,2.0,J Moss,10.0,15.0,4.0,7.0,5.0,4.0,8.0,11.0,0.0,0.0,1.0,0.0,2.38,3.4,3.2,2.43,3.44,3.15,2.64,3.51,2.81,2.34,3.35,3.09
406,2015/16,2015-08-23,Everton,Man City,0.0,2.0,A,0.0,0.0,A Taylor,10.0,16.0,1.0,9.0,8.0,7.0,5.0,7.0,0.0,3.0,0.0,0.0,5.0,4.0,1.73,4.85,4.08,1.76,5.47,4.1,1.68,4.72,3.92,1.73
407,2015/16,2015-08-23,Watford,Southampton,0.0,0.0,D,0.0,0.0,A Marriner,13.0,14.0,0.0,5.0,5.0,2.0,10.0,11.0,0.0,2.0,0.0,0.0,2.8,3.3,2.75,2.76,3.36,2.78,2.76,3.34,2.79,2.7,3.25,2.7
408,2015/16,2015-08-23,West Brom,Chelsea,2.0,3.0,A,1.0,3.0,M Clattenburg,15.0,15.0,6.0,5.0,8.0,7.0,9.0,12.0,2.0,1.0,0.0,1.0,6.5,4.0,1.62,6.25,3.93,1.65,7.25,4.12,1.56,5.93,3.79,1.62
409,2015/16,2015-08-24,Arsenal,Liverpool,0.0,0.0,D,0.0,0.0,M Oliver,19.0,15.0,5.0,8.0,7.0,8.0,2.0,13.0,1.0,4.0,0.0,0.0,1.75,4.0,5.0,1.74,4.0,5.12,1.8,4.05,4.6,1.72,3.82,4.9
410,2015/16,2015-08-29,Aston Villa,Sunderland,2.0,2.0,D,2.0,1.0,R Madley,21.0,7.0,6.0,3.0,5.0,4.0,10.0,14.0,2.0,1.0,0.0,0.0,1.91,3.5,4.75,1.93,3.51,4.62,2.12,3.31,4.07,1.89,3.42,4.38
411,2015/16,2015-08-29,Bournemouth,Leicester,1.0,1.0,D,1.0,0.0,N Swarbrick,5.0,4.0,2.0,2.0,4.0,4.0,9.0,19.0,2.0,4.0,0.0,0.0,2.2,3.6,3.4,2.15,3.63,3.57,2.06,3.65,3.82,2.14,3.48,3.38
412,2015/16,2015-08-29,Chelsea,Crystal Palace,1.0,2.0,A,0.0,0.0,C Pawson,26.0,13.0,9.0,6.0,7.0,7.0,9.0,15.0,1.0,1.0,0.0,0.0,1.36,5.0,11.0,1.37,5.26,10.17,1.37,5.1,10.31,1.35,4.94,9.38
413,2015/16,2015-08-29,Liverpool,West Ham,0.0,3.0,A,0.0,2.0,K Friend,13.0,12.0,1.0,5.0,5.0,7.0,17.0,11.0,3.0,1.0,1.0,1.0,1.36,5.5,9.0,1.36,5.28,10.21,1.37,5.28,9.74,1.36,4.99,9.06
414,2015/16,2015-08-29,Man City,Watford,2.0,0.0,H,0.0,0.0,M Clattenburg,18.0,7.0,5.0,0.0,9.0,3.0,9.0,12.0,1.0,2.0,0.0,0.0,1.2,8.0,15.0,1.19,8.0,17.75,1.22,7.05,16.5,1.19,7.15,14.45
415,2015/16,2015-08-29,Newcastle,Arsenal,0.0,1.0,A,0.0,0.0,A Marriner,1.0,22.0,0.0,9.0,0.0,9.0,15.0,8.0,6.0,1.0,1.0,0.0,6.0,4.2,1.62,6.13,4.21,1.61,5.81,4.48,1.6,5.7,3.99,1.61
416,2015/16,2015-08-29,Stoke,West Brom,0.0,1.0,A,0.0,1.0,M Oliver,13.0,15.0,5.0,5.0,6.0,5.0,4.0,9.0,1.0,4.0,2.0,0.0,1.95,3.4,4.5,1.95,3.5,4.5,2.16,3.27,3.98,1.93,3.39,4.22
417,2015/16,2015-08-29,Tottenham,Everton,0.0,0.0,D,0.0,0.0,M Jones,20.0,8.0,6.0,3.0,6.0,2.0,20.0,9.0,4.0,1.0,0.0,0.0,2.0,3.5,4.2,1.97,3.72,4.09,2.1,3.55,3.81,1.94,3.53,3.98
418,2015/16,2015-08-30,Southampton,Norwich,3.0,0.0,H,1.0,0.0,J Moss,23.0,6.0,8.0,1.0,6.0,4.0,4.0,12.0,0.0,0.0,0.0,1.0,2.05,3.5,4.0,2.05,3.54,4.0,2.11,3.4,3.95,2.01,3.44,3.82
419,2015/16,2015-08-30,Swansea,Man United,2.0,1.0,H,0.0,0.0,M Atkinson,9.0,11.0,4.0,4.0,0.0,1.0,6.0,15.0,2.0,2.0,0.0,0.0,3.6,3.3,2.25,3.55,3.45,2.23,3.82,3.41,2.15,3.42,3.31,2.19
420,2015/16,2015-09-12,Arsenal,Stoke,2.0,0.0,H,1.0,0.0,J Moss,29.0,9.0,12.0,4.0,13.0,1.0,6.0,13.0,1.0,1.0,0.0,0.0,1.29,6.0,12.0,1.28,6.12,13.0,1.3,6.3,11.0,1.27,5.71,11.27
421,2015/16,2015-09-12,Crystal Palace,Man City,0.0,1.0,A,0.0,0.0,M Jones,10.0,21.0,2.0,7.0,4.0,4.0,13.0,13.0,2.0,3.0,0.0,0.0,5.5,4.2,1.67,5.75,4.16,1.65,4.95,3.89,1.78,5.44,4.05,1.62
422,2015/16,2015-09-12,Everton,Chelsea,3.0,1.0,H,2.0,1.0,A Marriner,14.0,15.0,9.0,2.0,7.0,14.0,12.0,12.0,2.0,2.0,0.0,0.0,4.0,3.6,2.0,4.11,3.57,2.01,3.56,3.51,2.2,3.91,3.45,1.99
423,2015/16,2015-09-12,Man United,Liverpool,3.0,1.0,H,0.0,0.0,M Oliver,9.0,8.0,3.0,4.0,4.0,4.0,6.0,11.0,1.0,2.0,0.0,0.0,2.0,3.4,4.33,1.94,3.49,4.56,1.94,3.41,4.7,1.93,3.41,4.27
424,2015/16,2015-09-12,Norwich,Bournemouth,3.0,1.0,H,1.0,0.0,M Atkinson,12.0,7.0,4.0,2.0,4.0,4.0,10.0,11.0,2.0,3.0,0.0,0.0,2.4,3.4,3.2,2.36,3.48,3.23,2.42,3.48,3.13,2.33,3.36,3.11
425,2015/16,2015-09-12,Watford,Swansea,1.0,0.0,H,0.0,0.0,R Madley,17.0,8.0,6.0,3.0,1.0,3.0,11.0,14.0,1.0,1.0,1.0,0.0,2.75,3.4,2.75,2.75,3.34,2.8,2.62,3.39,2.92,2.68,3.23,2.74
426,2015/16,2015-09-12,West Brom,Southampton,0.0,0.0,D,0.0,0.0,S Attwell,8.0,14.0,1.0,4.0,4.0,5.0,5.0,5.0,1.0,0.0,0.0,0.0,3.2,3.2,2.5,3.21,3.26,2.49,3.25,3.38,2.4,3.09,3.16,2.45
427,2015/16,2015-09-13,Leicester,Aston Villa,3.0,2.0,H,0.0,1.0,M Dean,21.0,11.0,6.0,4.0,4.0,5.0,8.0,13.0,2.0,1.0,0.0,0.0,1.91,3.75,4.33,1.86,3.74,4.62,1.88,3.78,4.47,1.86,3.58,4.32
428,2015/16,2015-09-13,Sunderland,Tottenham,0.0,1.0,A,0.0,0.0,C Pawson,12.0,15.0,2.0,4.0,6.0,8.0,11.0,12.0,2.0,1.0,0.0,0.0,4.33,3.6,1.95,4.32,3.65,1.94,4.26,3.69,1.94,4.14,3.49,1.92
429,2015/16,2015-09-14,West Ham,Newcastle,2.0,0.0,H,1.0,0.0,A Taylor,17.0,14.0,3.0,4.0,6.0,7.0,8.0,11.0,0.0,2.0,0.0,0.0,2.25,3.5,3.4,2.23,3.53,3.48,2.09,3.63,3.77,2.19,3.41,3.33
430,2015/16,2015-09-19,Aston Villa,West Brom,0.0,1.0,A,0.0,1.0,M Atkinson,13.0,11.0,3.0,6.0,2.0,7.0,10.0,11.0,2.0,3.0,0.0,0.0,2.3,3.25,3.5,2.32,3.23,3.57,2.4,3.18,3.46,2.28,3.2,3.36
431,2015/16,2015-09-19,Bournemouth,Sunderland,2.0,0.0,H,2.0,0.0,K Friend,15.0,9.0,5.0,2.0,7.0,3.0,14.0,15.0,2.0,4.0,0.0,1.0,1.7,4.0,5.5,1.71,3.99,5.35,1.57,4.75,5.75,1.7,3.79,5.14
432,2015/16,2015-09-19,Chelsea,Arsenal,2.0,0.0,H,0.0,0.0,M Dean,22.0,9.0,7.0,2.0,5.0,5.0,12.0,11.0,3.0,1.0,0.0,2.0,2.45,3.5,3.0,2.45,3.51,3.06,2.65,3.46,2.82,2.41,3.38,2.97
433,2015/16,2015-09-19,Man City,West Ham,1.0,2.0,A,1.0,2.0,R Madley,27.0,6.0,8.0,3.0,16.0,3.0,10.0,7.0,1.0,2.0,0.0,0.0,1.29,6.5,11.0,1.27,6.45,12.78,1.29,6.2,11.5,1.26,6.08,11.33
434,2015/16,2015-09-19,Newcastle,Watford,1.0,2.0,A,0.0,2.0,R East,15.0,13.0,5.0,4.0,5.0,5.0,8.0,12.0,1.0,2.0,0.0,0.0,2.5,3.3,3.1,2.54,3.36,3.04,2.16,3.47,3.73,2.47,3.25,2.97
435,2015/16,2015-09-19,Stoke,Leicester,2.0,2.0,D,2.0,0.0,A Marriner,11.0,12.0,4.0,5.0,3.0,4.0,7.0,12.0,1.0,4.0,0.0,0.0,2.5,3.4,3.0,2.47,3.41,3.1,2.99,3.45,2.53,2.43,3.3,2.98
436,2015/16,2015-09-19,Swansea,Everton,0.0,0.0,D,0.0,0.0,S Attwell,12.0,17.0,3.0,2.0,2.0,4.0,12.0,11.0,2.0,2.0,0.0,1.0,2.3,3.4,3.4,2.3,3.44,3.4,2.21,3.45,3.61,2.26,3.33,3.27
437,2015/16,2015-09-20,Liverpool,Norwich,1.0,1.0,D,0.0,0.0,A Taylor,23.0,7.0,7.0,2.0,6.0,2.0,4.0,13.0,1.0,2.0,0.0,0.0,1.67,4.0,5.75,1.68,3.94,5.81,1.59,4.23,6.5,1.64,3.86,5.54
438,2015/16,2015-09-20,Southampton,Man United,2.0,3.0,A,1.0,1.0,M Clattenburg,15.0,10.0,8.0,3.0,5.0,5.0,6.0,13.0,2.0,0.0,0.0,0.0,3.1,3.3,2.5,3.22,3.3,2.46,3.45,3.28,2.35,3.06,3.19,2.44
439,2015/16,2015-09-20,Tottenham,Crystal Palace,1.0,0.0,H,0.0,0.0,M Oliver,22.0,12.0,6.0,4.0,6.0,5.0,9.0,11.0,1.0,2.0,0.0,0.0,2.0,3.6,4.0,1.99,3.61,4.15,1.94,3.78,4.15,1.97,3.48,3.95
440,2015/16,2015-09-26,Leicester,Arsenal,2.0,5.0,A,1.0,2.0,C Pawson,16.0,26.0,7.0,12.0,6.0,5.0,9.0,12.0,1.0,1.0,0.0,0.0,4.5,4.0,1.8,4.55,3.97,1.83,4.76,4.03,1.78,4.26,3.81,1.82
441,2015/16,2015-09-26,Liverpool,Aston Villa,3.0,2.0,H,1.0,0.0,J Moss,21.0,10.0,12.0,4.0,11.0,1.0,8.0,13.0,0.0,0.0,0.0,0.0,1.53,4.33,7.0,1.53,4.28,7.48,1.5,4.42,7.79,1.52,4.13,6.81
442,2015/16,2015-09-26,Man United,Sunderland,3.0,0.0,H,1.0,0.0,M Jones,12.0,9.0,7.0,4.0,5.0,2.0,12.0,17.0,0.0,3.0,0.0,0.0,1.2,7.5,16.0,1.23,6.9,16.7,1.22,7.7,13.75,1.21,6.57,13.85
443,2015/16,2015-09-26,Newcastle,Chelsea,2.0,2.0,D,1.0,0.0,M Atkinson,11.0,16.0,5.0,4.0,4.0,6.0,12.0,15.0,1.0,2.0,0.0,0.0,6.0,4.2,1.62,5.98,4.16,1.63,5.8,4.24,1.63,5.62,3.94,1.62
444,2015/16,2015-09-26,Southampton,Swansea,3.0,1.0,H,1.0,0.0,R East,18.0,11.0,7.0,4.0,4.0,3.0,18.0,14.0,3.0,1.0,0.0,0.0,2.05,3.4,4.2,2.04,3.51,4.07,1.85,3.71,4.79,2.03,3.37,3.86
445,2015/16,2015-09-26,Stoke,Bournemouth,2.0,1.0,H,1.0,0.0,L Mason,8.0,11.0,5.0,6.0,3.0,7.0,13.0,11.0,1.0,0.0,0.0,0.0,2.55,3.3,3.0,2.47,3.46,3.06,2.43,3.49,3.1,2.48,3.31,2.9
446,2015/16,2015-09-26,Tottenham,Man City,4.0,1.0,H,1.0,1.0,M Clattenburg,15.0,22.0,8.0,8.0,5.0,9.0,17.0,6.0,5.0,1.0,0.0,0.0,4.2,3.8,1.91,4.03,3.82,1.96,3.49,3.51,2.23,3.94,3.62,1.93
447,2015/16,2015-09-26,West Ham,Norwich,2.0,2.0,D,1.0,1.0,M Dean,19.0,16.0,7.0,7.0,7.0,5.0,7.0,17.0,0.0,0.0,0.0,0.0,2.25,3.5,3.4,2.22,3.54,3.49,2.25,3.49,3.45,2.22,3.4,3.28
448,2015/16,2015-09-27,Watford,Crystal Palace,0.0,1.0,A,0.0,0.0,A Taylor,15.0,16.0,2.0,3.0,6.0,4.0,17.0,22.0,4.0,4.0,0.0,0.0,2.5,3.3,3.1,2.49,3.36,3.12,2.61,3.38,2.93,2.48,3.25,2.96
449,2015/16,2015-09-28,West Brom,Everton,2.0,3.0,A,1.0,0.0,R Madley,9.0,12.0,4.0,4.0,6.0,4.0,9.0,8.0,0.0,3.0,0.0,0.0,3.1,3.3,2.5,3.06,3.39,2.51,3.02,3.36,2.55,2.98,3.25,2.47
450,2015/16,2015-10-03,Aston Villa,Stoke,0.0,1.0,A,0.0,0.0,M Jones,13.0,12.0,2.0,5.0,9.0,5.0,12.0,12.0,1.0,0.0,0.0,0.0,2.5,3.3,3.1,2.5,3.34,3.11,2.71,3.25,2.91,2.47,3.23,2.99
451,2015/16,2015-10-03,Bournemouth,Watford,1.0,1.0,D,1.0,1.0,M Oliver,12.0,11.0,6.0,2.0,5.0,3.0,8.0,13.0,1.0,1.0,0.0,0.0,2.1,3.5,3.8,2.13,3.54,3.72,2.21,3.34,3.72,2.1,3.39,3.62
452,2015/16,2015-10-03,Chelsea,Southampton,1.0,3.0,A,1.0,1.0,R Madley,10.0,13.0,3.0,5.0,4.0,6.0,14.0,14.0,2.0,5.0,0.0,0.0,1.83,3.7,4.8,1.83,3.76,4.84,1.79,3.9,4.89,1.8,3.63,4.61
453,2015/16,2015-10-03,Crystal Palace,West Brom,2.0,0.0,H,0.0,0.0,J Moss,21.0,7.0,8.0,2.0,8.0,3.0,14.0,13.0,3.0,3.0,0.0,0.0,1.83,3.6,5.0,1.84,3.65,4.93,1.83,3.64,5.0,1.81,3.49,4.74
454,2015/16,2015-10-03,Man City,Newcastle,6.0,1.0,H,1.0,1.0,K Friend,23.0,6.0,11.0,4.0,6.0,3.0,13.0,8.0,3.0,1.0,0.0,0.0,1.25,7.0,13.0,1.24,6.9,13.8,1.22,7.3,14.85,1.23,6.59,12.3
455,2015/16,2015-10-03,Norwich,Leicester,1.0,2.0,A,0.0,1.0,M Clattenburg,17.0,16.0,2.0,5.0,16.0,8.0,4.0,4.0,0.0,1.0,0.0,0.0,2.3,3.5,3.3,2.26,3.63,3.31,2.33,3.44,3.34,2.25,3.46,3.15
456,2015/16,2015-10-03,Sunderland,West Ham,2.0,2.0,D,2.0,1.0,N Swarbrick,12.0,20.0,3.0,6.0,1.0,8.0,14.0,11.0,2.0,4.0,1.0,0.0,3.2,3.4,2.4,3.13,3.46,2.43,3.03,3.55,2.45,3.05,3.34,2.37
457,2015/16,2015-10-04,Arsenal,Man United,3.0,0.0,H,3.0,0.0,A Taylor,12.0,9.0,5.0,5.0,3.0,6.0,8.0,17.0,1.0,3.0,0.0,0.0,2.0,3.8,3.8,2.06,3.67,3.81,2.01,3.81,3.84,2.01,3.59,3.69
458,2015/16,2015-10-04,Everton,Liverpool,1.0,1.0,D,1.0,1.0,M Atkinson,14.0,13.0,4.0,4.0,5.0,11.0,10.0,19.0,3.0,3.0,0.0,0.0,2.7,3.4,2.8,2.75,3.42,2.75,3.16,3.44,2.42,2.66,3.27,2.74
459,2015/16,2015-10-04,Swansea,Tottenham,2.0,2.0,D,2.0,1.0,M Dean,11.0,19.0,2.0,11.0,5.0,6.0,8.0,19.0,1.0,4.0,0.0,0.0,2.75,3.25,2.8,2.72,3.33,2.84,2.68,3.46,2.79,2.66,3.28,2.7
460,2015/16,2015-10-17,Chelsea,Aston Villa,2.0,0.0,H,1.0,0.0,R East,9.0,8.0,3.0,1.0,4.0,4.0,22.0,17.0,1.0,3.0,0.0,0.0,1.33,5.75,10.0,1.34,5.41,11.0,1.33,5.83,10.2,1.34,5.13,9.41
461,2015/16,2015-10-17,Crystal Palace,West Ham,1.0,3.0,A,1.0,1.0,M Clattenburg,6.0,24.0,1.0,4.0,1.0,9.0,9.0,11.0,1.0,3.0,1.0,0.0,2.0,3.6,4.0,2.01,3.67,3.99,1.96,3.77,4.08,1.98,3.54,3.8
462,2015/16,2015-10-17,Everton,Man United,0.0,3.0,A,0.0,2.0,J Moss,12.0,10.0,3.0,7.0,5.0,3.0,12.0,14.0,2.0,2.0,0.0,0.0,3.25,3.4,2.38,3.23,3.4,2.4,3.29,3.48,2.33,3.15,3.29,2.35
463,2015/16,2015-10-17,Man City,Bournemouth,5.0,1.0,H,4.0,1.0,M Dean,15.0,5.0,11.0,1.0,1.0,7.0,11.0,5.0,2.0,1.0,0.0,0.0,1.33,5.75,10.0,1.34,5.58,10.6,1.34,5.38,10.93,1.33,5.23,9.31
464,2015/16,2015-10-17,Southampton,Leicester,2.0,2.0,D,2.0,0.0,P Tierney,14.0,26.0,6.0,7.0,6.0,7.0,16.0,10.0,2.0,0.0,0.0,0.0,1.75,4.0,5.0,1.76,3.88,5.1,1.73,3.94,5.32,1.75,3.75,4.71
465,2015/16,2015-10-17,Tottenham,Liverpool,0.0,0.0,D,0.0,0.0,C Pawson,13.0,12.0,4.0,3.0,8.0,6.0,15.0,11.0,1.0,2.0,0.0,0.0,2.5,3.5,3.0,2.48,3.54,2.99,2.28,3.52,3.36,2.43,3.4,2.91
466,2015/16,2015-10-17,Watford,Arsenal,0.0,3.0,A,0.0,0.0,M Jones,8.0,17.0,1.0,6.0,3.0,9.0,11.0,12.0,2.0,1.0,0.0,0.0,6.0,4.2,1.62,6.29,4.31,1.59,6.75,4.54,1.53,5.76,4.06,1.59
467,2015/16,2015-10-17,West Brom,Sunderland,1.0,0.0,H,0.0,0.0,M Atkinson,8.0,9.0,1.0,2.0,1.0,5.0,12.0,13.0,2.0,2.0,0.0,0.0,2.05,3.4,4.2,2.08,3.42,4.07,2.15,3.35,3.91,2.03,3.28,3.95
468,2015/16,2015-10-18,Newcastle,Norwich,6.0,2.0,H,3.0,2.0,A Taylor,11.0,18.0,6.0,6.0,3.0,7.0,10.0,10.0,1.0,1.0,0.0,0.0,2.6,3.4,2.88,2.58,3.44,2.93,2.48,3.54,2.99,2.54,3.33,2.8
469,2015/16,2015-10-19,Swansea,Stoke,0.0,1.0,A,0.0,1.0,R Madley,14.0,9.0,2.0,2.0,1.0,2.0,6.0,14.0,2.0,2.0,0.0,0.0,2.05,3.4,4.2,2.08,3.41,4.06,1.88,3.66,4.62,2.03,3.33,3.88
470,2015/16,2015-10-24,Arsenal,Everton,2.0,1.0,H,2.0,1.0,L Mason,20.0,10.0,5.0,5.0,7.0,5.0,11.0,14.0,2.0,0.0,0.0,1.0,1.44,4.75,8.0,1.43,5.07,8.2,1.39,5.3,8.8,1.42,4.75,7.55
471,2015/16,2015-10-24,Aston Villa,Swansea,1.0,2.0,A,0.0,0.0,N Swarbrick,9.0,11.0,3.0,4.0,4.0,6.0,10.0,8.0,2.0,3.0,0.0,0.0,3.0,3.3,2.6,3.09,3.22,2.59,3.01,3.25,2.63,2.94,3.15,2.56
472,2015/16,2015-10-24,Leicester,Crystal Palace,1.0,0.0,H,0.0,0.0,M Dean,12.0,9.0,3.0,4.0,3.0,2.0,7.0,11.0,3.0,1.0,0.0,0.0,2.2,3.6,3.4,2.21,3.56,3.48,2.17,3.57,3.58,2.21,3.41,3.31
473,2015/16,2015-10-24,Norwich,West Brom,0.0,1.0,A,0.0,0.0,K Friend,16.0,7.0,3.0,4.0,13.0,3.0,11.0,6.0,1.0,2.0,0.0,0.0,2.0,3.5,4.2,2.02,3.49,4.18,1.98,3.74,4.03,2.0,3.39,3.97
474,2015/16,2015-10-24,Stoke,Watford,0.0,2.0,A,0.0,1.0,M Atkinson,12.0,13.0,1.0,3.0,11.0,5.0,10.0,18.0,3.0,1.0,0.0,0.0,2.1,3.3,4.0,2.1,3.38,4.03,2.1,3.49,3.89,2.09,3.26,3.79
475,2015/16,2015-10-24,West Ham,Chelsea,2.0,1.0,H,1.0,0.0,J Moss,12.0,8.0,5.0,4.0,7.0,4.0,10.0,12.0,1.0,5.0,0.0,1.0,4.0,3.8,1.95,3.91,3.74,2.01,4.21,3.86,1.91,3.81,3.61,1.97
476,2015/16,2015-10-25,Bournemouth,Tottenham,1.0,5.0,A,1.0,3.0,R East,11.0,14.0,3.0,9.0,4.0,5.0,8.0,15.0,0.0,1.0,0.0,0.0,3.4,3.5,2.25,3.58,3.42,2.23,3.52,3.55,2.2,3.38,3.32,2.22
477,2015/16,2015-10-25,Liverpool,Southampton,1.0,1.0,D,0.0,0.0,A Marriner,15.0,8.0,2.0,3.0,10.0,7.0,8.0,11.0,1.0,0.0,0.0,1.0,2.05,3.6,3.8,2.08,3.56,3.87,2.09,3.53,3.87,2.05,3.43,3.74
478,2015/16,2015-10-25,Man United,Man City,0.0,0.0,D,0.0,0.0,M Clattenburg,6.0,6.0,1.0,1.0,6.0,4.0,17.0,13.0,2.0,2.0,0.0,0.0,2.6,3.5,2.8,2.59,3.41,2.93,2.63,3.32,2.95,2.57,3.35,2.8
479,2015/16,2015-10-25,Sunderland,Newcastle,3.0,0.0,H,1.0,0.0,R Madley,9.0,21.0,3.0,8.0,1.0,10.0,12.0,10.0,0.0,2.0,0.0,1.0,2.6,3.4,2.9,2.57,3.41,2.96,2.63,3.38,2.91,2.53,3.31,2.86
480,2015/16,2015-10-31,Chelsea,Liverpool,1.0,3.0,A,1.0,1.0,M Clattenburg,8.0,16.0,2.0,7.0,1.0,7.0,9.0,21.0,1.0,4.0,0.0,0.0,2.1,3.5,3.75,2.07,3.54,3.92,2.12,3.47,3.84,2.07,3.36,3.73
481,2015/16,2015-10-31,Crystal Palace,Man United,0.0,0.0,D,0.0,0.0,M Jones,10.0,5.0,5.0,1.0,7.0,3.0,12.0,15.0,3.0,3.0,0.0,0.0,3.8,3.5,2.1,4.02,3.46,2.08,4.46,3.56,1.94,3.77,3.35,2.06
482,2015/16,2015-10-31,Man City,Norwich,2.0,1.0,H,0.0,0.0,R Madley,21.0,5.0,5.0,3.0,12.0,4.0,4.0,13.0,2.0,2.0,0.0,1.0,1.29,6.0,12.0,1.3,6.22,11.03,1.27,6.59,12.5,1.28,5.81,10.45
483,2015/16,2015-10-31,Newcastle,Stoke,0.0,0.0,D,0.0,0.0,R East,15.0,9.0,6.0,2.0,11.0,4.0,6.0,16.0,1.0,3.0,0.0,0.0,2.4,3.4,3.2,2.39,3.43,3.24,2.37,3.39,3.29,2.35,3.31,3.12
484,2015/16,2015-10-31,Swansea,Arsenal,0.0,3.0,A,0.0,0.0,K Friend,8.0,15.0,3.0,5.0,4.0,4.0,12.0,7.0,2.0,0.0,0.0,0.0,5.0,4.0,1.75,5.05,3.93,1.76,4.73,4.01,1.79,4.8,3.82,1.73
485,2015/16,2015-10-31,Watford,West Ham,2.0,0.0,H,1.0,0.0,K Stroud,20.0,8.0,5.0,3.0,7.0,2.0,16.0,12.0,3.0,0.0,0.0,1.0,2.6,3.4,2.9,2.6,3.38,2.94,2.5,3.42,3.05,2.52,3.28,2.87
486,2015/16,2015-10-31,West Brom,Leicester,2.0,3.0,A,1.0,0.0,A Taylor,14.0,13.0,6.0,5.0,6.0,4.0,3.0,11.0,0.0,2.0,0.0,0.0,2.9,3.4,2.6,2.84,3.36,2.7,2.97,3.38,2.58,2.82,3.25,2.58
487,2015/16,2015-11-01,Everton,Sunderland,6.0,2.0,H,2.0,1.0,A Marriner,15.0,17.0,8.0,9.0,6.0,1.0,6.0,5.0,3.0,2.0,0.0,0.0,1.5,4.5,7.5,1.49,4.61,7.5,1.48,4.7,7.5,1.49,4.31,7.06
488,2015/16,2015-11-01,Southampton,Bournemouth,2.0,0.0,H,2.0,0.0,C Pawson,11.0,16.0,2.0,2.0,4.0,6.0,5.0,5.0,0.0,2.0,1.0,0.0,1.55,4.33,6.5,1.55,4.37,6.88,1.53,4.41,7.22,1.54,4.17,6.29
489,2015/16,2015-11-02,Tottenham,Aston Villa,3.0,1.0,H,2.0,0.0,M Dean,17.0,13.0,6.0,2.0,4.0,3.0,6.0,15.0,0.0,3.0,0.0,0.0,1.44,4.75,8.0,1.43,4.8,9.0,1.4,5.09,9.32,1.42,4.52,8.11
490,2015/16,2015-11-07,Bournemouth,Newcastle,0.0,1.0,A,0.0,1.0,L Mason,20.0,2.0,5.0,1.0,16.0,0.0,9.0,11.0,2.0,2.0,0.0,0.0,2.25,3.5,3.4,2.18,3.56,3.57,2.22,3.62,3.4,2.2,3.44,3.3
491,2015/16,2015-11-07,Leicester,Watford,2.0,1.0,H,0.0,0.0,R East,12.0,8.0,6.0,4.0,4.0,2.0,10.0,10.0,0.0,1.0,0.0,0.0,1.85,3.8,4.5,1.88,3.79,4.43,1.93,3.71,4.34,1.84,3.67,4.3
492,2015/16,2015-11-07,Man United,West Brom,2.0,0.0,H,0.0,0.0,M Dean,13.0,4.0,3.0,0.0,5.0,1.0,11.0,10.0,1.0,3.0,0.0,1.0,1.33,5.25,12.0,1.34,5.25,12.05,1.36,5.1,11.15,1.33,4.91,10.69
493,2015/16,2015-11-07,Norwich,Swansea,1.0,0.0,H,0.0,0.0,M Clattenburg,9.0,8.0,5.0,0.0,5.0,2.0,12.0,7.0,1.0,0.0,0.0,0.0,2.45,3.4,3.1,2.46,3.47,3.06,2.54,3.43,2.99,2.45,3.31,2.94
494,2015/16,2015-11-07,Stoke,Chelsea,1.0,0.0,H,0.0,0.0,A Taylor,8.0,19.0,2.0,4.0,1.0,9.0,13.0,10.0,3.0,1.0,0.0,0.0,3.8,3.6,2.05,3.96,3.51,2.07,4.53,3.66,1.9,3.74,3.38,2.06
495,2015/16,2015-11-07,Sunderland,Southampton,0.0,1.0,A,0.0,0.0,M Jones,9.0,11.0,3.0,4.0,10.0,11.0,3.0,7.0,1.0,3.0,0.0,0.0,4.75,3.8,1.8,4.79,3.81,1.82,4.7,4.0,1.79,4.63,3.66,1.78
496,2015/16,2015-11-07,West Ham,Everton,1.0,1.0,D,1.0,1.0,P Tierney,16.0,13.0,5.0,4.0,3.0,5.0,11.0,12.0,1.0,2.0,0.0,0.0,2.6,3.5,2.8,2.58,3.49,2.89,2.45,3.59,2.99,2.53,3.4,2.78
497,2015/16,2015-11-08,Arsenal,Tottenham,1.0,1.0,D,0.0,1.0,M Atkinson,10.0,14.0,4.0,4.0,7.0,6.0,12.0,17.0,0.0,1.0,0.0,0.0,1.73,4.0,5.0,1.7,4.18,5.21,1.8,3.96,4.72,1.69,3.95,4.85
498,2015/16,2015-11-08,Aston Villa,Man City,0.0,0.0,D,0.0,0.0,C Pawson,3.0,13.0,0.0,3.0,3.0,8.0,7.0,7.0,1.0,1.0,0.0,0.0,7.5,5.0,1.44,8.15,4.93,1.44,8.55,5.05,1.42,7.29,4.58,1.44
499,2015/16,2015-11-08,Liverpool,Crystal Palace,1.0,2.0,A,1.0,1.0,N Swarbrick,22.0,9.0,4.0,4.0,14.0,6.0,7.0,6.0,1.0,2.0,0.0,0.0,1.67,3.8,6.0,1.68,3.99,5.73,1.64,3.92,6.51,1.66,3.8,5.39
500,2015/16,2015-11-21,Chelsea,Norwich,1.0,0.0,H,0.0,0.0,C Pawson,21.0,4.0,7.0,2.0,6.0,5.0,4.0,12.0,1.0,4.0,0.0,0.0,1.4,5.0,9.0,1.43,4.86,8.78,1.41,5.03,8.82,1.42,4.62,8.04
501,2015/16,2015-11-21,Everton,Aston Villa,4.0,0.0,H,3.0,0.0,M Oliver,16.0,10.0,9.0,3.0,2.0,3.0,6.0,9.0,0.0,0.0,0.0,0.0,1.57,4.2,6.5,1.57,4.2,6.8,1.72,4.01,5.31,1.57,4.0,6.21
502,2015/16,2015-11-21,Man City,Liverpool,1.0,4.0,A,1.0,3.0,J Moss,11.0,14.0,3.0,9.0,11.0,5.0,5.0,13.0,0.0,3.0,0.0,0.0,1.7,4.0,5.5,1.67,4.15,5.56,1.89,3.72,4.48,1.66,3.94,5.28
503,2015/16,2015-11-21,Newcastle,Leicester,0.0,3.0,A,0.0,1.0,M Jones,9.0,18.0,1.0,7.0,4.0,9.0,9.0,12.0,4.0,1.0,0.0,0.0,2.88,3.6,2.5,2.85,3.55,2.58,2.94,3.57,2.5,2.79,3.44,2.51
504,2015/16,2015-11-21,Southampton,Stoke,0.0,1.0,A,0.0,1.0,L Mason,16.0,16.0,1.0,4.0,7.0,3.0,8.0,8.0,2.0,0.0,0.0,0.0,1.57,4.0,7.0,1.61,4.06,6.5,1.68,3.87,5.98,1.59,3.88,6.23
505,2015/16,2015-11-21,Swansea,Bournemouth,2.0,2.0,D,2.0,2.0,A Marriner,11.0,16.0,4.0,4.0,4.0,5.0,7.0,9.0,3.0,2.0,0.0,0.0,1.91,3.6,4.5,1.91,3.59,4.6,2.24,3.37,3.61,1.89,3.47,4.34
506,2015/16,2015-11-21,Watford,Man United,1.0,2.0,A,0.0,1.0,R Madley,10.0,13.0,5.0,6.0,4.0,10.0,6.0,12.0,1.0,2.0,0.0,0.0,4.33,3.4,2.0,4.14,3.38,2.07,4.02,3.38,2.1,4.07,3.29,2.01
507,2015/16,2015-11-21,West Brom,Arsenal,2.0,1.0,H,2.0,1.0,M Clattenburg,4.0,11.0,1.0,3.0,3.0,5.0,14.0,10.0,3.0,2.0,0.0,0.0,7.0,4.33,1.53,6.68,4.29,1.57,6.11,4.28,1.6,6.4,4.18,1.54
508,2015/16,2015-11-22,Tottenham,West Ham,4.0,1.0,H,2.0,0.0,A Taylor,22.0,10.0,12.0,4.0,7.0,6.0,13.0,9.0,2.0,2.0,0.0,0.0,1.57,4.2,6.5,1.55,4.43,6.78,1.58,4.32,6.44,1.55,4.15,6.22
509,2015/16,2015-11-23,Crystal Palace,Sunderland,0.0,1.0,A,0.0,0.0,M Atkinson,19.0,12.0,7.0,4.0,11.0,2.0,18.0,11.0,1.0,3.0,0.0,0.0,1.57,4.0,7.0,1.56,4.31,6.77,1.55,4.52,6.6,1.55,3.99,6.5
510,2015/16,2015-11-28,Aston Villa,Watford,2.0,3.0,A,1.0,1.0,L Mason,12.0,14.0,6.0,6.0,10.0,10.0,6.0,13.0,2.0,3.0,0.0,0.0,2.75,3.3,2.8,2.77,3.25,2.85,2.76,3.27,2.84,2.69,3.13,2.79
511,2015/16,2015-11-28,Bournemouth,Everton,3.0,3.0,D,0.0,2.0,K Friend,19.0,11.0,10.0,6.0,10.0,5.0,6.0,6.0,2.0,0.0,0.0,0.0,2.9,3.6,2.5,2.95,3.53,2.51,2.65,3.66,2.7,2.87,3.41,2.45
512,2015/16,2015-11-28,Crystal Palace,Newcastle,5.0,1.0,H,3.0,1.0,S Attwell,19.0,7.0,8.0,2.0,7.0,5.0,7.0,13.0,1.0,1.0,0.0,0.0,1.7,3.9,5.5,1.69,4.04,5.53,1.71,4.1,5.17,1.69,3.83,5.09
513,2015/16,2015-11-28,Leicester,Man United,1.0,1.0,D,1.0,1.0,C Pawson,7.0,10.0,3.0,2.0,1.0,8.0,5.0,7.0,0.0,1.0,0.0,0.0,3.1,3.5,2.4,3.26,3.45,2.36,3.26,3.49,2.34,3.13,3.35,2.34
514,2015/16,2015-11-28,Man City,Southampton,3.0,1.0,H,2.0,0.0,R East,16.0,12.0,9.0,8.0,6.0,4.0,14.0,11.0,2.0,1.0,0.0,0.0,1.6,4.33,6.0,1.58,4.4,6.28,1.57,4.4,6.37,1.57,4.19,5.9
515,2015/16,2015-11-28,Sunderland,Stoke,2.0,0.0,H,0.0,0.0,M Dean,18.0,7.0,5.0,3.0,9.0,5.0,4.0,10.0,0.0,2.0,0.0,1.0,3.2,3.3,2.45,3.16,3.28,2.51,3.05,3.26,2.59,3.1,3.19,2.41
516,2015/16,2015-11-29,Liverpool,Swansea,1.0,0.0,H,0.0,0.0,A Taylor,10.0,8.0,2.0,0.0,8.0,7.0,12.0,6.0,3.0,1.0,0.0,0.0,1.44,4.75,8.0,1.48,4.55,7.95,1.48,4.55,7.95,1.46,4.37,7.36
517,2015/16,2015-11-29,Norwich,Arsenal,1.0,1.0,D,1.0,1.0,J Moss,7.0,12.0,2.0,3.0,3.0,6.0,8.0,6.0,1.0,1.0,0.0,0.0,6.0,4.2,1.62,5.62,4.34,1.63,6.5,4.41,1.56,5.51,4.15,1.6
518,2015/16,2015-11-29,Tottenham,Chelsea,0.0,0.0,D,0.0,0.0,M Oliver,9.0,5.0,4.0,1.0,4.0,4.0,14.0,9.0,4.0,2.0,0.0,0.0,2.6,3.4,2.9,2.58,3.49,2.89,2.66,3.39,2.86,2.54,3.34,2.81
519,2015/16,2015-11-29,West Ham,West Brom,1.0,1.0,D,1.0,0.0,M Atkinson,17.0,7.0,6.0,3.0,5.0,2.0,15.0,16.0,0.0,2.0,0.0,0.0,2.05,3.5,4.0,2.1,3.41,3.98,2.13,3.35,3.96,2.05,3.33,3.83
520,2015/16,2015-12-05,Arsenal,Sunderland,3.0,1.0,H,1.0,1.0,R Madley,16.0,11.0,7.0,4.0,3.0,2.0,7.0,11.0,1.0,1.0,0.0,0.0,1.29,6.0,13.0,1.28,6.14,13.53,1.29,6.53,11.18,1.27,5.76,12.07
521,2015/16,2015-12-05,Chelsea,Bournemouth,0.0,1.0,A,0.0,0.0,M Jones,19.0,15.0,6.0,5.0,11.0,4.0,10.0,13.0,2.0,1.0,0.0,0.0,1.36,5.25,9.5,1.38,5.23,9.75,1.43,4.79,9.04,1.37,4.91,8.83
522,2015/16,2015-12-05,Man United,West Ham,0.0,0.0,D,0.0,0.0,M Clattenburg,21.0,9.0,1.0,2.0,6.0,2.0,9.0,13.0,1.0,0.0,0.0,0.0,1.44,4.5,9.0,1.43,4.7,9.06,1.46,4.68,8.18,1.43,4.38,8.4
523,2015/16,2015-12-05,Southampton,Aston Villa,1.0,1.0,D,0.0,1.0,A Taylor,23.0,9.0,5.0,2.0,10.0,4.0,4.0,9.0,1.0,2.0,0.0,0.0,1.5,4.5,7.5,1.52,4.37,7.57,1.5,4.55,7.4,1.49,4.17,7.13
524,2015/16,2015-12-05,Stoke,Man City,2.0,0.0,H,2.0,0.0,M Atkinson,7.0,11.0,4.0,4.0,1.0,6.0,9.0,10.0,0.0,1.0,0.0,0.0,5.25,4.0,1.7,5.25,4.06,1.71,5.21,3.94,1.74,5.07,3.87,1.69
525,2015/16,2015-12-05,Swansea,Leicester,0.0,3.0,A,0.0,2.0,M Oliver,10.0,16.0,2.0,5.0,3.0,8.0,3.0,19.0,2.0,3.0,0.0,0.0,2.7,3.4,2.75,2.68,3.44,2.8,2.55,3.33,3.06,2.66,3.35,2.68
526,2015/16,2015-12-05,Watford,Norwich,2.0,0.0,H,1.0,0.0,M Dean,14.0,6.0,7.0,1.0,4.0,1.0,11.0,10.0,3.0,3.0,0.0,0.0,2.15,3.5,3.6,2.16,3.48,3.7,2.35,3.43,3.3,2.13,3.36,3.52
527,2015/16,2015-12-05,West Brom,Tottenham,1.0,1.0,D,1.0,1.0,J Moss,11.0,9.0,4.0,3.0,3.0,6.0,13.0,10.0,3.0,2.0,0.0,0.0,4.75,3.6,1.85,4.75,3.69,1.85,4.8,3.86,1.81,4.45,3.5,1.86
528,2015/16,2015-12-06,Newcastle,Liverpool,2.0,0.0,H,0.0,0.0,A Marriner,6.0,10.0,1.0,1.0,2.0,7.0,6.0,10.0,3.0,1.0,0.0,0.0,5.75,4.33,1.62,5.75,4.35,1.62,6.4,4.48,1.56,5.58,4.1,1.6
529,2015/16,2015-12-07,Everton,Crystal Palace,1.0,1.0,D,0.0,0.0,C Pawson,19.0,14.0,4.0,5.0,13.0,6.0,4.0,11.0,1.0,2.0,0.0,0.0,2.1,3.6,3.75,2.06,3.63,3.88,2.14,3.43,3.83,2.03,3.49,3.68
530,2015/16,2015-12-12,Bournemouth,Man United,2.0,1.0,H,1.0,1.0,A Taylor,11.0,11.0,5.0,5.0,5.0,7.0,12.0,12.0,2.0,1.0,0.0,0.0,3.4,3.4,2.3,3.46,3.39,2.29,3.3,3.27,2.43,3.33,3.28,2.26
531,2015/16,2015-12-12,Crystal Palace,Southampton,1.0,0.0,H,1.0,0.0,M Dean,12.0,15.0,5.0,3.0,8.0,5.0,11.0,13.0,0.0,0.0,0.0,0.0,2.6,3.3,3.0,2.55,3.32,3.06,2.45,3.41,3.14,2.52,3.22,2.92
532,2015/16,2015-12-12,Man City,Swansea,2.0,1.0,H,1.0,0.0,R Madley,13.0,13.0,5.0,7.0,5.0,5.0,13.0,15.0,3.0,1.0,0.0,0.0,1.3,6.0,11.0,1.32,5.9,10.9,1.35,5.6,9.65,1.3,5.56,10.18
533,2015/16,2015-12-12,Norwich,Everton,1.0,1.0,D,0.0,1.0,M Atkinson,9.0,15.0,2.0,3.0,5.0,4.0,9.0,6.0,1.0,0.0,0.0,0.0,2.9,3.5,2.55,2.92,3.56,2.52,3.16,3.48,2.4,2.85,3.4,2.48
534,2015/16,2015-12-12,Sunderland,Watford,0.0,1.0,A,0.0,1.0,G Scott,14.0,13.0,2.0,6.0,8.0,3.0,6.0,9.0,1.0,0.0,0.0,0.0,2.9,3.3,2.63,2.86,3.31,2.71,2.81,3.31,2.76,2.8,3.2,2.64
535,2015/16,2015-12-12,West Ham,Stoke,0.0,0.0,D,0.0,0.0,A Marriner,22.0,12.0,9.0,3.0,11.0,7.0,7.0,9.0,1.0,2.0,0.0,0.0,2.63,3.3,2.9,2.63,3.33,2.94,2.59,3.25,3.07,2.55,3.19,2.89
536,2015/16,2015-12-13,Aston Villa,Arsenal,0.0,2.0,A,0.0,2.0,K Friend,18.0,8.0,2.0,4.0,5.0,5.0,8.0,7.0,0.0,0.0,0.0,0.0,6.5,4.2,1.57,6.24,4.24,1.6,6.5,4.39,1.56,6.1,4.06,1.57
537,2015/16,2015-12-13,Liverpool,West Brom,2.0,2.0,D,1.0,1.0,C Pawson,28.0,4.0,8.0,2.0,4.0,4.0,7.0,10.0,0.0,0.0,0.0,0.0,1.4,4.75,10.0,1.45,4.59,9.0,1.44,4.7,8.95,1.41,4.42,8.84
538,2015/16,2015-12-13,Tottenham,Newcastle,1.0,2.0,A,1.0,0.0,R East,20.0,8.0,8.0,4.0,6.0,2.0,13.0,14.0,2.0,2.0,0.0,0.0,1.36,5.5,9.0,1.39,5.32,9.0,1.37,5.54,9.01,1.37,4.96,8.4
539,2015/16,2015-12-14,Leicester,Chelsea,2.0,1.0,H,1.0,0.0,M Clattenburg,9.0,11.0,5.0,5.0,1.0,8.0,16.0,8.0,2.0,0.0,0.0,0.0,3.2,3.5,2.35,3.11,3.59,2.38,3.52,3.52,2.21,3.07,3.4,2.33
540,2015/16,2015-12-19,Chelsea,Sunderland,3.0,1.0,H,2.0,0.0,R East,17.0,11.0,7.0,3.0,2.0,2.0,12.0,12.0,1.0,3.0,0.0,0.0,1.33,5.25,12.0,1.32,5.69,11.8,1.32,5.99,10.8,1.31,5.32,10.91
541,2015/16,2015-12-19,Everton,Leicester,2.0,3.0,A,1.0,1.0,J Moss,13.0,10.0,5.0,5.0,10.0,2.0,6.0,14.0,2.0,1.0,0.0,0.0,2.1,3.75,3.6,2.07,3.8,3.65,2.05,3.78,3.73,2.05,3.61,3.51
542,2015/16,2015-12-19,Man United,Norwich,1.0,2.0,A,0.0,1.0,M Oliver,11.0,6.0,2.0,4.0,11.0,0.0,4.0,10.0,0.0,2.0,0.0,0.0,1.45,4.5,8.5,1.47,4.5,8.45,1.43,4.85,8.75,1.45,4.35,7.74
543,2015/16,2015-12-19,Newcastle,Aston Villa,1.0,1.0,D,1.0,0.0,M Atkinson,8.0,10.0,4.0,7.0,3.0,7.0,9.0,14.0,1.0,3.0,0.0,0.0,2.05,3.5,4.0,2.03,3.58,4.02,2.01,3.55,4.15,2.0,3.41,3.91
544,2015/16,2015-12-19,Southampton,Tottenham,0.0,2.0,A,0.0,2.0,K Friend,11.0,13.0,4.0,6.0,4.0,7.0,18.0,9.0,1.0,1.0,0.0,0.0,2.7,3.4,2.8,2.66,3.44,2.83,2.72,3.33,2.85,2.62,3.27,2.77
545,2015/16,2015-12-19,Stoke,Crystal Palace,1.0,2.0,A,0.0,1.0,R Madley,26.0,12.0,5.0,3.0,7.0,3.0,6.0,12.0,2.0,0.0,0.0,0.0,2.5,3.2,3.2,2.51,3.3,3.14,2.46,3.3,3.21,2.44,3.19,3.07
546,2015/16,2015-12-19,West Brom,Bournemouth,1.0,2.0,A,0.0,0.0,M Dean,6.0,16.0,2.0,7.0,4.0,8.0,12.0,9.0,2.0,1.0,2.0,0.0,2.55,3.3,3.0,2.64,3.27,2.98,2.86,3.33,2.7,2.53,3.22,2.91
547,2015/16,2015-12-20,Swansea,West Ham,0.0,0.0,D,0.0,0.0,L Mason,21.0,11.0,2.0,2.0,8.0,9.0,6.0,9.0,0.0,1.0,0.0,0.0,2.1,3.4,3.9,2.1,3.46,3.92,2.07,3.44,4.08,2.07,3.35,3.74
548,2015/16,2015-12-20,Watford,Liverpool,3.0,0.0,H,2.0,0.0,M Clattenburg,6.0,12.0,5.0,4.0,7.0,9.0,6.0,9.0,1.0,0.0,0.0,0.0,4.2,3.6,1.95,4.14,3.55,2.01,3.68,3.58,2.13,4.02,3.43,1.96
549,2015/16,2015-12-21,Arsenal,Man City,2.0,1.0,H,2.0,0.0,A Marriner,8.0,20.0,5.0,6.0,4.0,8.0,5.0,16.0,0.0,2.0,0.0,0.0,2.45,3.5,3.0,2.38,3.58,3.12,2.49,3.49,3.01,2.37,3.45,2.99
550,2015/16,2015-12-26,Aston Villa,West Ham,1.0,1.0,D,0.0,1.0,M Dean,15.0,10.0,8.0,4.0,9.0,6.0,14.0,13.0,3.0,3.0,0.0,0.0,2.63,3.25,2.75,2.66,3.29,2.94,2.53,3.23,3.17,2.63,3.15,2.83
551,2015/16,2015-12-26,Bournemouth,Crystal Palace,0.0,0.0,D,0.0,0.0,M Oliver,10.0,8.0,4.0,0.0,8.0,9.0,10.0,13.0,1.0,0.0,0.0,0.0,2.4,3.3,3.0,2.48,3.45,3.06,2.14,3.48,3.77,2.42,3.33,2.98
552,2015/16,2015-12-26,Chelsea,Watford,2.0,2.0,D,1.0,1.0,A Marriner,17.0,12.0,2.0,3.0,9.0,4.0,7.0,15.0,1.0,4.0,0.0,0.0,1.44,4.5,7.5,1.52,4.52,7.14,1.5,4.52,7.55,1.49,4.29,7.03
553,2015/16,2015-12-26,Liverpool,Leicester,1.0,0.0,H,0.0,0.0,M Atkinson,25.0,7.0,4.0,3.0,7.0,6.0,11.0,8.0,2.0,1.0,0.0,0.0,1.91,3.8,3.8,1.95,3.87,4.0,1.99,3.79,3.94,1.93,3.72,3.81
554,2015/16,2015-12-26,Man City,Sunderland,4.0,1.0,H,3.0,0.0,A Taylor,19.0,11.0,9.0,3.0,5.0,1.0,10.0,11.0,1.0,1.0,0.0,0.0,1.2,7.0,13.0,1.21,7.65,16.0,1.21,7.95,14.78,1.21,6.91,13.59
555,2015/16,2015-12-26,Newcastle,Everton,0.0,1.0,A,0.0,0.0,L Mason,10.0,20.0,1.0,7.0,1.0,7.0,16.0,12.0,2.0,2.0,0.0,0.0,3.2,3.5,2.2,3.37,3.58,2.25,3.62,3.61,2.14,3.24,3.45,2.22
556,2015/16,2015-12-26,Southampton,Arsenal,4.0,0.0,H,1.0,0.0,J Moss,15.0,7.0,5.0,4.0,3.0,4.0,10.0,9.0,1.0,0.0,0.0,0.0,3.6,3.5,2.05,3.6,3.53,2.18,3.64,3.43,2.2,3.51,3.41,2.11
557,2015/16,2015-12-26,Stoke,Man United,2.0,0.0,H,2.0,0.0,K Friend,13.0,11.0,3.0,6.0,1.0,12.0,13.0,16.0,1.0,2.0,0.0,0.0,3.25,3.2,2.3,3.33,3.31,2.4,3.79,3.25,2.23,3.21,3.17,2.36
558,2015/16,2015-12-26,Swansea,West Brom,1.0,0.0,H,1.0,0.0,R East,7.0,9.0,2.0,3.0,0.0,7.0,10.0,13.0,1.0,3.0,0.0,0.0,1.91,3.4,4.5,1.96,3.42,4.58,1.92,3.42,4.86,1.96,3.3,4.23
559,2015/16,2015-12-26,Tottenham,Norwich,3.0,0.0,H,2.0,0.0,M Jones,15.0,11.0,10.0,3.0,9.0,4.0,4.0,13.0,1.0,2.0,0.0,0.0,1.4,4.75,8.0,1.46,4.77,8.0,1.47,4.54,8.4,1.43,4.55,7.7
560,2015/16,2015-12-28,Arsenal,Bournemouth,2.0,0.0,H,1.0,0.0,R East,13.0,10.0,6.0,3.0,9.0,3.0,7.0,8.0,2.0,0.0,0.0,0.0,1.44,4.75,8.0,1.45,4.86,8.07,1.54,4.35,7.15,1.43,4.58,7.76
561,2015/16,2015-12-28,Crystal Palace,Swansea,0.0,0.0,D,0.0,0.0,N Swarbrick,10.0,5.0,2.0,3.0,7.0,4.0,11.0,16.0,3.0,2.0,0.0,0.0,2.1,3.4,4.0,2.09,3.41,4.03,2.04,3.34,4.35,2.07,3.31,3.8
562,2015/16,2015-12-28,Everton,Stoke,3.0,4.0,A,1.0,2.0,M Clattenburg,15.0,8.0,3.0,5.0,6.0,2.0,10.0,12.0,2.0,1.0,0.0,0.0,1.95,3.6,4.2,1.95,3.63,4.3,1.83,3.72,4.85,1.93,3.51,4.11
563,2015/16,2015-12-28,Man United,Chelsea,0.0,0.0,D,0.0,0.0,M Atkinson,12.0,8.0,2.0,3.0,5.0,3.0,16.0,6.0,4.0,2.0,0.0,0.0,2.6,3.3,3.0,2.6,3.38,2.95,2.48,3.26,3.22,2.55,3.22,2.91
564,2015/16,2015-12-28,Norwich,Aston Villa,2.0,0.0,H,1.0,0.0,G Scott,9.0,6.0,4.0,3.0,3.0,7.0,10.0,21.0,2.0,5.0,0.0,0.0,2.05,3.6,3.8,2.05,3.53,4.02,1.93,3.7,4.36,2.04,3.42,3.78
565,2015/16,2015-12-28,Watford,Tottenham,1.0,2.0,A,1.0,1.0,A Taylor,9.0,10.0,1.0,3.0,5.0,3.0,11.0,13.0,4.0,2.0,1.0,0.0,3.75,3.5,2.1,3.92,3.55,2.07,3.28,3.32,2.42,3.65,3.42,2.08
566,2015/16,2015-12-28,West Brom,Newcastle,1.0,0.0,H,0.0,0.0,M Jones,22.0,7.0,5.0,2.0,18.0,6.0,7.0,13.0,0.0,0.0,0.0,0.0,2.2,3.25,3.75,2.18,3.35,3.8,2.16,3.34,3.87,2.16,3.26,3.58
567,2015/16,2015-12-28,West Ham,Southampton,2.0,1.0,H,0.0,1.0,M Oliver,13.0,15.0,5.0,4.0,4.0,7.0,6.0,12.0,1.0,3.0,0.0,0.0,3.6,3.4,2.2,3.57,3.41,2.24,3.64,3.41,2.21,3.44,3.26,2.22
568,2015/16,2015-12-29,Leicester,Man City,0.0,0.0,D,0.0,0.0,C Pawson,11.0,21.0,4.0,5.0,1.0,13.0,11.0,8.0,1.0,3.0,0.0,0.0,4.33,4.0,1.85,4.25,4.1,1.85,4.17,3.88,1.91,4.12,3.87,1.83
569,2015/16,2015-12-30,Sunderland,Liverpool,0.0,1.0,A,0.0,0.0,K Friend,8.0,17.0,3.0,6.0,6.0,4.0,8.0,16.0,1.0,3.0,0.0,0.0,5.5,3.9,1.7,5.51,3.91,1.71,5.77,4.09,1.66,5.22,3.74,1.7
570,2015/16,2016-01-02,Arsenal,Newcastle,1.0,0.0,H,0.0,0.0,A Taylor,16.0,15.0,3.0,6.0,7.0,4.0,10.0,9.0,2.0,2.0,0.0,0.0,1.29,6.5,11.0,1.27,6.47,12.81,1.24,7.25,12.75,1.27,5.87,11.2
571,2015/16,2016-01-02,Leicester,Bournemouth,0.0,0.0,D,0.0,0.0,A Marriner,16.0,9.0,2.0,0.0,7.0,1.0,9.0,5.0,1.0,1.0,0.0,1.0,1.91,3.75,4.33,1.94,3.75,4.18,1.94,3.7,4.25,1.92,3.58,4.02
572,2015/16,2016-01-02,Man United,Swansea,2.0,1.0,H,0.0,0.0,J Moss,19.0,9.0,6.0,4.0,4.0,2.0,14.0,10.0,2.0,1.0,0.0,0.0,1.55,4.2,7.0,1.52,4.28,7.66,1.49,4.3,8.55,1.53,4.0,6.89
573,2015/16,2016-01-02,Norwich,Southampton,1.0,0.0,H,0.0,0.0,M Clattenburg,10.0,10.0,1.0,4.0,4.0,9.0,9.0,7.0,1.0,0.0,0.0,1.0,3.2,3.4,2.4,3.13,3.49,2.42,3.14,3.18,2.58,3.07,3.34,2.36
574,2015/16,2016-01-02,Sunderland,Aston Villa,3.0,1.0,H,1.0,0.0,C Pawson,13.0,8.0,6.0,3.0,3.0,3.0,8.0,13.0,3.0,4.0,0.0,0.0,2.5,3.25,3.2,2.49,3.34,3.14,2.49,3.32,3.15,2.45,3.18,3.04
575,2015/16,2016-01-02,Watford,Man City,1.0,2.0,A,0.0,0.0,M Atkinson,11.0,16.0,3.0,5.0,4.0,5.0,6.0,10.0,1.0,0.0,0.0,0.0,5.0,4.0,1.75,5.14,4.11,1.72,4.99,3.99,1.76,4.87,3.88,1.71
576,2015/16,2016-01-02,West Brom,Stoke,2.0,1.0,H,0.0,0.0,L Mason,16.0,10.0,5.0,3.0,4.0,6.0,7.0,15.0,1.0,1.0,0.0,1.0,2.8,3.2,2.8,2.81,3.2,2.84,2.88,3.16,2.81,2.74,3.09,2.77
577,2015/16,2016-01-02,West Ham,Liverpool,2.0,0.0,H,1.0,0.0,R Madley,18.0,23.0,10.0,2.0,3.0,9.0,11.0,8.0,1.0,1.0,0.0,0.0,4.0,3.5,2.05,3.97,3.62,2.03,4.28,3.55,1.98,3.86,3.42,2.01
578,2015/16,2016-01-03,Crystal Palace,Chelsea,0.0,3.0,A,0.0,1.0,K Friend,8.0,10.0,4.0,4.0,5.0,7.0,12.0,15.0,3.0,0.0,0.0,0.0,3.8,3.5,2.1,3.98,3.49,2.07,4.16,3.51,2.02,3.79,3.35,2.06
579,2015/16,2016-01-03,Everton,Tottenham,1.0,1.0,D,1.0,1.0,M Oliver,12.0,19.0,3.0,4.0,4.0,4.0,8.0,11.0,1.0,2.0,0.0,0.0,2.8,3.5,2.63,2.78,3.59,2.62,2.59,3.46,2.9,2.71,3.4,2.59
580,2015/16,2016-01-12,Aston Villa,Crystal Palace,1.0,0.0,H,0.0,0.0,M Clattenburg,13.0,9.0,3.0,1.0,9.0,0.0,15.0,9.0,2.0,1.0,0.0,0.0,3.2,3.25,2.45,3.2,3.25,2.5,3.32,3.21,2.45,3.11,3.15,2.45
581,2015/16,2016-01-12,Bournemouth,West Ham,1.0,3.0,A,1.0,0.0,M Atkinson,11.0,10.0,4.0,5.0,4.0,7.0,8.0,5.0,1.0,1.0,0.0,0.0,2.0,3.6,4.0,2.01,3.65,4.02,2.03,3.62,3.98,1.98,3.51,3.9
582,2015/16,2016-01-12,Newcastle,Man United,3.0,3.0,D,1.0,2.0,M Dean,14.0,12.0,6.0,4.0,5.0,3.0,10.0,12.0,1.0,3.0,0.0,0.0,5.0,3.7,1.8,5.05,3.8,1.79,4.88,3.64,1.85,4.87,3.62,1.78
583,2015/16,2016-01-13,Chelsea,West Brom,2.0,2.0,D,1.0,1.0,A Taylor,14.0,13.0,2.0,6.0,7.0,7.0,13.0,8.0,3.0,3.0,0.0,0.0,1.44,4.5,9.0,1.46,4.58,8.54,1.46,4.39,9.32,1.44,4.32,8.24
584,2015/16,2016-01-13,Liverpool,Arsenal,3.0,3.0,D,2.0,2.0,M Jones,22.0,14.0,6.0,5.0,9.0,3.0,9.0,7.0,2.0,0.0,0.0,0.0,2.88,3.4,2.6,2.84,3.58,2.57,2.58,3.39,2.96,2.83,3.37,2.51
585,2015/16,2016-01-13,Man City,Everton,0.0,0.0,D,0.0,0.0,R East,22.0,7.0,5.0,2.0,12.0,5.0,5.0,6.0,0.0,1.0,0.0,0.0,1.53,4.75,6.0,1.52,4.88,6.44,1.55,4.46,6.59,1.5,4.56,6.19
586,2015/16,2016-01-13,Southampton,Watford,2.0,0.0,H,1.0,0.0,C Pawson,15.0,4.0,7.0,1.0,8.0,1.0,9.0,11.0,1.0,2.0,0.0,0.0,1.95,3.5,4.33,2.0,3.51,4.25,2.06,3.45,4.09,1.98,3.38,4.03
587,2015/16,2016-01-13,Stoke,Norwich,3.0,1.0,H,0.0,0.0,N Swarbrick,14.0,5.0,4.0,2.0,7.0,3.0,5.0,8.0,0.0,1.0,0.0,1.0,2.05,3.3,4.2,2.01,3.44,4.31,2.04,3.39,4.24,2.0,3.32,4.03
588,2015/16,2016-01-13,Swansea,Sunderland,2.0,4.0,A,2.0,1.0,G Scott,10.0,7.0,5.0,5.0,8.0,6.0,9.0,12.0,2.0,0.0,1.0,0.0,1.8,3.6,5.25,1.78,3.71,5.32,1.83,3.66,4.95,1.76,3.57,4.97
589,2015/16,2016-01-13,Tottenham,Leicester,0.0,1.0,A,0.0,0.0,L Mason,21.0,10.0,5.0,2.0,16.0,8.0,13.0,10.0,1.0,0.0,0.0,0.0,1.75,3.8,5.25,1.75,3.95,5.09,1.86,3.68,4.72,1.75,3.75,4.78
590,2015/16,2016-01-16,Aston Villa,Leicester,1.0,1.0,D,0.0,1.0,R East,14.0,12.0,5.0,5.0,3.0,4.0,13.0,15.0,3.0,2.0,0.0,0.0,3.6,3.4,2.2,3.75,3.44,2.16,3.59,3.48,2.2,3.52,3.31,2.16
591,2015/16,2016-01-16,Bournemouth,Norwich,3.0,0.0,H,1.0,0.0,R Madley,15.0,10.0,8.0,3.0,5.0,3.0,8.0,13.0,1.0,1.0,0.0,0.0,1.91,3.6,4.5,1.89,3.68,4.54,1.9,3.6,4.62,1.88,3.49,4.35
592,2015/16,2016-01-16,Chelsea,Everton,3.0,3.0,D,0.0,0.0,M Jones,14.0,9.0,7.0,4.0,6.0,4.0,12.0,5.0,1.0,1.0,0.0,0.0,1.83,3.75,4.75,1.81,3.97,4.65,1.71,3.97,5.47,1.79,3.77,4.49
593,2015/16,2016-01-16,Man City,Crystal Palace,4.0,0.0,H,2.0,0.0,J Moss,17.0,9.0,4.0,3.0,5.0,6.0,10.0,11.0,0.0,2.0,0.0,0.0,1.4,5.25,8.5,1.39,5.34,8.88,1.4,5.1,9.19,1.38,5.01,8.13
594,2015/16,2016-01-16,Newcastle,West Ham,2.0,1.0,H,2.0,0.0,N Swarbrick,23.0,10.0,10.0,3.0,3.0,3.0,9.0,4.0,1.0,0.0,0.0,0.0,2.5,3.4,3.0,2.55,3.5,2.92,2.39,3.38,3.27,2.5,3.34,2.86
595,2015/16,2016-01-16,Southampton,West Brom,3.0,0.0,H,2.0,0.0,M Atkinson,9.0,9.0,5.0,0.0,1.0,3.0,10.0,11.0,0.0,0.0,0.0,0.0,1.73,3.75,5.5,1.71,3.73,5.95,1.71,3.67,6.18,1.71,3.6,5.46
596,2015/16,2016-01-16,Tottenham,Sunderland,4.0,1.0,H,1.0,1.0,M Dean,26.0,5.0,11.0,2.0,11.0,3.0,8.0,13.0,0.0,2.0,0.0,0.0,1.36,5.25,9.5,1.35,5.48,10.2,1.36,5.49,9.45,1.35,5.0,9.24
597,2015/16,2016-01-17,Liverpool,Man United,0.0,1.0,A,0.0,0.0,M Clattenburg,19.0,7.0,4.0,1.0,5.0,4.0,6.0,18.0,0.0,2.0,0.0,0.0,2.3,3.25,3.5,2.34,3.37,3.37,2.63,3.12,3.13,2.29,3.24,3.29
598,2015/16,2016-01-17,Stoke,Arsenal,0.0,0.0,D,0.0,0.0,C Pawson,14.0,8.0,6.0,3.0,6.0,6.0,16.0,10.0,0.0,0.0,0.0,0.0,4.33,3.6,1.95,4.29,3.61,1.96,3.28,3.24,2.46,4.11,3.47,1.93
599,2015/16,2016-01-18,Swansea,Watford,1.0,0.0,H,1.0,0.0,M Oliver,10.0,13.0,2.0,2.0,6.0,3.0,8.0,11.0,2.0,2.0,0.0,0.0,2.38,3.25,3.4,2.42,3.31,3.28,2.28,3.3,3.59,2.39,3.2,3.15
600,2015/16,2016-01-23,Crystal Palace,Tottenham,1.0,3.0,A,1.0,0.0,M Atkinson,11.0,24.0,3.0,11.0,3.0,10.0,11.0,12.0,2.0,2.0,0.0,0.0,3.6,3.5,2.15,3.63,3.4,2.22,3.65,3.51,2.17,3.48,3.3,2.18
601,2015/16,2016-01-23,Leicester,Stoke,3.0,0.0,H,1.0,0.0,M Dean,15.0,3.0,5.0,2.0,8.0,4.0,10.0,13.0,0.0,1.0,0.0,0.0,2.1,3.5,3.8,2.07,3.48,4.0,1.9,3.71,4.45,2.04,3.36,3.83
602,2015/16,2016-01-23,Man United,Southampton,0.0,1.0,A,0.0,0.0,M Jones,8.0,7.0,1.0,2.0,4.0,4.0,11.0,8.0,0.0,0.0,0.0,0.0,1.91,3.5,4.75,1.91,3.45,4.84,2.09,3.3,4.2,1.88,3.37,4.55
603,2015/16,2016-01-23,Norwich,Liverpool,4.0,5.0,A,2.0,1.0,L Mason,6.0,13.0,5.0,7.0,3.0,3.0,10.0,14.0,0.0,1.0,0.0,0.0,4.33,3.5,1.95,4.35,3.5,1.98,4.28,3.52,1.99,4.08,3.42,1.96
604,2015/16,2016-01-23,Sunderland,Bournemouth,1.0,1.0,D,1.0,1.0,R East,10.0,15.0,5.0,5.0,3.0,4.0,5.0,9.0,1.0,1.0,0.0,0.0,3.0,3.4,2.5,3.06,3.34,2.54,2.82,3.45,2.66,2.94,3.26,2.48
605,2015/16,2016-01-23,Watford,Newcastle,2.0,1.0,H,0.0,0.0,A Marriner,13.0,11.0,5.0,2.0,2.0,7.0,10.0,12.0,2.0,1.0,0.0,0.0,2.05,3.5,4.0,2.07,3.54,3.93,2.02,3.66,3.98,2.05,3.39,3.75
606,2015/16,2016-01-23,West Brom,Aston Villa,0.0,0.0,D,0.0,0.0,R Madley,4.0,15.0,0.0,4.0,2.0,6.0,7.0,13.0,0.0,1.0,0.0,0.0,2.1,3.3,4.0,2.17,3.28,3.92,2.36,3.17,3.57,2.13,3.17,3.82
607,2015/16,2016-01-23,West Ham,Man City,2.0,2.0,D,1.0,1.0,C Pawson,10.0,16.0,3.0,3.0,5.0,2.0,11.0,15.0,2.0,3.0,0.0,0.0,5.0,4.0,1.73,5.19,4.09,1.71,5.0,4.22,1.71,4.98,3.87,1.7
608,2015/16,2016-01-24,Arsenal,Chelsea,0.0,1.0,A,0.0,1.0,M Clattenburg,9.0,12.0,1.0,6.0,6.0,7.0,14.0,13.0,1.0,3.0,1.0,0.0,2.1,3.5,3.9,2.06,3.62,3.87,2.32,3.33,3.46,2.04,3.43,3.76
609,2015/16,2016-01-24,Everton,Swansea,1.0,2.0,A,1.0,2.0,A Taylor,20.0,7.0,2.0,5.0,7.0,1.0,5.0,12.0,0.0,3.0,0.0,0.0,1.73,3.8,5.5,1.69,3.92,5.77,1.75,3.81,5.35,1.68,3.75,5.31
610,2015/16,2016-02-02,Arsenal,Southampton,0.0,0.0,D,0.0,0.0,L Mason,21.0,14.0,11.0,3.0,13.0,3.0,11.0,19.0,2.0,1.0,0.0,0.0,1.75,3.75,5.25,1.76,3.72,5.39,1.83,3.65,4.97,1.76,3.58,5.0
611,2015/16,2016-02-02,Crystal Palace,Bournemouth,1.0,2.0,A,1.0,1.0,M Jones,14.0,8.0,3.0,4.0,5.0,3.0,11.0,15.0,3.0,4.0,0.0,0.0,2.45,3.3,3.2,2.48,3.25,3.23,2.64,3.28,2.97,2.42,3.19,3.12
612,2015/16,2016-02-02,Leicester,Liverpool,2.0,0.0,H,0.0,0.0,A Marriner,13.0,14.0,6.0,2.0,3.0,12.0,6.0,7.0,0.0,1.0,0.0,0.0,2.63,3.4,2.88,2.62,3.44,2.88,2.92,3.31,2.67,2.58,3.28,2.81
613,2015/16,2016-02-02,Man United,Stoke,3.0,0.0,H,2.0,0.0,R East,15.0,10.0,5.0,0.0,2.0,5.0,13.0,13.0,2.0,1.0,0.0,0.0,1.7,3.75,5.75,1.68,3.82,6.17,1.62,3.92,6.75,1.67,3.67,5.73
614,2015/16,2016-02-02,Norwich,Tottenham,0.0,3.0,A,0.0,2.0,K Friend,10.0,17.0,2.0,6.0,6.0,8.0,8.0,9.0,2.0,2.0,0.0,0.0,4.5,3.75,1.85,4.57,3.79,1.85,5.08,3.98,1.75,4.37,3.64,1.84
615,2015/16,2016-02-02,Sunderland,Man City,0.0,1.0,A,0.0,1.0,S Attwell,11.0,6.0,2.0,2.0,8.0,4.0,6.0,15.0,1.0,4.0,0.0,0.0,8.0,4.75,1.45,7.5,4.73,1.48,7.28,4.89,1.47,7.06,4.49,1.47
616,2015/16,2016-02-02,West Brom,Swansea,1.0,1.0,D,0.0,0.0,N Swarbrick,17.0,18.0,7.0,4.0,7.0,7.0,12.0,13.0,0.0,0.0,0.0,0.0,2.63,3.1,3.1,2.68,3.04,3.14,2.59,3.09,3.22,2.61,3.01,3.01
617,2015/16,2016-02-02,West Ham,Aston Villa,2.0,0.0,H,0.0,0.0,J Moss,25.0,6.0,6.0,2.0,5.0,5.0,9.0,11.0,3.0,0.0,0.0,1.0,1.91,3.5,4.75,1.89,3.57,4.69,1.86,3.54,4.95,1.88,3.46,4.42
618,2015/16,2016-02-03,Everton,Newcastle,3.0,0.0,H,1.0,0.0,C Pawson,18.0,7.0,7.0,3.0,3.0,3.0,8.0,15.0,1.0,2.0,0.0,1.0,1.65,4.2,5.5,1.68,4.27,5.23,1.74,4.08,4.98,1.65,4.03,5.12
619,2015/16,2016-02-03,Watford,Chelsea,0.0,0.0,D,0.0,0.0,M Dean,12.0,12.0,3.0,4.0,7.0,7.0,10.0,13.0,2.0,1.0,0.0,0.0,4.33,3.5,1.95,4.32,3.43,2.01,5.0,3.75,1.81,4.1,3.36,1.98
620,2015/16,2016-02-06,Aston Villa,Norwich,2.0,0.0,H,1.0,0.0,M Atkinson,10.0,12.0,3.0,4.0,2.0,11.0,10.0,11.0,0.0,2.0,0.0,0.0,2.45,3.2,3.3,2.44,3.27,3.28,2.56,3.21,3.15,2.38,3.18,3.18
621,2015/16,2016-02-06,Liverpool,Sunderland,2.0,2.0,D,0.0,0.0,R Madley,16.0,7.0,5.0,2.0,7.0,2.0,4.0,12.0,1.0,1.0,0.0,0.0,1.44,4.75,8.5,1.45,4.71,8.42,1.43,4.86,8.6,1.44,4.46,7.82
622,2015/16,2016-02-06,Man City,Leicester,1.0,3.0,A,0.0,1.0,A Taylor,22.0,14.0,4.0,7.0,11.0,4.0,9.0,15.0,2.0,2.0,0.0,0.0,1.62,4.2,6.0,1.61,4.26,6.14,1.6,4.29,6.21,1.6,4.06,5.75
623,2015/16,2016-02-06,Newcastle,West Brom,1.0,0.0,H,1.0,0.0,L Mason,19.0,7.0,7.0,0.0,8.0,4.0,12.0,12.0,0.0,3.0,0.0,0.0,2.15,3.4,3.8,2.22,3.33,3.71,2.29,3.31,3.55,2.14,3.28,3.63
624,2015/16,2016-02-06,Southampton,West Ham,1.0,0.0,H,1.0,0.0,M Clattenburg,8.0,18.0,2.0,2.0,4.0,5.0,17.0,10.0,1.0,2.0,1.0,0.0,1.73,3.8,5.5,1.77,3.74,5.33,1.71,3.98,5.42,1.73,3.64,5.14
625,2015/16,2016-02-06,Stoke,Everton,0.0,3.0,A,0.0,3.0,A Marriner,11.0,14.0,3.0,6.0,6.0,4.0,11.0,8.0,1.0,0.0,0.0,0.0,2.7,3.4,2.8,2.66,3.36,2.88,2.94,3.38,2.6,2.6,3.28,2.79
626,2015/16,2016-02-06,Swansea,Crystal Palace,1.0,1.0,D,1.0,0.0,M Dean,19.0,12.0,3.0,2.0,9.0,5.0,11.0,14.0,1.0,2.0,0.0,0.0,2.25,3.3,3.6,2.26,3.28,3.67,2.39,3.22,3.44,2.23,3.2,3.49
627,2015/16,2016-02-06,Tottenham,Watford,1.0,0.0,H,0.0,0.0,R East,26.0,3.0,9.0,0.0,15.0,1.0,12.0,9.0,0.0,1.0,0.0,0.0,1.5,4.33,8.0,1.51,4.39,7.73,1.52,4.4,7.38,1.49,4.22,7.19
628,2015/16,2016-02-07,Bournemouth,Arsenal,0.0,2.0,A,0.0,2.0,K Friend,17.0,10.0,4.0,5.0,7.0,3.0,6.0,8.0,0.0,1.0,0.0,0.0,3.8,3.5,2.1,3.84,3.58,2.08,4.53,3.66,1.9,3.72,3.41,2.05
629,2015/16,2016-02-07,Chelsea,Man United,1.0,1.0,D,0.0,0.0,M Oliver,16.0,17.0,5.0,7.0,10.0,11.0,6.0,9.0,0.0,3.0,0.0,0.0,2.15,3.3,3.9,2.1,3.37,4.04,2.14,3.35,3.94,2.09,3.26,3.83
630,2015/16,2016-02-13,Bournemouth,Stoke,1.0,3.0,A,0.0,1.0,G Scott,11.0,11.0,2.0,6.0,9.0,2.0,7.0,18.0,4.0,2.0,0.0,0.0,2.05,3.4,4.1,2.07,3.44,4.06,1.95,3.57,4.38,2.05,3.35,3.82
631,2015/16,2016-02-13,Chelsea,Newcastle,5.0,1.0,H,3.0,0.0,R Madley,15.0,10.0,5.0,4.0,8.0,3.0,16.0,14.0,0.0,1.0,1.0,0.0,1.44,4.75,8.0,1.46,4.79,7.95,1.39,5.2,9.1,1.44,4.55,7.42
632,2015/16,2016-02-13,Crystal Palace,Watford,1.0,2.0,A,1.0,1.0,R East,14.0,10.0,7.0,3.0,8.0,5.0,11.0,16.0,0.0,2.0,0.0,0.0,2.25,3.3,3.6,2.24,3.28,3.71,2.23,3.25,3.78,2.23,3.2,3.51
633,2015/16,2016-02-13,Everton,West Brom,0.0,1.0,A,0.0,1.0,M Oliver,34.0,5.0,6.0,1.0,14.0,1.0,9.0,12.0,1.0,3.0,0.0,0.0,1.53,4.2,7.5,1.52,4.33,7.65,1.5,4.49,7.6,1.52,4.13,6.82
634,2015/16,2016-02-13,Norwich,West Ham,2.0,2.0,D,0.0,0.0,M Jones,13.0,11.0,3.0,6.0,3.0,3.0,16.0,11.0,2.0,2.0,0.0,0.0,2.38,3.4,3.25,2.43,3.42,3.16,2.5,3.33,3.12,2.41,3.33,3.02
635,2015/16,2016-02-13,Sunderland,Man United,2.0,1.0,H,1.0,1.0,A Marriner,21.0,12.0,5.0,6.0,6.0,8.0,7.0,15.0,2.0,3.0,0.0,0.0,5.25,3.75,1.75,5.1,3.74,1.79,5.27,3.69,1.79,5.0,3.6,1.76
636,2015/16,2016-02-13,Swansea,Southampton,0.0,1.0,A,0.0,0.0,J Moss,13.0,13.0,2.0,5.0,5.0,4.0,10.0,12.0,0.0,3.0,0.0,0.0,3.2,3.25,2.5,3.24,3.26,2.47,3.2,3.25,2.51,3.11,3.18,2.43
637,2015/16,2016-02-14,Arsenal,Leicester,2.0,1.0,H,0.0,1.0,M Atkinson,24.0,7.0,6.0,3.0,11.0,1.0,9.0,10.0,4.0,3.0,0.0,1.0,1.75,4.0,5.0,1.71,4.16,5.08,1.68,4.23,5.32,1.72,3.95,4.71
638,2015/16,2016-02-14,Aston Villa,Liverpool,0.0,6.0,A,0.0,2.0,N Swarbrick,6.0,11.0,1.0,9.0,0.0,6.0,10.0,9.0,3.0,1.0,0.0,0.0,4.75,3.6,1.85,4.89,3.59,1.86,5.81,3.87,1.69,4.59,3.49,1.84
639,2015/16,2016-02-14,Man City,Tottenham,1.0,2.0,A,0.0,0.0,M Clattenburg,19.0,6.0,4.0,3.0,7.0,1.0,12.0,17.0,1.0,3.0,0.0,0.0,2.1,3.75,3.6,2.06,3.66,3.82,2.15,3.44,3.78,2.06,3.53,3.61
640,2015/16,2016-02-27,Leicester,Norwich,1.0,0.0,H,0.0,0.0,N Swarbrick,13.0,9.0,3.0,1.0,3.0,4.0,9.0,11.0,0.0,2.0,0.0,0.0,1.5,4.33,6.0,1.57,4.42,6.32,1.57,4.19,6.95,1.54,4.24,6.11
641,2015/16,2016-02-27,Southampton,Chelsea,1.0,2.0,A,1.0,0.0,M Atkinson,7.0,16.0,2.0,4.0,7.0,8.0,10.0,11.0,3.0,1.0,0.0,0.0,2.8,3.25,2.5,2.9,3.37,2.65,3.23,3.3,2.45,2.83,3.22,2.58
642,2015/16,2016-02-27,Stoke,Aston Villa,2.0,1.0,H,0.0,0.0,K Friend,11.0,5.0,3.0,1.0,11.0,0.0,7.0,15.0,0.0,3.0,0.0,0.0,1.62,3.75,5.5,1.69,3.74,6.16,1.92,3.45,4.78,1.67,3.63,5.67
643,2015/16,2016-02-27,Watford,Bournemouth,0.0,0.0,D,0.0,0.0,A Taylor,14.0,11.0,1.0,3.0,4.0,5.0,14.0,17.0,3.0,1.0,0.0,0.0,2.38,3.25,3.0,2.45,3.31,3.22,2.64,3.36,2.91,2.37,3.22,3.1
644,2015/16,2016-02-27,West Brom,Crystal Palace,3.0,2.0,H,3.0,0.0,J Moss,11.0,15.0,5.0,2.0,3.0,6.0,14.0,16.0,2.0,2.0,0.0,0.0,2.6,3.1,2.8,2.84,3.13,2.87,2.96,3.23,2.68,2.7,3.07,2.81
645,2015/16,2016-02-27,West Ham,Sunderland,1.0,0.0,H,1.0,0.0,M Dean,9.0,13.0,3.0,4.0,5.0,6.0,11.0,9.0,1.0,0.0,0.0,0.0,1.8,3.5,4.5,1.85,3.75,4.7,1.86,3.7,4.69,1.84,3.58,4.39
646,2015/16,2016-02-28,Man United,Arsenal,3.0,2.0,H,2.0,1.0,C Pawson,7.0,13.0,5.0,5.0,2.0,3.0,21.0,15.0,4.0,3.0,0.0,0.0,3.0,3.25,2.38,3.32,3.32,2.39,3.46,3.4,2.29,3.17,3.21,2.37
647,2015/16,2016-02-28,Tottenham,Swansea,2.0,1.0,H,0.0,1.0,M Jones,34.0,10.0,14.0,4.0,7.0,7.0,11.0,14.0,2.0,3.0,0.0,0.0,1.4,4.2,9.0,1.48,4.5,8.27,1.5,4.22,8.62,1.45,4.27,7.83
648,2015/16,2016-03-01,Aston Villa,Everton,1.0,3.0,A,0.0,2.0,R East,14.0,10.0,5.0,7.0,9.0,8.0,8.0,7.0,3.0,1.0,0.0,0.0,4.5,3.6,1.91,4.44,3.69,1.91,5.48,4.14,1.68,4.4,3.53,1.87
649,2015/16,2016-03-01,Bournemouth,Southampton,2.0,0.0,H,1.0,0.0,M Dean,9.0,6.0,4.0,1.0,10.0,2.0,11.0,18.0,0.0,0.0,0.0,0.0,2.9,3.25,2.7,2.91,3.3,2.68,2.86,3.26,2.74,2.87,3.17,2.63
650,2015/16,2016-03-01,Leicester,West Brom,2.0,2.0,D,2.0,1.0,M Clattenburg,22.0,11.0,5.0,3.0,11.0,3.0,10.0,8.0,0.0,2.0,0.0,0.0,1.73,3.8,5.5,1.73,3.84,5.5,1.68,3.95,5.87,1.7,3.67,5.44
651,2015/16,2016-03-01,Norwich,Chelsea,1.0,2.0,A,0.0,2.0,L Mason,13.0,10.0,2.0,2.0,4.0,4.0,17.0,5.0,3.0,2.0,0.0,0.0,5.25,4.0,1.7,5.31,4.08,1.7,5.56,3.86,1.72,5.26,3.89,1.68
652,2015/16,2016-03-01,Sunderland,Crystal Palace,2.0,2.0,D,1.0,0.0,A Taylor,17.0,13.0,6.0,5.0,4.0,5.0,11.0,14.0,1.0,1.0,0.0,0.0,2.5,3.3,3.1,2.48,3.36,3.13,2.49,3.27,3.19,2.46,3.24,3.03
653,2015/16,2016-03-02,Arsenal,Swansea,1.0,2.0,A,1.0,1.0,R Madley,18.0,11.0,4.0,2.0,7.0,3.0,8.0,11.0,0.0,2.0,0.0,0.0,1.36,5.25,10.0,1.37,5.21,10.28,1.29,5.95,12.55,1.36,4.9,9.25
654,2015/16,2016-03-02,Liverpool,Man City,3.0,0.0,H,2.0,0.0,M Atkinson,11.0,4.0,7.0,2.0,3.0,2.0,14.0,14.0,0.0,1.0,0.0,0.0,2.63,3.4,2.88,2.64,3.5,2.81,2.79,3.53,2.64,2.57,3.33,2.79
655,2015/16,2016-03-02,Man United,Watford,1.0,0.0,H,0.0,0.0,M Jones,14.0,13.0,3.0,3.0,9.0,7.0,7.0,17.0,1.0,2.0,0.0,0.0,1.67,3.8,6.0,1.66,3.92,6.21,1.64,3.99,6.3,1.65,3.71,5.87
656,2015/16,2016-03-02,Stoke,Newcastle,1.0,0.0,H,0.0,0.0,N Swarbrick,9.0,5.0,2.0,3.0,5.0,2.0,11.0,6.0,1.0,0.0,0.0,0.0,2.0,3.5,4.2,2.03,3.53,4.1,2.06,3.51,4.0,1.97,3.39,4.07
657,2015/16,2016-03-02,West Ham,Tottenham,1.0,0.0,H,1.0,0.0,A Marriner,14.0,9.0,3.0,2.0,6.0,3.0,10.0,11.0,0.0,3.0,0.0,0.0,4.0,3.6,2.0,4.03,3.64,2.01,3.6,3.38,2.24,3.89,3.47,1.99
658,2015/16,2016-03-05,Chelsea,Stoke,1.0,1.0,D,1.0,0.0,M Clattenburg,20.0,16.0,7.0,5.0,8.0,4.0,9.0,10.0,1.0,2.0,0.0,0.0,1.5,4.5,7.5,1.52,4.44,7.28,1.52,4.32,7.63,1.5,4.23,6.89
659,2015/16,2016-03-05,Everton,West Ham,2.0,3.0,A,1.0,0.0,A Taylor,15.0,17.0,8.0,5.0,9.0,6.0,12.0,13.0,2.0,3.0,1.0,0.0,1.73,4.0,5.0,1.71,4.11,5.17,1.67,4.27,5.39,1.7,3.91,4.93
660,2015/16,2016-03-05,Man City,Aston Villa,4.0,0.0,H,0.0,0.0,L Mason,22.0,2.0,9.0,1.0,9.0,1.0,10.0,10.0,0.0,1.0,0.0,0.0,1.22,7.0,15.0,1.22,7.08,16.27,1.19,7.99,18.14,1.21,6.67,14.95
661,2015/16,2016-03-05,Newcastle,Bournemouth,1.0,3.0,A,0.0,1.0,P Tierney,14.0,16.0,3.0,5.0,5.0,4.0,13.0,8.0,1.0,3.0,0.0,0.0,2.63,3.4,2.88,2.74,3.4,2.77,2.59,3.4,2.94,2.63,3.3,2.74
662,2015/16,2016-03-05,Southampton,Sunderland,1.0,1.0,D,0.0,0.0,N Swarbrick,16.0,11.0,5.0,3.0,12.0,2.0,9.0,9.0,2.0,1.0,1.0,0.0,1.6,4.0,6.5,1.63,4.04,6.29,1.62,4.2,6.07,1.59,3.88,6.19
663,2015/16,2016-03-05,Swansea,Norwich,1.0,0.0,H,0.0,0.0,C Pawson,10.0,8.0,3.0,3.0,5.0,0.0,14.0,15.0,2.0,5.0,0.0,0.0,2.05,3.5,4.0,2.04,3.47,4.13,2.16,3.33,3.89,2.0,3.38,3.99
664,2015/16,2016-03-05,Tottenham,Arsenal,2.0,2.0,D,0.0,1.0,M Oliver,26.0,10.0,11.0,4.0,9.0,2.0,9.0,10.0,2.0,2.0,0.0,1.0,2.38,3.4,3.25,2.39,3.54,3.13,2.31,3.51,3.29,2.36,3.38,3.08
665,2015/16,2016-03-05,Watford,Leicester,0.0,1.0,A,0.0,0.0,J Moss,11.0,14.0,4.0,7.0,3.0,8.0,10.0,11.0,2.0,2.0,0.0,0.0,3.0,3.4,2.55,3.01,3.33,2.58,2.99,3.39,2.56,2.94,3.25,2.5
666,2015/16,2016-03-06,Crystal Palace,Liverpool,1.0,2.0,A,0.0,0.0,A Marriner,14.0,19.0,4.0,5.0,6.0,6.0,12.0,16.0,1.0,2.0,0.0,1.0,3.8,3.5,2.1,3.71,3.5,2.15,3.78,3.51,2.13,3.63,3.39,2.1
667,2015/16,2016-03-06,West Brom,Man United,1.0,0.0,H,0.0,0.0,M Dean,9.0,7.0,2.0,1.0,4.0,5.0,8.0,7.0,1.0,0.0,0.0,1.0,4.33,3.4,2.0,4.24,3.42,2.03,4.45,3.61,1.93,4.1,3.32,1.99
668,2015/16,2016-03-12,Bournemouth,Swansea,3.0,2.0,H,1.0,1.0,R East,12.0,12.0,4.0,4.0,5.0,3.0,12.0,11.0,1.0,0.0,0.0,0.0,1.95,3.5,4.33,1.96,3.49,4.47,2.02,3.54,4.12,1.95,3.34,4.26
669,2015/16,2016-03-12,Norwich,Man City,0.0,0.0,D,0.0,0.0,J Moss,5.0,15.0,0.0,3.0,3.0,8.0,15.0,10.0,3.0,1.0,0.0,0.0,6.0,4.2,1.6,6.0,4.2,1.63,6.85,4.31,1.56,5.86,4.0,1.6
670,2015/16,2016-03-12,Stoke,Southampton,1.0,2.0,A,0.0,2.0,L Mason,13.0,11.0,2.0,4.0,1.0,4.0,13.0,12.0,1.0,2.0,0.0,1.0,2.7,3.2,2.9,2.73,3.22,2.91,2.72,3.25,2.9,2.68,3.14,2.8
671,2015/16,2016-03-13,Aston Villa,Tottenham,0.0,2.0,A,0.0,1.0,A Taylor,11.0,19.0,2.0,8.0,5.0,8.0,6.0,6.0,0.0,0.0,0.0,0.0,7.5,4.5,1.5,7.27,4.41,1.52,7.45,4.5,1.51,6.97,4.26,1.49
672,2015/16,2016-03-14,Leicester,Newcastle,1.0,0.0,H,1.0,0.0,C Pawson,10.0,13.0,1.0,2.0,8.0,4.0,4.0,9.0,0.0,0.0,0.0,0.0,1.57,4.33,6.25,1.62,4.29,5.92,1.58,4.36,6.35,1.59,4.08,5.76
673,2015/16,2016-03-19,Chelsea,West Ham,2.0,2.0,D,1.0,1.0,R Madley,22.0,13.0,5.0,6.0,10.0,9.0,13.0,14.0,3.0,5.0,0.0,0.0,1.75,3.8,5.25,1.76,3.9,5.1,1.83,3.76,4.78,1.72,3.78,4.89
674,2015/16,2016-03-19,Crystal Palace,Leicester,0.0,1.0,A,0.0,1.0,M Jones,12.0,8.0,4.0,3.0,10.0,7.0,9.0,13.0,1.0,1.0,0.0,0.0,3.0,3.4,2.5,2.96,3.35,2.6,2.89,3.35,2.66,2.93,3.26,2.48
675,2015/16,2016-03-19,Everton,Arsenal,0.0,2.0,A,0.0,2.0,M Clattenburg,8.0,11.0,2.0,3.0,7.0,5.0,7.0,10.0,0.0,0.0,0.0,0.0,2.7,3.5,2.7,2.67,3.64,2.69,2.7,3.66,2.65,2.62,3.48,2.63
676,2015/16,2016-03-19,Swansea,Aston Villa,1.0,0.0,H,0.0,0.0,M Dean,10.0,12.0,1.0,2.0,4.0,6.0,9.0,10.0,3.0,2.0,0.0,0.0,1.67,3.8,6.0,1.73,3.81,5.55,1.68,4.05,5.55,1.66,3.73,5.58
677,2015/16,2016-03-19,Watford,Stoke,1.0,2.0,A,0.0,1.0,C Pawson,9.0,9.0,4.0,6.0,9.0,2.0,10.0,14.0,3.0,1.0,0.0,0.0,2.4,3.25,3.3,2.4,3.27,3.36,2.22,3.27,3.79,2.39,3.16,3.17
678,2015/16,2016-03-19,West Brom,Norwich,0.0,1.0,A,0.0,0.0,A Taylor,10.0,7.0,0.0,1.0,4.0,3.0,8.0,13.0,1.0,2.0,0.0,0.0,2.25,3.3,3.6,2.31,3.24,3.6,2.44,3.25,3.3,2.23,3.2,3.45
679,2015/16,2016-03-20,Man City,Man United,0.0,1.0,A,0.0,1.0,M Oliver,26.0,5.0,2.0,3.0,11.0,5.0,9.0,12.0,1.0,1.0,0.0,0.0,1.83,3.75,4.75,1.86,3.75,4.61,2.01,3.61,4.09,1.83,3.62,4.42
680,2015/16,2016-03-20,Newcastle,Sunderland,1.0,1.0,D,0.0,1.0,M Atkinson,17.0,14.0,8.0,4.0,2.0,5.0,14.0,7.0,4.0,1.0,0.0,0.0,2.1,3.5,3.8,2.13,3.43,3.85,2.24,3.22,3.79,2.11,3.34,3.61
681,2015/16,2016-03-20,Southampton,Liverpool,3.0,2.0,H,0.0,2.0,R East,16.0,18.0,5.0,9.0,3.0,5.0,10.0,13.0,1.0,3.0,0.0,0.0,2.63,3.4,2.88,2.71,3.29,2.88,2.94,3.3,2.65,2.61,3.21,2.81
682,2015/16,2016-03-20,Tottenham,Bournemouth,3.0,0.0,H,2.0,0.0,N Swarbrick,17.0,2.0,8.0,0.0,4.0,5.0,11.0,6.0,0.0,1.0,0.0,0.0,1.53,4.33,7.0,1.56,4.41,6.57,1.52,4.31,7.55,1.53,4.24,6.2
683,2015/16,2016-04-02,Arsenal,Watford,4.0,0.0,H,2.0,0.0,A Taylor,19.0,6.0,12.0,2.0,8.0,3.0,7.0,10.0,1.0,1.0,0.0,0.0,1.36,5.25,10.0,1.36,5.4,9.82,1.35,5.55,9.9,1.35,5.03,9.07
684,2015/16,2016-04-02,Aston Villa,Chelsea,0.0,4.0,A,0.0,2.0,N Swarbrick,15.0,11.0,4.0,8.0,7.0,2.0,12.0,8.0,4.0,1.0,1.0,0.0,6.5,4.33,1.57,6.46,4.12,1.6,4.93,3.63,1.85,6.14,3.98,1.58
685,2015/16,2016-04-02,Bournemouth,Man City,0.0,4.0,A,0.0,3.0,R Madley,11.0,15.0,2.0,7.0,4.0,4.0,9.0,8.0,0.0,1.0,0.0,0.0,3.75,3.6,2.1,3.7,3.65,2.1,3.94,3.72,2.01,3.62,3.5,2.05
686,2015/16,2016-04-02,Liverpool,Tottenham,1.0,1.0,D,0.0,0.0,J Moss,15.0,18.0,7.0,5.0,12.0,9.0,11.0,11.0,2.0,0.0,0.0,0.0,2.5,3.4,3.0,2.49,3.5,3.01,2.15,3.56,3.66,2.47,3.34,2.91
687,2015/16,2016-04-02,Norwich,Newcastle,3.0,2.0,H,1.0,0.0,M Dean,13.0,13.0,6.0,5.0,6.0,5.0,6.0,11.0,0.0,0.0,0.0,0.0,2.2,3.4,3.6,2.19,3.41,3.7,2.31,3.35,3.45,2.18,3.29,3.48
688,2015/16,2016-04-02,Stoke,Swansea,2.0,2.0,D,1.0,0.0,M Atkinson,12.0,12.0,5.0,3.0,5.0,5.0,6.0,16.0,0.0,1.0,0.0,0.0,2.2,3.4,3.6,2.17,3.39,3.8,2.13,3.37,3.96,2.16,3.28,3.58
689,2015/16,2016-04-02,Sunderland,West Brom,0.0,0.0,D,0.0,0.0,R East,22.0,3.0,7.0,0.0,9.0,3.0,11.0,13.0,1.0,1.0,0.0,0.0,2.1,3.3,4.0,2.11,3.36,4.0,2.0,3.4,4.39,2.08,3.27,3.81
690,2015/16,2016-04-02,West Ham,Crystal Palace,2.0,2.0,D,2.0,1.0,M Clattenburg,18.0,12.0,6.0,5.0,4.0,5.0,12.0,19.0,2.0,2.0,1.0,0.0,1.95,3.6,4.2,1.95,3.65,4.29,1.85,3.74,4.65,1.95,3.51,4.01
691,2015/16,2016-04-03,Leicester,Southampton,1.0,0.0,H,1.0,0.0,M Oliver,11.0,10.0,4.0,2.0,7.0,8.0,12.0,13.0,2.0,2.0,0.0,0.0,2.25,3.4,3.5,2.27,3.35,3.56,2.39,3.32,3.32,2.21,3.29,3.42
692,2015/16,2016-04-03,Man United,Everton,1.0,0.0,H,0.0,0.0,A Marriner,10.0,7.0,2.0,1.0,5.0,5.0,15.0,6.0,2.0,0.0,0.0,0.0,2.1,3.5,3.75,2.11,3.47,3.89,1.97,3.65,4.19,2.06,3.38,3.76
693,2015/16,2016-04-09,Aston Villa,Bournemouth,1.0,2.0,A,0.0,1.0,M Atkinson,6.0,12.0,1.0,3.0,3.0,8.0,13.0,11.0,2.0,2.0,0.0,0.0,3.4,3.2,2.2,3.64,3.47,2.19,3.78,3.58,2.1,3.47,3.35,2.15
694,2015/16,2016-04-09,Crystal Palace,Norwich,1.0,0.0,H,0.0,0.0,M Oliver,13.0,13.0,6.0,4.0,10.0,4.0,13.0,10.0,2.0,1.0,0.0,0.0,2.05,3.4,3.6,2.13,3.36,3.95,1.93,3.53,4.62,2.07,3.33,3.73
695,2015/16,2016-04-09,Man City,West Brom,2.0,1.0,H,1.0,1.0,M Jones,13.0,13.0,4.0,2.0,8.0,8.0,10.0,7.0,0.0,1.0,0.0,0.0,1.33,5.0,9.0,1.35,5.42,10.72,1.36,5.25,10.75,1.33,5.08,9.94
696,2015/16,2016-04-09,Southampton,Newcastle,3.0,1.0,H,2.0,0.0,R Madley,20.0,5.0,6.0,3.0,11.0,2.0,8.0,7.0,0.0,0.0,0.0,0.0,1.53,4.0,6.0,1.58,4.23,6.56,1.63,4.24,5.88,1.56,4.0,6.14
697,2015/16,2016-04-09,Swansea,Chelsea,1.0,0.0,H,1.0,0.0,A Marriner,12.0,8.0,6.0,2.0,1.0,9.0,15.0,13.0,5.0,4.0,0.0,0.0,3.75,3.4,2.0,3.96,3.5,2.08,3.08,3.4,2.49,3.77,3.36,2.05
698,2015/16,2016-04-09,Watford,Everton,1.0,1.0,D,1.0,1.0,K Friend,13.0,12.0,5.0,7.0,7.0,6.0,13.0,10.0,2.0,1.0,0.0,0.0,3.4,3.3,2.15,3.47,3.41,2.28,3.55,3.55,2.19,3.35,3.32,2.21
699,2015/16,2016-04-09,West Ham,Arsenal,3.0,3.0,D,2.0,2.0,C Pawson,19.0,11.0,7.0,6.0,7.0,4.0,11.0,8.0,2.0,0.0,0.0,0.0,3.6,3.5,2.0,3.9,3.77,2.01,3.89,3.87,1.98,3.72,3.61,1.98
700,2015/16,2016-04-10,Liverpool,Stoke,4.0,1.0,H,2.0,1.0,M Clattenburg,14.0,10.0,6.0,3.0,6.0,3.0,14.0,14.0,0.0,2.0,0.0,0.0,1.55,4.0,5.75,1.61,4.28,6.11,1.65,3.98,6.15,1.59,3.99,5.8
701,2015/16,2016-04-10,Sunderland,Leicester,0.0,2.0,A,0.0,0.0,A Taylor,15.0,17.0,1.0,7.0,1.0,7.0,9.0,9.0,1.0,1.0,0.0,0.0,3.4,3.4,2.1,3.51,3.5,2.23,3.3,3.33,2.4,3.41,3.37,2.17
702,2015/16,2016-04-10,Tottenham,Man United,3.0,0.0,H,0.0,0.0,M Dean,16.0,5.0,8.0,1.0,2.0,7.0,10.0,10.0,3.0,3.0,0.0,0.0,1.91,3.5,4.0,1.92,3.65,4.44,2.0,3.54,4.2,1.91,3.5,4.13
703,2015/16,2016-04-13,Crystal Palace,Everton,0.0,0.0,D,0.0,0.0,M Jones,18.0,9.0,6.0,5.0,10.0,7.0,7.0,9.0,0.0,1.0,0.0,1.0,2.9,3.4,2.6,2.89,3.48,2.59,2.68,3.38,2.85,2.85,3.3,2.52
704,2015/16,2016-04-16,Chelsea,Man City,0.0,3.0,A,0.0,1.0,M Dean,11.0,11.0,4.0,8.0,11.0,3.0,12.0,15.0,2.0,3.0,1.0,0.0,2.75,3.4,2.7,2.72,3.54,2.7,2.61,3.55,2.81,2.67,3.36,2.65
705,2015/16,2016-04-16,Everton,Southampton,1.0,1.0,D,0.0,0.0,C Pawson,7.0,18.0,2.0,4.0,3.0,10.0,8.0,14.0,1.0,1.0,0.0,0.0,2.7,3.4,2.8,2.66,3.39,2.85,3.0,3.52,2.48,2.59,3.29,2.79
706,2015/16,2016-04-16,Man United,Aston Villa,1.0,0.0,H,1.0,0.0,K Friend,13.0,7.0,4.0,1.0,14.0,3.0,9.0,10.0,0.0,1.0,0.0,0.0,1.22,7.0,17.0,1.26,6.35,14.88,1.25,6.4,15.0,1.23,6.04,14.93
707,2015/16,2016-04-16,Newcastle,Swansea,3.0,0.0,H,1.0,0.0,L Mason,12.0,11.0,7.0,1.0,3.0,7.0,13.0,9.0,2.0,1.0,0.0,0.0,2.3,3.4,3.4,2.28,3.47,3.4,2.43,3.46,3.13,2.27,3.33,3.25
708,2015/16,2016-04-16,Norwich,Sunderland,0.0,3.0,A,0.0,1.0,A Marriner,19.0,8.0,6.0,3.0,14.0,0.0,7.0,11.0,2.0,2.0,0.0,0.0,2.4,3.3,3.25,2.33,3.41,3.35,2.35,3.36,3.36,2.34,3.27,3.18
709,2015/16,2016-04-16,West Brom,Watford,0.0,1.0,A,0.0,1.0,M Oliver,16.0,11.0,4.0,4.0,9.0,3.0,11.0,17.0,0.0,3.0,0.0,0.0,2.4,3.2,3.4,2.36,3.23,3.49,2.4,3.26,3.37,2.34,3.14,3.31
710,2015/16,2016-04-17,Arsenal,Crystal Palace,1.0,1.0,D,1.0,0.0,R East,21.0,7.0,6.0,2.0,10.0,5.0,7.0,13.0,0.0,2.0,0.0,0.0,1.33,5.75,9.5,1.36,5.52,9.56,1.34,5.85,9.7,1.34,5.2,9.06
711,2015/16,2016-04-17,Bournemouth,Liverpool,1.0,2.0,A,0.0,2.0,M Jones,18.0,19.0,5.0,6.0,5.0,4.0,9.0,9.0,0.0,0.0,0.0,0.0,3.6,3.5,2.15,3.71,3.52,2.14,2.69,3.48,2.77,3.46,3.42,2.13
712,2015/16,2016-04-17,Leicester,West Ham,2.0,2.0,D,1.0,0.0,J Moss,6.0,19.0,2.0,4.0,0.0,5.0,14.0,14.0,1.0,3.0,1.0,0.0,1.95,3.6,4.2,1.92,3.75,4.3,1.95,3.71,4.19,1.91,3.57,4.08
713,2015/16,2016-04-18,Stoke,Tottenham,0.0,4.0,A,0.0,1.0,N Swarbrick,12.0,23.0,2.0,6.0,5.0,3.0,12.0,12.0,2.0,0.0,0.0,0.0,4.5,3.75,1.85,4.81,3.74,1.83,5.02,4.0,1.75,4.46,3.62,1.82
714,2015/16,2016-04-19,Newcastle,Man City,1.0,1.0,D,1.0,1.0,K Friend,5.0,9.0,3.0,5.0,5.0,3.0,13.0,8.0,3.0,2.0,0.0,0.0,6.0,4.5,1.57,6.29,4.44,1.57,6.5,4.63,1.54,5.86,4.24,1.57
715,2015/16,2016-04-20,Liverpool,Everton,4.0,0.0,H,2.0,0.0,R Madley,37.0,3.0,13.0,0.0,9.0,1.0,8.0,11.0,1.0,1.0,0.0,1.0,1.73,4.0,5.0,1.7,4.13,5.22,1.7,4.07,5.31,1.69,4.0,4.85
716,2015/16,2016-04-20,Man United,Crystal Palace,2.0,0.0,H,1.0,0.0,L Mason,16.0,5.0,10.0,0.0,10.0,2.0,13.0,7.0,1.0,2.0,0.0,0.0,1.53,4.33,7.0,1.54,4.25,7.45,1.46,4.65,8.25,1.53,4.09,6.68
717,2015/16,2016-04-20,West Ham,Watford,3.0,1.0,H,2.0,0.0,M Dean,18.0,7.0,7.0,4.0,4.0,2.0,11.0,17.0,0.0,2.0,0.0,1.0,1.57,4.33,6.5,1.56,4.37,6.74,1.45,4.82,8.03,1.54,4.16,6.3
718,2015/16,2016-04-21,Arsenal,West Brom,2.0,0.0,H,2.0,0.0,J Moss,16.0,8.0,7.0,1.0,2.0,6.0,14.0,14.0,0.0,1.0,0.0,0.0,1.29,6.0,13.0,1.25,6.45,14.75,1.25,6.57,13.99,1.25,5.87,12.76
719,2015/16,2016-04-23,Aston Villa,Southampton,2.0,4.0,A,1.0,2.0,N Swarbrick,16.0,17.0,7.0,7.0,6.0,11.0,8.0,9.0,2.0,0.0,0.0,0.0,7.5,4.2,1.53,6.61,4.2,1.58,6.95,4.35,1.55,6.65,3.99,1.54
720,2015/16,2016-04-23,Bournemouth,Chelsea,1.0,4.0,A,1.0,2.0,R East,13.0,16.0,4.0,4.0,10.0,7.0,11.0,4.0,1.0,0.0,0.0,0.0,3.1,3.5,2.4,3.09,3.6,2.39,3.55,3.68,2.14,2.99,3.43,2.35
721,2015/16,2016-04-23,Liverpool,Newcastle,2.0,2.0,D,2.0,0.0,A Marriner,13.0,6.0,4.0,3.0,5.0,4.0,8.0,17.0,1.0,1.0,0.0,0.0,1.57,4.5,6.0,1.57,4.58,6.05,1.52,4.67,6.69,1.55,4.27,5.8
722,2015/16,2016-04-23,Man City,Stoke,4.0,0.0,H,2.0,0.0,R Madley,11.0,14.0,6.0,2.0,9.0,4.0,8.0,8.0,0.0,0.0,0.0,0.0,1.3,6.0,11.0,1.31,5.91,11.67,1.31,6.0,11.35,1.3,5.5,10.42
723,2015/16,2016-04-24,Leicester,Swansea,4.0,0.0,H,2.0,0.0,M Clattenburg,18.0,9.0,9.0,1.0,4.0,6.0,15.0,10.0,1.0,2.0,0.0,0.0,1.75,3.7,5.5,1.74,3.79,5.54,1.71,3.87,5.64,1.73,3.6,5.17
724,2015/16,2016-04-24,Sunderland,Arsenal,0.0,0.0,D,0.0,0.0,M Dean,12.0,20.0,3.0,7.0,7.0,7.0,10.0,8.0,2.0,4.0,0.0,0.0,4.5,4.0,1.8,4.89,4.02,1.76,5.48,4.32,1.65,4.64,3.8,1.76
725,2015/16,2016-04-25,Tottenham,West Brom,1.0,1.0,D,1.0,0.0,M Jones,19.0,16.0,2.0,3.0,9.0,7.0,8.0,13.0,0.0,1.0,0.0,0.0,1.22,7.0,15.0,1.24,6.82,15.4,1.24,6.9,15.25,1.22,6.19,14.03
726,2015/16,2016-04-30,Arsenal,Norwich,1.0,0.0,H,0.0,0.0,M Jones,14.0,12.0,3.0,3.0,7.0,3.0,8.0,7.0,1.0,0.0,0.0,0.0,1.29,6.5,11.0,1.27,6.28,13.26,1.25,6.7,13.65,1.26,5.99,11.81
727,2015/16,2016-04-30,Everton,Bournemouth,2.0,1.0,H,1.0,1.0,N Swarbrick,12.0,16.0,5.0,2.0,3.0,5.0,4.0,8.0,1.0,0.0,0.0,0.0,2.0,3.8,3.8,2.0,3.8,3.89,2.42,3.73,2.95,1.98,3.67,3.69
728,2015/16,2016-04-30,Newcastle,Crystal Palace,1.0,0.0,H,0.0,0.0,M Dean,10.0,9.0,4.0,3.0,4.0,8.0,11.0,12.0,2.0,0.0,0.0,0.0,2.0,3.6,4.0,2.03,3.54,4.08,2.15,3.57,3.63,1.99,3.47,3.87
729,2015/16,2016-04-30,Stoke,Sunderland,1.0,1.0,D,0.0,0.0,C Pawson,11.0,14.0,3.0,5.0,2.0,8.0,13.0,13.0,2.0,2.0,0.0,0.0,2.75,3.3,2.8,2.75,3.3,2.83,2.95,3.51,2.52,2.68,3.2,2.74
730,2015/16,2016-04-30,Watford,Aston Villa,3.0,2.0,H,1.0,1.0,A Taylor,18.0,7.0,6.0,2.0,8.0,4.0,14.0,10.0,2.0,3.0,0.0,1.0,1.7,3.8,5.75,1.74,3.95,5.23,1.77,3.78,5.26,1.7,3.74,5.16
731,2015/16,2016-04-30,West Brom,West Ham,0.0,3.0,A,0.0,2.0,L Mason,15.0,8.0,5.0,4.0,8.0,6.0,14.0,7.0,0.0,0.0,0.0,0.0,4.0,3.4,2.1,4.06,3.49,2.05,3.94,3.68,2.02,3.82,3.38,2.04
732,2015/16,2016-05-01,Man United,Leicester,1.0,1.0,D,1.0,1.0,M Oliver,21.0,14.0,6.0,3.0,6.0,5.0,16.0,10.0,3.0,0.0,0.0,1.0,2.1,3.4,3.9,2.07,3.45,4.04,2.0,3.49,4.28,2.05,3.34,3.8
733,2015/16,2016-05-01,Southampton,Man City,4.0,2.0,H,2.0,1.0,A Marriner,14.0,6.0,7.0,5.0,8.0,2.0,12.0,9.0,2.0,1.0,0.0,0.0,2.8,3.4,2.7,2.73,3.44,2.75,2.42,3.56,3.06,2.68,3.34,2.65
734,2015/16,2016-05-01,Swansea,Liverpool,3.0,1.0,H,2.0,0.0,R East,18.0,11.0,9.0,3.0,4.0,7.0,12.0,13.0,2.0,2.0,0.0,1.0,3.1,3.5,2.4,3.15,3.56,2.37,3.57,3.63,2.15,3.05,3.39,2.34
735,2015/16,2016-05-02,Chelsea,Tottenham,2.0,2.0,D,0.0,2.0,M Clattenburg,13.0,16.0,5.0,5.0,7.0,8.0,9.0,20.0,3.0,9.0,0.0,0.0,2.75,3.6,2.63,2.72,3.56,2.69,2.58,3.56,2.85,2.68,3.43,2.59
736,2015/16,2016-05-07,Aston Villa,Newcastle,0.0,0.0,D,0.0,0.0,R Madley,2.0,9.0,0.0,3.0,0.0,5.0,8.0,13.0,1.0,1.0,0.0,0.0,5.75,4.2,1.65,5.39,4.17,1.68,5.05,4.13,1.72,5.45,3.98,1.63
737,2015/16,2016-05-07,Bournemouth,West Brom,1.0,1.0,D,0.0,1.0,M Clattenburg,12.0,12.0,4.0,4.0,5.0,3.0,5.0,8.0,2.0,1.0,0.0,0.0,1.95,3.6,4.2,1.96,3.54,4.38,1.93,3.65,4.38,1.92,3.47,4.19
738,2015/16,2016-05-07,Crystal Palace,Stoke,2.0,1.0,H,0.0,1.0,K Friend,17.0,12.0,4.0,3.0,4.0,3.0,8.0,18.0,2.0,3.0,0.0,0.0,2.05,3.5,3.9,2.07,3.53,3.93,2.02,3.54,4.12,2.03,3.42,3.78
739,2015/16,2016-05-07,Leicester,Everton,3.0,1.0,H,2.0,0.0,A Marriner,32.0,9.0,8.0,5.0,12.0,4.0,4.0,12.0,0.0,3.0,0.0,0.0,1.91,4.0,4.0,1.91,3.98,4.07,1.83,4.21,4.21,1.87,3.74,4.06
740,2015/16,2016-05-07,Norwich,Man United,0.0,1.0,A,0.0,0.0,C Pawson,8.0,15.0,2.0,2.0,1.0,6.0,11.0,10.0,1.0,0.0,0.0,0.0,4.5,3.6,1.91,4.59,3.68,1.88,3.82,3.53,2.11,4.39,3.52,1.87
741,2015/16,2016-05-07,Sunderland,Chelsea,3.0,2.0,H,1.0,2.0,M Jones,15.0,9.0,4.0,8.0,3.0,3.0,11.0,9.0,4.0,1.0,0.0,1.0,3.0,3.5,2.45,3.02,3.55,2.45,3.29,3.63,2.27,2.89,3.44,2.43
742,2015/16,2016-05-07,West Ham,Swansea,1.0,4.0,A,0.0,2.0,M Oliver,25.0,13.0,7.0,6.0,13.0,3.0,11.0,8.0,3.0,0.0,0.0,0.0,1.44,4.75,8.0,1.43,4.96,8.34,1.35,5.73,9.76,1.43,4.62,7.48
743,2015/16,2016-05-08,Liverpool,Watford,2.0,0.0,H,1.0,0.0,L Mason,19.0,14.0,5.0,3.0,8.0,8.0,10.0,15.0,1.0,2.0,0.0,0.0,1.5,4.5,7.5,1.54,4.65,6.48,1.55,4.48,6.55,1.49,4.42,6.55
744,2015/16,2016-05-08,Man City,Arsenal,2.0,2.0,D,1.0,1.0,A Taylor,14.0,5.0,3.0,2.0,7.0,2.0,16.0,10.0,2.0,1.0,0.0,0.0,2.5,3.6,2.9,2.54,3.53,2.92,2.22,3.61,3.41,2.48,3.43,2.81
745,2015/16,2016-05-08,Tottenham,Southampton,1.0,2.0,A,1.0,1.0,J Moss,20.0,10.0,6.0,2.0,10.0,2.0,8.0,16.0,0.0,3.0,0.0,0.0,2.05,3.6,3.9,2.03,3.71,3.88,2.25,3.44,3.49,1.98,3.58,3.78
746,2015/16,2016-05-10,West Ham,Man United,3.0,2.0,H,1.0,0.0,M Dean,20.0,3.0,6.0,2.0,6.0,2.0,6.0,18.0,1.0,3.0,0.0,0.0,3.0,3.5,2.45,3.01,3.56,2.46,3.15,3.47,2.41,2.96,3.41,2.43
747,2015/16,2016-05-11,Liverpool,Chelsea,1.0,1.0,D,0.0,1.0,M Oliver,28.0,13.0,9.0,7.0,7.0,3.0,11.0,12.0,3.0,1.0,0.0,0.0,2.0,3.8,3.8,2.02,3.86,3.76,1.71,4.36,4.81,1.97,3.69,3.71
748,2015/16,2016-05-11,Norwich,Watford,4.0,2.0,H,3.0,1.0,R East,18.0,12.0,6.0,7.0,5.0,1.0,8.0,12.0,2.0,3.0,0.0,0.0,1.83,3.75,4.75,1.85,3.82,4.6,1.88,3.98,4.19,1.82,3.66,4.43
749,2015/16,2016-05-11,Sunderland,Everton,3.0,0.0,H,2.0,0.0,A Taylor,14.0,17.0,8.0,6.0,5.0,5.0,15.0,7.0,1.0,0.0,0.0,0.0,1.75,4.0,5.0,1.75,4.0,5.05,1.86,3.98,4.31,1.73,3.83,4.82
750,2015/16,2016-05-15,Arsenal,Aston Villa,4.0,0.0,H,1.0,0.0,M Clattenburg,16.0,5.0,7.0,2.0,5.0,4.0,12.0,6.0,0.0,1.0,0.0,0.0,1.17,9.0,17.0,1.17,9.35,18.0,1.12,12.03,23.6,1.15,8.01,17.22
751,2015/16,2016-05-15,Chelsea,Leicester,1.0,1.0,D,0.0,0.0,C Pawson,17.0,18.0,4.0,5.0,7.0,6.0,4.0,12.0,0.0,0.0,0.0,0.0,2.3,3.75,3.1,2.33,3.76,3.07,2.01,3.99,3.68,2.28,3.58,3.02
752,2015/16,2016-05-15,Everton,Norwich,3.0,0.0,H,2.0,0.0,L Mason,15.0,10.0,8.0,2.0,4.0,11.0,7.0,11.0,0.0,0.0,0.0,0.0,1.8,4.0,4.5,1.75,4.33,4.58,1.74,4.38,4.6,1.75,4.0,4.36
753,2015/16,2016-05-15,Newcastle,Tottenham,5.0,1.0,H,2.0,0.0,A Taylor,19.0,17.0,10.0,5.0,3.0,8.0,7.0,6.0,1.0,2.0,1.0,0.0,4.5,4.0,1.8,4.54,4.16,1.79,5.3,4.18,1.69,4.38,3.84,1.78
754,2015/16,2016-05-15,Southampton,Crystal Palace,4.0,1.0,H,1.0,0.0,M Oliver,18.0,16.0,5.0,4.0,2.0,5.0,7.0,14.0,1.0,2.0,0.0,0.0,1.36,5.5,9.0,1.34,5.69,9.9,1.29,6.8,10.0,1.33,5.29,9.03
755,2015/16,2016-05-15,Stoke,West Ham,2.0,1.0,H,0.0,1.0,M Jones,7.0,20.0,4.0,7.0,4.0,10.0,8.0,12.0,3.0,1.0,0.0,0.0,3.5,3.6,2.15,3.48,3.82,2.12,3.05,4.0,2.26,3.37,3.59,2.1
756,2015/16,2016-05-15,Swansea,Man City,1.0,1.0,D,1.0,1.0,M Dean,4.0,18.0,1.0,5.0,4.0,4.0,4.0,19.0,1.0,3.0,0.0,0.0,6.0,4.75,1.53,6.46,4.79,1.52,7.05,5.0,1.47,6.04,4.5,1.51
757,2015/16,2016-05-15,Watford,Sunderland,2.0,2.0,D,0.0,1.0,K Friend,21.0,6.0,6.0,4.0,7.0,4.0,11.0,10.0,1.0,0.0,0.0,0.0,2.05,3.75,3.7,2.03,3.8,3.78,1.64,4.52,5.27,2.02,3.62,3.58
758,2015/16,2016-05-15,West Brom,Liverpool,1.0,1.0,D,1.0,1.0,R Madley,13.0,7.0,1.0,3.0,7.0,5.0,11.0,14.0,3.0,1.0,0.0,0.0,2.4,3.6,3.0,2.42,3.7,2.97,2.61,3.75,2.7,2.38,3.49,2.91
759,2015/16,2016-05-17,Man United,Bournemouth,3.0,1.0,H,1.0,0.0,J Moss,12.0,7.0,5.0,0.0,7.0,1.0,9.0,8.0,1.0,0.0,0.0,0.0,1.67,4.2,5.25,1.67,4.13,5.61,1.5,4.6,7.03,1.66,4.03,5.08
760,2016/17,2016-08-13,Burnley,Swansea,0.0,1.0,A,0.0,0.0,J Moss,10.0,17.0,3.0,9.0,7.0,4.0,10.0,14.0,3.0,2.0,0.0,0.0,2.4,3.3,3.25,2.47,3.32,3.19,2.79,3.16,2.89,2.43,3.21,3.1
761,2016/17,2016-08-13,Crystal Palace,West Brom,0.0,1.0,A,0.0,0.0,C Pawson,14.0,13.0,4.0,3.0,3.0,6.0,12.0,15.0,2.0,2.0,0.0,0.0,2.0,3.3,4.5,2.06,3.29,4.32,2.25,3.15,3.86,2.01,3.23,4.16
762,2016/17,2016-08-13,Everton,Tottenham,1.0,1.0,D,1.0,0.0,M Atkinson,12.0,13.0,6.0,4.0,5.0,6.0,10.0,14.0,0.0,0.0,0.0,0.0,3.2,3.4,2.4,3.25,3.43,2.37,3.64,3.54,2.16,3.12,3.32,2.36
763,2016/17,2016-08-13,Hull,Leicester,2.0,1.0,H,1.0,0.0,M Dean,14.0,18.0,5.0,5.0,5.0,3.0,8.0,17.0,2.0,2.0,0.0,0.0,4.5,3.6,1.91,4.43,3.55,1.95,4.68,3.5,1.92,4.17,3.43,1.95
764,2016/17,2016-08-13,Man City,Sunderland,2.0,1.0,H,1.0,0.0,R Madley,16.0,7.0,4.0,3.0,9.0,6.0,11.0,14.0,1.0,2.0,0.0,0.0,1.25,6.5,15.0,1.27,6.48,13.15,1.25,6.5,14.5,1.25,6.11,12.55
765,2016/17,2016-08-13,Middlesbrough,Stoke,1.0,1.0,D,1.0,0.0,K Friend,12.0,12.0,2.0,1.0,9.0,6.0,18.0,14.0,3.0,5.0,0.0,0.0,2.38,3.2,3.4,2.33,3.24,3.53,2.2,3.38,3.7,2.31,3.16,3.38
766,2016/17,2016-08-13,Southampton,Watford,1.0,1.0,D,0.0,1.0,R East,24.0,5.0,6.0,1.0,6.0,2.0,8.0,12.0,1.0,2.0,0.0,1.0,1.8,3.75,5.0,1.88,3.68,4.64,1.8,3.83,4.91,1.82,3.56,4.62
767,2016/17,2016-08-14,Arsenal,Liverpool,3.0,4.0,A,1.0,1.0,M Oliver,9.0,16.0,5.0,7.0,5.0,4.0,13.0,17.0,3.0,3.0,0.0,0.0,2.4,3.5,3.1,2.41,3.53,3.1,2.8,3.44,2.68,2.36,3.42,3.04
768,2016/17,2016-08-14,Bournemouth,Man United,1.0,3.0,A,0.0,1.0,A Marriner,9.0,11.0,3.0,7.0,4.0,2.0,7.0,10.0,0.0,1.0,0.0,0.0,4.75,3.6,1.85,4.7,3.62,1.88,5.4,3.65,1.78,4.5,3.51,1.86
769,2016/17,2016-08-15,Chelsea,West Ham,2.0,1.0,H,0.0,0.0,A Taylor,16.0,7.0,6.0,3.0,7.0,1.0,16.0,16.0,5.0,2.0,0.0,0.0,1.65,4.0,6.0,1.68,4.16,5.48,1.52,4.38,7.45,1.64,3.97,5.46
770,2016/17,2016-08-19,Man United,Southampton,2.0,0.0,H,1.0,0.0,A Taylor,12.0,13.0,5.0,1.0,4.0,0.0,11.0,8.0,0.0,0.0,0.0,0.0,1.53,4.2,7.5,1.54,4.33,7.19,1.53,4.27,7.44,1.52,4.17,7.06
771,2016/17,2016-08-20,Burnley,Liverpool,2.0,0.0,H,2.0,0.0,L Mason,3.0,26.0,2.0,5.0,1.0,12.0,14.0,5.0,0.0,1.0,0.0,0.0,6.5,4.2,1.57,7.12,4.2,1.56,7.26,4.54,1.51,6.43,4.09,1.55
772,2016/17,2016-08-20,Leicester,Arsenal,0.0,0.0,D,0.0,0.0,M Clattenburg,8.0,13.0,1.0,4.0,2.0,7.0,11.0,7.0,1.0,2.0,0.0,0.0,2.88,3.6,2.5,2.92,3.6,2.5,2.82,3.5,2.63,2.87,3.48,2.45
773,2016/17,2016-08-20,Stoke,Man City,1.0,4.0,A,0.0,2.0,M Dean,8.0,12.0,3.0,6.0,7.0,7.0,12.0,13.0,3.0,4.0,0.0,0.0,5.5,3.8,1.73,5.47,3.96,1.71,6.29,4.34,1.58,5.11,3.81,1.7
774,2016/17,2016-08-20,Swansea,Hull,0.0,2.0,A,0.0,0.0,S Attwell,13.0,12.0,3.0,4.0,8.0,3.0,7.0,10.0,0.0,0.0,0.0,0.0,1.8,3.6,5.25,1.78,3.61,5.5,1.86,3.55,4.95,1.79,3.54,4.95
775,2016/17,2016-08-20,Tottenham,Crystal Palace,1.0,0.0,H,0.0,0.0,M Oliver,20.0,10.0,5.0,2.0,10.0,4.0,19.0,9.0,3.0,3.0,0.0,0.0,1.45,4.75,8.0,1.47,4.78,7.82,1.47,4.64,7.91,1.46,4.48,7.49
776,2016/17,2016-08-20,Watford,Chelsea,1.0,2.0,A,0.0,0.0,J Moss,6.0,13.0,2.0,4.0,0.0,5.0,20.0,10.0,4.0,3.0,0.0,0.0,5.5,3.8,1.73,5.44,3.74,1.76,6.0,3.99,1.66,5.22,3.66,1.72
777,2016/17,2016-08-20,West Brom,Everton,1.0,2.0,A,1.0,1.0,N Swarbrick,11.0,13.0,4.0,7.0,7.0,4.0,16.0,10.0,3.0,1.0,0.0,0.0,3.0,3.25,2.6,3.11,3.19,2.6,3.08,3.17,2.63,2.97,3.15,2.56
778,2016/17,2016-08-21,Sunderland,Middlesbrough,1.0,2.0,A,0.0,2.0,M Atkinson,18.0,8.0,5.0,3.0,8.0,1.0,11.0,14.0,1.0,1.0,0.0,0.0,2.55,3.2,3.1,2.61,3.22,3.06,2.79,3.1,2.94,2.52,3.16,3.02
779,2016/17,2016-08-21,West Ham,Bournemouth,1.0,0.0,H,0.0,0.0,C Pawson,15.0,8.0,2.0,5.0,1.0,6.0,15.0,15.0,3.0,1.0,0.0,1.0,1.95,3.75,4.0,1.98,3.75,4.02,2.48,3.31,3.17,1.94,3.62,3.96
780,2016/17,2016-08-27,Chelsea,Burnley,3.0,0.0,H,2.0,0.0,M Clattenburg,22.0,6.0,10.0,0.0,9.0,5.0,6.0,9.0,2.0,2.0,0.0,0.0,1.25,5.5,15.0,1.26,6.35,14.35,1.25,6.6,15.24,1.25,5.72,13.7
781,2016/17,2016-08-27,Crystal Palace,Bournemouth,1.0,1.0,D,0.0,1.0,M Dean,24.0,10.0,5.0,3.0,10.0,4.0,15.0,10.0,2.0,1.0,0.0,0.0,2.3,3.2,3.3,2.33,3.38,3.39,2.23,3.36,3.64,2.31,3.28,3.24
782,2016/17,2016-08-27,Everton,Stoke,1.0,0.0,H,0.0,0.0,M Oliver,21.0,8.0,9.0,1.0,9.0,2.0,14.0,11.0,2.0,1.0,0.0,0.0,1.73,3.6,5.25,1.74,3.79,5.55,1.68,4.2,5.39,1.72,3.66,5.17
783,2016/17,2016-08-27,Hull,Man United,0.0,1.0,A,0.0,0.0,J Moss,8.0,29.0,2.0,9.0,1.0,6.0,9.0,6.0,2.0,3.0,0.0,0.0,8.0,4.1,1.44,8.35,4.6,1.46,9.15,4.54,1.45,7.8,4.28,1.46
784,2016/17,2016-08-27,Leicester,Swansea,2.0,1.0,H,1.0,0.0,R East,13.0,9.0,6.0,3.0,4.0,6.0,14.0,10.0,2.0,2.0,0.0,0.0,1.73,3.6,5.25,1.71,3.88,5.57,1.69,4.12,5.37,1.72,3.69,5.11
785,2016/17,2016-08-27,Southampton,Sunderland,1.0,1.0,D,0.0,0.0,L Mason,16.0,5.0,7.0,2.0,5.0,5.0,15.0,8.0,2.0,2.0,0.0,0.0,1.57,3.6,6.5,1.61,4.03,6.63,1.48,4.75,7.45,1.6,3.88,6.16
786,2016/17,2016-08-27,Tottenham,Liverpool,1.0,1.0,D,0.0,1.0,R Madley,11.0,13.0,4.0,3.0,5.0,5.0,11.0,17.0,3.0,5.0,0.0,0.0,2.38,3.4,3.0,2.36,3.56,3.17,2.68,3.37,2.85,2.37,3.43,3.01
787,2016/17,2016-08-27,Watford,Arsenal,1.0,3.0,A,0.0,3.0,K Friend,14.0,10.0,6.0,7.0,3.0,2.0,18.0,15.0,6.0,1.0,0.0,0.0,5.0,3.75,1.73,5.47,3.91,1.72,6.0,4.16,1.63,5.12,3.72,1.72
788,2016/17,2016-08-28,Man City,West Ham,3.0,1.0,H,2.0,0.0,A Marriner,22.0,9.0,5.0,2.0,5.0,4.0,5.0,10.0,1.0,3.0,0.0,0.0,1.25,6.0,11.0,1.3,6.3,10.91,1.26,6.5,13.25,1.28,5.75,10.65
789,2016/17,2016-08-28,West Brom,Middlesbrough,0.0,0.0,D,0.0,0.0,A Taylor,13.0,7.0,2.0,2.0,5.0,4.0,12.0,11.0,1.0,3.0,0.0,0.0,2.6,3.1,2.9,2.6,3.09,3.2,2.65,3.1,3.12,2.56,3.06,3.04
790,2016/17,2016-09-10,Arsenal,Southampton,2.0,1.0,H,1.0,1.0,R Madley,17.0,11.0,2.0,5.0,6.0,1.0,10.0,8.0,2.0,5.0,0.0,0.0,1.57,4.2,6.5,1.6,4.35,6.15,1.63,4.17,6.05,1.57,4.15,5.98
791,2016/17,2016-09-10,Bournemouth,West Brom,1.0,0.0,H,0.0,0.0,K Friend,12.0,12.0,5.0,2.0,10.0,5.0,9.0,11.0,1.0,3.0,0.0,0.0,2.05,3.25,4.33,2.05,3.31,4.33,2.12,3.25,4.14,2.02,3.25,4.15
792,2016/17,2016-09-10,Burnley,Hull,1.0,1.0,D,0.0,0.0,P Tierney,13.0,11.0,2.0,3.0,5.0,9.0,13.0,3.0,2.0,0.0,0.0,0.0,2.45,3.1,3.4,2.44,3.21,3.36,2.55,3.14,3.23,2.41,3.14,3.22
793,2016/17,2016-09-10,Liverpool,Leicester,4.0,1.0,H,2.0,1.0,C Pawson,17.0,12.0,11.0,3.0,1.0,7.0,4.0,8.0,1.0,2.0,0.0,0.0,1.7,4.0,5.5,1.7,3.97,5.54,1.68,4.07,5.52,1.66,3.95,5.36
794,2016/17,2016-09-10,Man United,Man City,1.0,2.0,A,1.0,2.0,M Clattenburg,14.0,18.0,3.0,6.0,4.0,4.0,15.0,10.0,4.0,2.0,0.0,0.0,2.38,3.25,3.4,2.38,3.31,3.35,2.42,3.1,3.51,2.32,3.26,3.28
795,2016/17,2016-09-10,Middlesbrough,Crystal Palace,1.0,2.0,A,1.0,1.0,N Swarbrick,12.0,12.0,4.0,4.0,6.0,6.0,5.0,9.0,1.0,2.0,0.0,0.0,2.3,3.2,3.6,2.31,3.2,3.65,2.45,3.21,3.32,2.27,3.15,3.5
796,2016/17,2016-09-10,Stoke,Tottenham,0.0,4.0,A,0.0,1.0,A Taylor,15.0,20.0,2.0,8.0,10.0,8.0,13.0,18.0,3.0,2.0,0.0,0.0,4.6,3.75,1.85,4.34,3.82,1.89,4.27,3.68,1.94,4.38,3.66,1.84
797,2016/17,2016-09-10,West Ham,Watford,2.0,4.0,A,2.0,2.0,M Atkinson,19.0,13.0,4.0,8.0,4.0,4.0,10.0,15.0,2.0,2.0,0.0,0.0,1.91,3.6,4.5,1.9,3.6,4.62,1.9,3.76,4.4,1.88,3.53,4.35
798,2016/17,2016-09-11,Swansea,Chelsea,2.0,2.0,D,0.0,1.0,A Marriner,6.0,28.0,2.0,7.0,1.0,11.0,17.0,8.0,3.0,4.0,0.0,0.0,5.75,4.0,1.67,5.77,4.17,1.65,6.59,4.25,1.58,5.45,3.97,1.65
799,2016/17,2016-09-12,Sunderland,Everton,0.0,3.0,A,0.0,0.0,M Jones,11.0,20.0,2.0,9.0,5.0,4.0,11.0,8.0,1.0,1.0,0.0,0.0,3.8,3.5,2.1,3.75,3.6,2.1,3.67,3.51,2.16,3.59,3.45,2.1
800,2016/17,2016-09-16,Chelsea,Liverpool,1.0,2.0,A,0.0,2.0,M Atkinson,12.0,13.0,4.0,5.0,6.0,4.0,6.0,13.0,1.0,1.0,0.0,0.0,2.25,3.5,3.4,2.28,3.49,3.4,2.19,3.59,3.52,2.25,3.46,3.29
801,2016/17,2016-09-17,Everton,Middlesbrough,3.0,1.0,H,3.0,1.0,L Mason,11.0,7.0,6.0,0.0,6.0,3.0,5.0,15.0,2.0,1.0,0.0,0.0,1.67,3.8,6.0,1.65,3.99,6.19,1.65,3.89,6.35,1.65,3.83,5.7
802,2016/17,2016-09-17,Hull,Arsenal,1.0,4.0,A,0.0,1.0,R East,6.0,24.0,2.0,9.0,2.0,4.0,9.0,12.0,0.0,2.0,1.0,0.0,6.0,4.2,1.6,6.03,4.2,1.6,6.12,4.19,1.62,5.94,4.05,1.59
803,2016/17,2016-09-17,Leicester,Burnley,3.0,0.0,H,1.0,0.0,A Taylor,14.0,7.0,6.0,2.0,7.0,1.0,10.0,9.0,0.0,1.0,0.0,0.0,1.5,4.33,8.0,1.46,4.49,8.87,1.5,4.6,7.32,1.48,4.29,7.5
804,2016/17,2016-09-17,Man City,Bournemouth,4.0,0.0,H,2.0,0.0,J Moss,20.0,6.0,12.0,2.0,5.0,5.0,8.0,11.0,1.0,1.0,1.0,0.0,1.29,6.0,12.0,1.28,6.24,12.78,1.25,6.95,13.05,1.28,5.82,11.3
805,2016/17,2016-09-17,West Brom,West Ham,4.0,2.0,H,3.0,0.0,M Clattenburg,8.0,23.0,6.0,5.0,2.0,6.0,14.0,6.0,2.0,1.0,0.0,0.0,2.8,3.2,2.8,2.9,3.19,2.76,2.91,3.23,2.72,2.73,3.17,2.76
806,2016/17,2016-09-18,Crystal Palace,Stoke,4.0,1.0,H,2.0,0.0,C Pawson,14.0,11.0,8.0,4.0,10.0,5.0,15.0,9.0,2.0,1.0,0.0,0.0,2.0,3.5,4.2,2.09,3.37,4.08,2.12,3.41,3.92,2.03,3.35,3.96
807,2016/17,2016-09-18,Southampton,Swansea,1.0,0.0,H,0.0,0.0,M Jones,19.0,9.0,6.0,3.0,7.0,1.0,14.0,9.0,1.0,1.0,0.0,0.0,1.7,3.8,5.75,1.68,3.84,6.17,1.67,4.06,5.74,1.68,3.72,5.62
808,2016/17,2016-09-18,Tottenham,Sunderland,1.0,0.0,H,0.0,0.0,M Dean,31.0,6.0,9.0,2.0,14.0,1.0,7.0,16.0,1.0,5.0,0.0,1.0,1.33,5.5,11.0,1.35,5.52,10.26,1.34,5.75,9.75,1.33,5.27,10.01
809,2016/17,2016-09-18,Watford,Man United,3.0,1.0,H,1.0,0.0,M Oliver,10.0,15.0,5.0,2.0,5.0,7.0,14.0,19.0,3.0,4.0,0.0,0.0,6.0,4.2,1.62,5.8,4.12,1.65,6.5,4.27,1.58,5.67,3.95,1.63
810,2016/17,2016-09-24,Arsenal,Chelsea,3.0,0.0,H,3.0,0.0,M Oliver,14.0,9.0,5.0,2.0,9.0,1.0,9.0,11.0,0.0,2.0,0.0,0.0,2.4,3.5,3.1,2.35,3.53,3.21,2.48,3.49,3.02,2.35,3.43,3.08
811,2016/17,2016-09-24,Bournemouth,Everton,1.0,0.0,H,1.0,0.0,R Madley,12.0,13.0,1.0,2.0,5.0,3.0,10.0,14.0,2.0,2.0,0.0,0.0,3.6,3.5,2.15,3.79,3.57,2.1,3.33,3.46,2.32,3.55,3.46,2.12
812,2016/17,2016-09-24,Liverpool,Hull,5.0,1.0,H,3.0,0.0,A Marriner,32.0,2.0,12.0,1.0,13.0,2.0,8.0,8.0,1.0,2.0,0.0,1.0,1.22,7.0,15.0,1.23,7.0,15.54,1.25,6.95,12.65,1.22,6.62,13.93
813,2016/17,2016-09-24,Man United,Leicester,4.0,1.0,H,4.0,0.0,M Dean,16.0,10.0,7.0,3.0,8.0,6.0,9.0,12.0,0.0,2.0,0.0,0.0,1.73,3.9,5.25,1.74,3.86,5.39,1.69,3.93,5.75,1.71,3.84,5.14
814,2016/17,2016-09-24,Middlesbrough,Tottenham,1.0,2.0,A,0.0,2.0,G Scott,6.0,19.0,2.0,5.0,2.0,10.0,14.0,9.0,2.0,1.0,0.0,0.0,3.75,3.5,2.1,3.73,3.48,2.15,3.94,3.41,2.11,3.7,3.39,2.1
815,2016/17,2016-09-24,Stoke,West Brom,1.0,1.0,D,0.0,0.0,M Atkinson,12.0,9.0,2.0,3.0,6.0,6.0,9.0,13.0,3.0,4.0,0.0,0.0,2.38,3.3,3.3,2.34,3.35,3.4,2.29,3.43,3.42,2.33,3.26,3.25
816,2016/17,2016-09-24,Sunderland,Crystal Palace,2.0,3.0,A,1.0,0.0,A Taylor,11.0,20.0,4.0,4.0,3.0,5.0,15.0,12.0,0.0,2.0,0.0,0.0,2.88,3.25,2.7,2.88,3.3,2.7,2.51,3.31,3.13,2.81,3.25,2.64
817,2016/17,2016-09-24,Swansea,Man City,1.0,3.0,A,1.0,1.0,N Swarbrick,13.0,18.0,5.0,4.0,2.0,7.0,15.0,9.0,2.0,4.0,0.0,0.0,9.0,5.5,1.36,9.45,5.31,1.38,9.05,5.99,1.35,8.38,5.08,1.38
818,2016/17,2016-09-25,West Ham,Southampton,0.0,3.0,A,0.0,1.0,J Moss,13.0,18.0,1.0,9.0,6.0,2.0,9.0,14.0,5.0,2.0,0.0,0.0,2.8,3.3,2.75,2.83,3.35,2.72,3.15,3.41,2.44,2.78,3.29,2.64
819,2016/17,2016-09-26,Burnley,Watford,2.0,0.0,H,1.0,0.0,M Jones,13.0,12.0,4.0,3.0,7.0,6.0,11.0,15.0,1.0,3.0,0.0,0.0,2.9,3.2,2.7,3.09,3.21,2.59,3.4,3.23,2.4,2.9,3.17,2.59
820,2016/17,2016-09-30,Everton,Crystal Palace,1.0,1.0,D,1.0,0.0,J Moss,13.0,10.0,3.0,2.0,10.0,9.0,16.0,11.0,5.0,4.0,0.0,0.0,1.73,4.0,5.0,1.74,3.95,5.25,1.76,3.88,5.1,1.73,3.85,4.98
821,2016/17,2016-10-01,Hull,Chelsea,0.0,2.0,A,0.0,0.0,A Taylor,8.0,22.0,3.0,9.0,5.0,7.0,13.0,15.0,2.0,2.0,0.0,0.0,7.5,4.5,1.5,7.68,4.63,1.48,7.5,4.9,1.46,6.93,4.45,1.49
822,2016/17,2016-10-01,Sunderland,West Brom,1.0,1.0,D,0.0,1.0,S Attwell,7.0,17.0,2.0,7.0,6.0,5.0,7.0,13.0,1.0,3.0,0.0,0.0,2.5,3.25,3.2,2.47,3.24,3.26,2.54,3.17,3.21,2.44,3.17,3.16
823,2016/17,2016-10-01,Swansea,Liverpool,1.0,2.0,A,1.0,0.0,M Oliver,8.0,18.0,3.0,6.0,3.0,10.0,11.0,9.0,2.0,2.0,0.0,0.0,8.0,4.75,1.45,8.44,4.92,1.43,7.3,5.04,1.46,7.38,4.72,1.44
824,2016/17,2016-10-01,Watford,Bournemouth,2.0,2.0,D,0.0,1.0,M Dean,17.0,11.0,7.0,2.0,4.0,5.0,17.0,12.0,3.0,4.0,0.0,0.0,2.38,3.3,3.3,2.42,3.32,3.27,2.51,3.33,3.11,2.35,3.28,3.21
825,2016/17,2016-10-01,West Ham,Middlesbrough,1.0,1.0,D,0.0,0.0,N Swarbrick,19.0,9.0,2.0,3.0,4.0,5.0,13.0,12.0,2.0,3.0,0.0,0.0,2.25,3.4,3.5,2.23,3.35,3.66,2.0,3.52,4.26,2.21,3.31,3.5
826,2016/17,2016-10-02,Burnley,Arsenal,0.0,1.0,A,0.0,0.0,C Pawson,10.0,18.0,1.0,3.0,2.0,6.0,2.0,3.0,0.0,0.0,0.0,0.0,9.0,5.0,1.4,10.17,5.13,1.38,9.5,5.38,1.37,8.94,4.91,1.38
827,2016/17,2016-10-02,Leicester,Southampton,0.0,0.0,D,0.0,0.0,M Atkinson,9.0,11.0,1.0,5.0,3.0,6.0,9.0,9.0,1.0,0.0,0.0,0.0,2.25,3.4,3.5,2.24,3.35,3.63,2.52,3.38,3.05,2.21,3.31,3.49
828,2016/17,2016-10-02,Man United,Stoke,1.0,1.0,D,0.0,0.0,R Madley,24.0,7.0,9.0,6.0,13.0,2.0,14.0,9.0,3.0,0.0,0.0,0.0,1.33,5.75,10.0,1.35,5.46,10.61,1.31,5.8,12.0,1.34,5.25,9.59
829,2016/17,2016-10-02,Tottenham,Man City,2.0,0.0,H,2.0,0.0,A Marriner,13.0,12.0,7.0,6.0,4.0,3.0,20.0,10.0,2.0,2.0,0.0,0.0,3.0,3.5,2.5,2.99,3.54,2.48,3.02,3.5,2.48,2.96,3.43,2.42
830,2016/17,2016-10-15,Arsenal,Swansea,3.0,2.0,H,2.0,1.0,J Moss,16.0,13.0,6.0,6.0,5.0,6.0,7.0,10.0,0.0,1.0,1.0,0.0,1.29,6.5,11.0,1.28,6.15,12.8,1.24,7.0,14.5,1.28,5.91,11.22
831,2016/17,2016-10-15,Bournemouth,Hull,6.0,1.0,H,3.0,1.0,L Mason,22.0,11.0,10.0,4.0,5.0,4.0,8.0,14.0,0.0,3.0,0.0,0.0,1.85,3.5,5.0,1.83,3.61,5.05,1.79,3.81,4.99,1.83,3.51,4.74
832,2016/17,2016-10-15,Chelsea,Leicester,3.0,0.0,H,2.0,0.0,A Marriner,16.0,5.0,6.0,0.0,8.0,5.0,6.0,12.0,1.0,1.0,0.0,0.0,1.57,4.5,6.0,1.58,4.33,6.3,1.56,4.35,6.76,1.58,4.19,5.88
833,2016/17,2016-10-15,Crystal Palace,West Ham,0.0,1.0,A,0.0,1.0,M Atkinson,12.0,12.0,3.0,4.0,7.0,6.0,12.0,13.0,1.0,3.0,0.0,1.0,2.15,3.5,3.6,2.14,3.52,3.71,2.23,3.45,3.56,2.1,3.45,3.61
834,2016/17,2016-10-15,Man City,Everton,1.0,1.0,D,0.0,0.0,M Oliver,19.0,3.0,8.0,2.0,13.0,1.0,7.0,9.0,0.0,2.0,0.0,0.0,1.5,4.75,7.0,1.52,4.68,6.82,1.52,4.73,6.68,1.5,4.52,6.46
835,2016/17,2016-10-15,Stoke,Sunderland,2.0,0.0,H,2.0,0.0,M Jones,18.0,11.0,6.0,1.0,6.0,4.0,10.0,13.0,1.0,1.0,0.0,0.0,2.0,3.6,4.0,1.98,3.51,4.34,1.94,3.61,4.36,1.99,3.44,3.99
836,2016/17,2016-10-15,West Brom,Tottenham,1.0,1.0,D,0.0,0.0,K Friend,8.0,20.0,4.0,8.0,5.0,8.0,14.0,10.0,2.0,2.0,0.0,0.0,5.5,3.8,1.73,5.45,3.91,1.72,5.55,3.95,1.7,5.27,3.71,1.72
837,2016/17,2016-10-16,Middlesbrough,Watford,0.0,1.0,A,0.0,0.0,R East,10.0,4.0,3.0,2.0,4.0,6.0,15.0,10.0,4.0,1.0,0.0,0.0,2.25,3.3,3.6,2.33,3.27,3.51,2.26,3.27,3.67,2.25,3.21,3.5
838,2016/17,2016-10-16,Southampton,Burnley,3.0,1.0,H,0.0,0.0,M Dean,34.0,6.0,14.0,1.0,8.0,4.0,11.0,10.0,1.0,2.0,0.0,0.0,1.4,4.8,9.5,1.39,4.89,10.41,1.35,5.3,10.85,1.39,4.63,9.33
839,2016/17,2016-10-17,Liverpool,Man United,0.0,0.0,D,0.0,0.0,A Taylor,9.0,7.0,3.0,1.0,3.0,1.0,14.0,20.0,0.0,4.0,0.0,0.0,2.2,3.5,3.5,2.19,3.51,3.58,2.28,3.34,3.54,2.16,3.42,3.45
840,2016/17,2016-10-22,Arsenal,Middlesbrough,0.0,0.0,D,0.0,0.0,M Dean,9.0,11.0,5.0,4.0,8.0,3.0,6.0,13.0,1.0,0.0,0.0,0.0,1.25,6.5,15.0,1.27,6.28,13.55,1.27,6.3,13.0,1.26,5.99,12.63
841,2016/17,2016-10-22,Bournemouth,Tottenham,0.0,0.0,D,0.0,0.0,C Pawson,8.0,16.0,1.0,4.0,7.0,4.0,10.0,15.0,2.0,4.0,0.0,0.0,4.2,3.6,1.95,4.12,3.7,1.97,4.3,3.66,1.94,3.94,3.58,1.97
842,2016/17,2016-10-22,Burnley,Everton,2.0,1.0,H,1.0,0.0,M Jones,9.0,20.0,3.0,8.0,2.0,8.0,16.0,15.0,2.0,3.0,0.0,0.0,6.0,3.8,1.67,6.05,3.87,1.68,5.9,3.73,1.71,5.84,3.74,1.66
843,2016/17,2016-10-22,Hull,Stoke,0.0,2.0,A,0.0,1.0,K Friend,9.0,12.0,2.0,6.0,5.0,7.0,16.0,8.0,2.0,3.0,0.0,0.0,3.1,3.3,2.5,3.16,3.35,2.46,2.99,3.32,2.6,3.01,3.27,2.48
844,2016/17,2016-10-22,Leicester,Crystal Palace,3.0,1.0,H,1.0,0.0,M Oliver,17.0,23.0,4.0,7.0,8.0,8.0,10.0,8.0,0.0,0.0,0.0,0.0,2.05,3.5,3.9,2.06,3.44,4.1,2.0,3.42,4.38,2.04,3.38,3.89
845,2016/17,2016-10-22,Liverpool,West Brom,2.0,1.0,H,2.0,0.0,N Swarbrick,21.0,6.0,7.0,1.0,3.0,2.0,9.0,13.0,1.0,3.0,0.0,0.0,1.29,6.0,13.0,1.28,6.26,12.86,1.31,5.93,11.06,1.28,5.84,11.53
846,2016/17,2016-10-22,Swansea,Watford,0.0,0.0,D,0.0,0.0,P Tierney,11.0,10.0,5.0,2.0,7.0,2.0,15.0,16.0,2.0,1.0,0.0,0.0,2.38,3.3,3.3,2.33,3.35,3.42,2.49,3.3,3.17,2.31,3.3,3.27
847,2016/17,2016-10-22,West Ham,Sunderland,1.0,0.0,H,0.0,0.0,R Madley,20.0,10.0,3.0,2.0,6.0,2.0,10.0,13.0,2.0,5.0,0.0,0.0,1.67,4.0,5.75,1.68,4.07,5.52,1.69,4.01,5.61,1.68,3.94,5.24
848,2016/17,2016-10-23,Chelsea,Man United,4.0,0.0,H,2.0,0.0,M Atkinson,14.0,16.0,6.0,5.0,5.0,7.0,7.0,17.0,3.0,2.0,0.0,0.0,2.15,3.4,3.8,2.24,3.31,3.68,2.19,3.31,3.82,2.21,3.24,3.57
849,2016/17,2016-10-23,Man City,Southampton,1.0,1.0,D,0.0,1.0,M Clattenburg,14.0,6.0,3.0,2.0,10.0,3.0,11.0,10.0,3.0,3.0,0.0,0.0,1.5,4.5,7.5,1.5,4.63,7.3,1.47,4.59,8.25,1.49,4.44,6.92
850,2016/17,2016-10-29,Crystal Palace,Liverpool,2.0,4.0,A,2.0,3.0,A Marriner,7.0,17.0,6.0,10.0,3.0,3.0,15.0,5.0,1.0,2.0,0.0,0.0,5.25,4.0,1.7,4.9,3.92,1.78,4.8,4.08,1.76,4.82,3.9,1.73
851,2016/17,2016-10-29,Man United,Burnley,0.0,0.0,D,0.0,0.0,M Clattenburg,37.0,7.0,11.0,1.0,19.0,1.0,12.0,9.0,1.0,3.0,1.0,0.0,1.2,7.0,19.0,1.22,6.9,18.5,1.26,6.4,14.25,1.21,6.49,16.6
852,2016/17,2016-10-29,Middlesbrough,Bournemouth,2.0,0.0,H,1.0,0.0,S Attwell,10.0,15.0,3.0,3.0,4.0,7.0,3.0,5.0,1.0,1.0,0.0,0.0,2.5,3.2,3.2,2.57,3.15,3.19,2.52,3.13,3.29,2.49,3.13,3.1
853,2016/17,2016-10-29,Sunderland,Arsenal,1.0,4.0,A,0.0,1.0,M Atkinson,3.0,21.0,1.0,7.0,0.0,8.0,9.0,13.0,4.0,3.0,0.0,0.0,9.0,5.0,1.4,8.25,5.1,1.42,8.14,4.87,1.44,7.88,4.94,1.4
854,2016/17,2016-10-29,Tottenham,Leicester,1.0,1.0,D,1.0,0.0,R Madley,22.0,6.0,5.0,1.0,8.0,1.0,11.0,20.0,3.0,4.0,0.0,0.0,1.62,4.2,6.0,1.64,4.1,6.03,1.63,4.22,5.85,1.63,3.99,5.63
855,2016/17,2016-10-29,Watford,Hull,1.0,0.0,H,0.0,0.0,J Moss,22.0,8.0,0.0,2.0,7.0,2.0,13.0,8.0,1.0,2.0,0.0,0.0,1.75,3.75,5.25,1.75,3.72,5.6,1.75,3.76,5.51,1.75,3.64,5.16
856,2016/17,2016-10-29,West Brom,Man City,0.0,4.0,A,0.0,2.0,L Mason,9.0,21.0,1.0,8.0,1.0,7.0,17.0,10.0,4.0,3.0,0.0,0.0,8.0,4.75,1.44,7.48,4.57,1.5,7.58,4.75,1.48,7.45,4.5,1.46
857,2016/17,2016-10-30,Everton,West Ham,2.0,0.0,H,0.0,0.0,A Taylor,17.0,13.0,6.0,3.0,8.0,8.0,15.0,12.0,2.0,3.0,0.0,0.0,1.8,3.8,4.75,1.81,3.84,4.8,1.88,3.76,4.47,1.79,3.81,4.52
858,2016/17,2016-10-30,Southampton,Chelsea,0.0,2.0,A,0.0,1.0,M Jones,9.0,13.0,1.0,7.0,7.0,3.0,13.0,16.0,0.0,0.0,0.0,0.0,3.2,3.4,2.4,3.2,3.37,2.43,3.24,3.39,2.4,3.1,3.33,2.39
859,2016/17,2016-10-31,Stoke,Swansea,3.0,1.0,H,1.0,1.0,M Oliver,17.0,14.0,4.0,6.0,6.0,4.0,7.0,14.0,2.0,0.0,0.0,0.0,2.05,3.6,3.8,2.1,3.52,3.85,2.02,3.5,4.17,2.04,3.5,3.72
860,2016/17,2016-11-05,Bournemouth,Sunderland,1.0,2.0,A,1.0,1.0,M Dean,22.0,9.0,7.0,4.0,12.0,2.0,14.0,17.0,3.0,2.0,0.0,1.0,1.65,4.2,5.5,1.63,4.27,5.78,1.63,4.4,5.61,1.62,4.05,5.59
861,2016/17,2016-11-05,Burnley,Crystal Palace,3.0,2.0,H,2.0,0.0,A Taylor,14.0,16.0,7.0,5.0,4.0,7.0,11.0,12.0,1.0,2.0,0.0,0.0,3.3,3.3,2.38,3.42,3.37,2.32,3.6,3.27,2.29,3.32,3.25,2.31
862,2016/17,2016-11-05,Chelsea,Everton,5.0,0.0,H,3.0,0.0,R Madley,21.0,1.0,9.0,0.0,4.0,2.0,5.0,16.0,0.0,3.0,0.0,0.0,1.53,4.33,7.0,1.57,4.37,6.47,1.5,4.61,7.4,1.56,4.22,6.23
863,2016/17,2016-11-05,Man City,Middlesbrough,1.0,1.0,D,1.0,0.0,K Friend,25.0,5.0,7.0,3.0,8.0,2.0,7.0,15.0,1.0,3.0,0.0,0.0,1.22,7.0,15.0,1.23,7.16,14.22,1.22,7.55,14.75,1.22,6.6,14.35
864,2016/17,2016-11-05,West Ham,Stoke,1.0,1.0,D,0.0,0.0,A Marriner,9.0,12.0,2.0,4.0,6.0,4.0,11.0,10.0,4.0,1.0,0.0,0.0,2.0,3.6,4.0,2.0,3.59,4.13,2.01,3.53,4.17,2.0,3.52,3.87
865,2016/17,2016-11-06,Arsenal,Tottenham,1.0,1.0,D,1.0,0.0,M Clattenburg,15.0,10.0,2.0,3.0,7.0,2.0,11.0,17.0,1.0,2.0,0.0,0.0,1.95,3.6,4.2,1.95,3.59,4.35,1.97,3.63,4.2,1.94,3.53,4.11
866,2016/17,2016-11-06,Hull,Southampton,2.0,1.0,H,0.0,1.0,G Scott,6.0,19.0,2.0,7.0,1.0,10.0,13.0,15.0,0.0,5.0,0.0,0.0,5.75,3.8,1.7,5.73,3.88,1.7,5.75,3.9,1.69,5.46,3.71,1.7
867,2016/17,2016-11-06,Leicester,West Brom,1.0,2.0,A,0.0,0.0,C Pawson,5.0,11.0,2.0,5.0,5.0,6.0,8.0,8.0,0.0,2.0,0.0,0.0,1.8,3.6,5.25,1.78,3.63,5.49,1.74,3.72,5.65,1.78,3.55,5.11
868,2016/17,2016-11-06,Liverpool,Watford,6.0,1.0,H,3.0,0.0,M Oliver,28.0,11.0,17.0,8.0,6.0,3.0,14.0,10.0,1.0,2.0,0.0,0.0,1.29,6.0,12.0,1.29,6.19,11.8,1.29,6.3,11.95,1.28,5.9,11.25
869,2016/17,2016-11-06,Swansea,Man United,1.0,3.0,A,0.0,3.0,N Swarbrick,6.0,9.0,1.0,3.0,2.0,0.0,9.0,16.0,0.0,2.0,0.0,0.0,5.0,4.0,1.73,4.94,4.01,1.76,5.53,4.04,1.69,4.82,3.87,1.74
870,2016/17,2016-11-19,Crystal Palace,Man City,1.0,2.0,A,0.0,1.0,R Madley,9.0,10.0,2.0,4.0,2.0,7.0,12.0,15.0,1.0,2.0,0.0,0.0,6.5,4.5,1.53,6.28,4.57,1.56,6.75,5.03,1.49,6.09,4.38,1.54
871,2016/17,2016-11-19,Everton,Swansea,1.0,1.0,D,0.0,1.0,M Atkinson,14.0,5.0,6.0,3.0,10.0,3.0,13.0,12.0,4.0,2.0,0.0,0.0,1.6,4.33,6.0,1.58,4.26,6.52,1.6,4.42,5.94,1.58,4.17,5.98
872,2016/17,2016-11-19,Man United,Arsenal,1.0,1.0,D,0.0,0.0,A Marriner,12.0,5.0,5.0,1.0,10.0,4.0,14.0,11.0,3.0,3.0,0.0,0.0,2.6,3.4,2.9,2.61,3.33,2.97,2.5,3.24,3.21,2.54,3.26,2.92
873,2016/17,2016-11-19,Southampton,Liverpool,0.0,0.0,D,0.0,0.0,M Clattenburg,3.0,15.0,0.0,2.0,1.0,8.0,8.0,11.0,1.0,1.0,0.0,0.0,3.4,3.6,2.2,3.32,3.56,2.28,3.19,3.47,2.39,3.33,3.46,2.21
874,2016/17,2016-11-19,Stoke,Bournemouth,0.0,1.0,A,0.0,1.0,R East,14.0,9.0,6.0,2.0,3.0,4.0,17.0,10.0,3.0,2.0,0.0,0.0,2.3,3.4,3.4,2.26,3.43,3.49,2.13,3.48,3.79,2.25,3.38,3.34
875,2016/17,2016-11-19,Sunderland,Hull,3.0,0.0,H,1.0,0.0,L Mason,11.0,17.0,4.0,7.0,2.0,8.0,9.0,8.0,1.0,0.0,1.0,0.0,2.15,3.4,3.8,2.11,3.35,4.03,2.29,3.33,3.53,2.11,3.29,3.79
876,2016/17,2016-11-19,Tottenham,West Ham,3.0,2.0,H,0.0,1.0,M Dean,14.0,11.0,6.0,3.0,4.0,5.0,13.0,16.0,3.0,2.0,0.0,1.0,1.5,4.5,7.5,1.5,4.58,7.4,1.57,4.35,6.44,1.5,4.4,6.85
877,2016/17,2016-11-19,Watford,Leicester,2.0,1.0,H,2.0,1.0,N Swarbrick,10.0,10.0,3.0,2.0,4.0,6.0,12.0,18.0,2.0,3.0,0.0,0.0,2.8,3.3,2.75,2.91,3.3,2.68,3.02,3.32,2.58,2.8,3.24,2.67
878,2016/17,2016-11-20,Middlesbrough,Chelsea,0.0,1.0,A,0.0,1.0,J Moss,12.0,13.0,1.0,3.0,2.0,3.0,13.0,10.0,2.0,3.0,0.0,0.0,7.0,4.0,1.57,6.83,4.28,1.56,6.95,4.66,1.51,6.43,4.11,1.56
879,2016/17,2016-11-21,West Brom,Burnley,4.0,0.0,H,3.0,0.0,M Jones,16.0,5.0,6.0,2.0,4.0,3.0,12.0,12.0,0.0,0.0,0.0,0.0,1.95,3.4,4.5,1.92,3.39,4.93,1.91,3.45,4.83,1.92,3.33,4.46
880,2016/17,2016-11-26,Burnley,Man City,1.0,2.0,A,1.0,1.0,A Marriner,10.0,21.0,5.0,5.0,5.0,8.0,5.0,15.0,2.0,3.0,0.0,0.0,9.0,6.0,1.33,10.05,6.03,1.32,13.0,7.25,1.24,9.52,5.83,1.31
881,2016/17,2016-11-26,Chelsea,Tottenham,2.0,1.0,H,1.0,1.0,M Oliver,9.0,12.0,5.0,6.0,3.0,8.0,13.0,16.0,2.0,1.0,0.0,0.0,1.75,3.8,5.25,1.78,3.81,5.09,1.72,3.84,5.55,1.76,3.76,4.85
882,2016/17,2016-11-26,Hull,West Brom,1.0,1.0,D,0.0,1.0,P Tierney,10.0,11.0,4.0,2.0,2.0,6.0,7.0,10.0,3.0,2.0,0.0,0.0,3.1,3.2,2.6,3.3,3.18,2.48,2.86,3.11,2.86,3.1,3.13,2.5
883,2016/17,2016-11-26,Leicester,Middlesbrough,2.0,2.0,D,1.0,1.0,L Mason,11.0,6.0,3.0,2.0,2.0,3.0,15.0,12.0,4.0,4.0,0.0,0.0,1.91,3.6,4.5,1.87,3.65,4.72,1.93,3.41,4.8,1.88,3.52,4.45
884,2016/17,2016-11-26,Liverpool,Sunderland,2.0,0.0,H,0.0,0.0,A Taylor,27.0,6.0,7.0,1.0,9.0,4.0,5.0,9.0,1.0,3.0,0.0,0.0,1.17,8.5,19.0,1.19,8.68,16.06,1.19,9.0,15.0,1.17,7.85,16.08
885,2016/17,2016-11-26,Swansea,Crystal Palace,5.0,4.0,H,1.0,1.0,K Friend,18.0,12.0,9.0,4.0,10.0,6.0,12.0,24.0,4.0,5.0,0.0,0.0,2.63,3.4,2.88,2.67,3.32,2.9,2.72,3.33,2.84,2.61,3.27,2.83
886,2016/17,2016-11-27,Arsenal,Bournemouth,3.0,1.0,H,1.0,1.0,M Jones,16.0,9.0,3.0,3.0,3.0,10.0,12.0,13.0,3.0,5.0,0.0,0.0,1.4,5.0,9.0,1.43,5.04,8.05,1.34,5.64,10.1,1.42,4.83,7.8
887,2016/17,2016-11-27,Man United,West Ham,1.0,1.0,D,1.0,1.0,J Moss,17.0,6.0,8.0,2.0,8.0,4.0,16.0,16.0,3.0,1.0,0.0,0.0,1.45,4.75,8.0,1.5,4.62,7.46,1.36,5.57,9.25,1.48,4.48,7.07
888,2016/17,2016-11-27,Southampton,Everton,1.0,0.0,H,1.0,0.0,C Pawson,17.0,13.0,7.0,1.0,5.0,2.0,11.0,15.0,0.0,2.0,0.0,0.0,2.2,3.4,3.6,2.19,3.35,3.78,2.15,3.47,3.74,2.15,3.35,3.6
889,2016/17,2016-11-27,Watford,Stoke,0.0,1.0,A,0.0,1.0,R Madley,11.0,14.0,2.0,1.0,3.0,3.0,24.0,14.0,3.0,0.0,1.0,0.0,2.4,3.3,3.3,2.39,3.32,3.32,2.23,3.31,3.71,2.38,3.26,3.16
890,2016/17,2016-12-03,Crystal Palace,Southampton,3.0,0.0,H,2.0,0.0,N Swarbrick,9.0,17.0,4.0,3.0,4.0,9.0,11.0,13.0,3.0,1.0,0.0,0.0,3.5,3.3,2.3,3.58,3.39,2.24,3.66,3.42,2.2,3.38,3.3,2.25
891,2016/17,2016-12-03,Man City,Chelsea,1.0,3.0,A,1.0,0.0,A Taylor,14.0,10.0,5.0,4.0,9.0,2.0,14.0,9.0,2.0,3.0,2.0,0.0,2.15,3.6,3.6,2.14,3.59,3.64,2.15,3.49,3.72,2.12,3.49,3.51
892,2016/17,2016-12-03,Stoke,Burnley,2.0,0.0,H,2.0,0.0,M Clattenburg,10.0,14.0,4.0,4.0,4.0,9.0,7.0,13.0,3.0,2.0,0.0,0.0,1.62,4.0,6.5,1.64,4.1,6.03,1.62,4.04,6.45,1.62,3.92,5.92
893,2016/17,2016-12-03,Sunderland,Leicester,2.0,1.0,H,0.0,0.0,A Marriner,22.0,17.0,6.0,5.0,3.0,4.0,8.0,12.0,3.0,1.0,0.0,0.0,3.4,3.4,2.3,3.39,3.44,2.3,3.43,3.52,2.25,3.26,3.35,2.28
894,2016/17,2016-12-03,Tottenham,Swansea,5.0,0.0,H,2.0,0.0,J Moss,28.0,1.0,15.0,0.0,5.0,0.0,11.0,17.0,0.0,4.0,0.0,0.0,1.36,5.5,9.0,1.36,5.45,9.64,1.36,5.67,9.36,1.35,5.15,9.23
895,2016/17,2016-12-03,West Brom,Watford,3.0,1.0,H,2.0,0.0,G Scott,11.0,17.0,3.0,5.0,3.0,4.0,12.0,8.0,2.0,1.0,0.0,1.0,2.2,3.3,3.75,2.16,3.33,3.89,2.1,3.38,4.03,2.16,3.27,3.65
896,2016/17,2016-12-03,West Ham,Arsenal,1.0,5.0,A,0.0,1.0,C Pawson,10.0,19.0,3.0,10.0,3.0,2.0,10.0,11.0,3.0,3.0,0.0,0.0,4.75,4.2,1.75,5.08,4.1,1.72,5.57,4.41,1.63,4.79,3.93,1.73
897,2016/17,2016-12-04,Bournemouth,Liverpool,4.0,3.0,H,0.0,2.0,R Madley,12.0,10.0,8.0,3.0,4.0,9.0,9.0,17.0,2.0,2.0,0.0,0.0,5.0,4.0,1.75,4.63,4.01,1.8,5.02,4.05,1.74,4.59,3.89,1.76
898,2016/17,2016-12-04,Everton,Man United,1.0,1.0,D,0.0,1.0,M Oliver,13.0,10.0,6.0,2.0,6.0,3.0,13.0,11.0,2.0,3.0,0.0,0.0,3.6,3.5,2.15,3.65,3.5,2.17,4.3,3.66,1.94,3.59,3.4,2.13
899,2016/17,2016-12-05,Middlesbrough,Hull,1.0,0.0,H,0.0,0.0,M Dean,16.0,6.0,4.0,2.0,13.0,7.0,6.0,11.0,1.0,1.0,0.0,0.0,1.83,3.5,5.25,1.8,3.57,5.4,1.92,3.38,4.93,1.79,3.47,5.09
900,2016/17,2016-12-10,Arsenal,Stoke,3.0,1.0,H,1.0,1.0,L Mason,21.0,12.0,6.0,5.0,7.0,7.0,9.0,6.0,0.0,0.0,0.0,0.0,1.35,5.5,9.5,1.38,5.29,9.21,1.32,6.0,10.5,1.36,5.19,8.83
901,2016/17,2016-12-10,Burnley,Bournemouth,3.0,2.0,H,2.0,1.0,M Atkinson,16.0,17.0,7.0,4.0,4.0,11.0,14.0,18.0,2.0,2.0,0.0,0.0,3.5,3.5,2.2,3.48,3.45,2.26,3.54,3.2,2.35,3.36,3.37,2.24
902,2016/17,2016-12-10,Hull,Crystal Palace,3.0,3.0,D,1.0,0.0,M Jones,15.0,14.0,6.0,6.0,4.0,7.0,16.0,14.0,2.0,4.0,0.0,0.0,3.5,3.3,2.3,3.43,3.37,2.32,3.4,3.32,2.35,3.33,3.29,2.29
903,2016/17,2016-12-10,Leicester,Man City,4.0,2.0,H,3.0,0.0,M Oliver,10.0,19.0,6.0,4.0,3.0,11.0,10.0,7.0,2.0,1.0,0.0,0.0,5.25,4.0,1.7,5.28,4.1,1.7,4.79,4.12,1.76,4.99,3.95,1.7
904,2016/17,2016-12-10,Swansea,Sunderland,3.0,0.0,H,0.0,0.0,C Pawson,14.0,11.0,5.0,2.0,7.0,4.0,10.0,8.0,1.0,2.0,0.0,0.0,2.15,3.5,3.6,2.14,3.55,3.68,2.15,3.66,3.55,2.13,3.45,3.55
905,2016/17,2016-12-10,Watford,Everton,3.0,2.0,H,1.0,1.0,A Taylor,11.0,11.0,6.0,4.0,2.0,4.0,11.0,16.0,2.0,2.0,0.0,0.0,3.1,3.4,2.45,3.15,3.39,2.45,3.38,3.39,2.33,3.06,3.28,2.44
906,2016/17,2016-12-11,Chelsea,West Brom,1.0,0.0,H,0.0,0.0,M Dean,12.0,6.0,2.0,1.0,3.0,1.0,6.0,10.0,2.0,4.0,0.0,0.0,1.25,6.25,15.0,1.27,6.25,14.32,1.27,6.3,13.0,1.27,5.84,12.53
907,2016/17,2016-12-11,Liverpool,West Ham,2.0,2.0,D,1.0,2.0,M Clattenburg,18.0,7.0,3.0,3.0,11.0,4.0,7.0,8.0,2.0,0.0,0.0,0.0,1.3,6.0,11.0,1.29,6.29,11.73,1.31,6.4,9.97,1.29,5.9,10.37
908,2016/17,2016-12-11,Man United,Tottenham,1.0,0.0,H,1.0,0.0,R Madley,15.0,12.0,5.0,4.0,3.0,8.0,19.0,17.0,3.0,3.0,0.0,0.0,2.2,3.4,3.6,2.22,3.37,3.64,2.18,3.39,3.75,2.2,3.32,3.49
909,2016/17,2016-12-11,Southampton,Middlesbrough,1.0,0.0,H,0.0,0.0,S Attwell,14.0,6.0,3.0,2.0,4.0,2.0,14.0,12.0,4.0,3.0,0.0,0.0,1.7,3.7,6.0,1.68,3.68,6.42,1.63,3.76,7.2,1.69,3.61,5.83
910,2016/17,2016-12-13,Bournemouth,Leicester,1.0,0.0,H,1.0,0.0,P Tierney,9.0,12.0,3.0,4.0,4.0,11.0,5.0,15.0,0.0,3.0,0.0,0.0,2.4,3.4,3.2,2.43,3.47,3.13,2.27,3.48,3.42,2.41,3.4,3.04
911,2016/17,2016-12-13,Everton,Arsenal,2.0,1.0,H,1.0,1.0,M Clattenburg,14.0,9.0,4.0,3.0,8.0,3.0,10.0,10.0,1.0,1.0,1.0,0.0,4.2,3.75,1.91,4.28,3.77,1.92,4.14,3.78,1.94,4.11,3.7,1.91
912,2016/17,2016-12-14,Crystal Palace,Man United,1.0,2.0,A,0.0,1.0,C Pawson,6.0,16.0,3.0,6.0,1.0,8.0,16.0,10.0,2.0,2.0,0.0,0.0,5.25,4.0,1.7,5.56,4.08,1.68,5.41,3.96,1.71,5.19,3.94,1.68
913,2016/17,2016-12-14,Man City,Watford,2.0,0.0,H,1.0,0.0,K Friend,13.0,5.0,7.0,2.0,5.0,2.0,16.0,20.0,1.0,2.0,0.0,0.0,1.29,6.5,11.0,1.28,6.4,12.25,1.28,6.7,11.0,1.26,6.26,11.65
914,2016/17,2016-12-14,Middlesbrough,Liverpool,0.0,3.0,A,0.0,1.0,J Moss,8.0,15.0,3.0,4.0,5.0,2.0,11.0,14.0,1.0,0.0,0.0,0.0,6.0,4.33,1.6,6.48,4.28,1.58,5.53,3.91,1.71,5.99,4.13,1.58
915,2016/17,2016-12-14,Stoke,Southampton,0.0,0.0,D,0.0,0.0,A Taylor,5.0,15.0,3.0,4.0,3.0,11.0,9.0,10.0,1.0,2.0,1.0,0.0,3.1,3.3,2.5,3.29,3.25,2.45,3.32,3.34,2.38,3.15,3.2,2.43
916,2016/17,2016-12-14,Sunderland,Chelsea,0.0,1.0,A,0.0,1.0,N Swarbrick,8.0,19.0,3.0,6.0,5.0,5.0,15.0,10.0,3.0,2.0,0.0,0.0,10.0,5.75,1.33,10.45,5.72,1.33,7.26,4.51,1.51,9.49,5.43,1.33
917,2016/17,2016-12-14,Tottenham,Hull,3.0,0.0,H,1.0,0.0,A Marriner,27.0,10.0,9.0,5.0,5.0,5.0,6.0,14.0,0.0,2.0,0.0,0.0,1.22,7.0,15.0,1.25,6.6,14.0,1.23,7.14,14.5,1.23,6.33,13.83
918,2016/17,2016-12-14,West Brom,Swansea,3.0,1.0,H,0.0,0.0,M Oliver,13.0,8.0,4.0,4.0,0.0,11.0,8.0,8.0,0.0,0.0,0.0,0.0,2.05,3.5,4.0,2.06,3.5,4.04,2.08,3.45,4.01,2.04,3.42,3.87
919,2016/17,2016-12-14,West Ham,Burnley,1.0,0.0,H,1.0,0.0,R Madley,20.0,8.0,7.0,2.0,6.0,1.0,12.0,15.0,0.0,2.0,0.0,0.0,1.67,4.0,5.75,1.65,4.13,5.82,1.65,4.0,6.12,1.64,3.97,5.52
920,2016/17,2016-12-17,Crystal Palace,Chelsea,0.0,1.0,A,0.0,1.0,J Moss,6.0,13.0,2.0,6.0,5.0,3.0,12.0,15.0,2.0,3.0,0.0,0.0,6.5,4.2,1.57,5.85,4.3,1.62,6.85,4.44,1.54,5.82,4.09,1.6
921,2016/17,2016-12-17,Middlesbrough,Swansea,3.0,0.0,H,2.0,0.0,N Swarbrick,10.0,14.0,4.0,2.0,3.0,8.0,10.0,11.0,1.0,0.0,0.0,0.0,2.1,3.4,4.0,2.07,3.42,4.1,2.14,3.33,3.96,2.07,3.36,3.83
922,2016/17,2016-12-17,Stoke,Leicester,2.0,2.0,D,2.0,0.0,C Pawson,16.0,14.0,7.0,8.0,9.0,9.0,9.0,12.0,2.0,6.0,0.0,1.0,2.6,3.4,2.9,2.59,3.35,2.98,2.82,3.21,2.82,2.55,3.3,2.89
923,2016/17,2016-12-17,Sunderland,Watford,1.0,0.0,H,0.0,0.0,R Madley,12.0,9.0,4.0,4.0,4.0,11.0,10.0,9.0,1.0,2.0,0.0,0.0,2.63,3.3,2.9,2.67,3.23,2.97,2.67,3.32,2.9,2.6,3.21,2.9
924,2016/17,2016-12-17,West Brom,Man United,0.0,2.0,A,0.0,1.0,A Taylor,10.0,10.0,1.0,5.0,2.0,3.0,9.0,13.0,3.0,3.0,0.0,0.0,5.75,3.8,1.7,5.53,3.77,1.74,6.1,3.9,1.67,5.38,3.68,1.72
925,2016/17,2016-12-17,West Ham,Hull,1.0,0.0,H,0.0,0.0,L Mason,18.0,16.0,6.0,5.0,10.0,6.0,13.0,9.0,2.0,4.0,0.0,0.0,1.62,4.1,6.0,1.67,4.09,5.7,1.71,3.85,5.64,1.65,3.93,5.61
926,2016/17,2016-12-18,Bournemouth,Southampton,1.0,3.0,A,1.0,1.0,M Clattenburg,10.0,14.0,5.0,8.0,7.0,4.0,6.0,12.0,0.0,2.0,0.0,0.0,3.0,3.3,2.6,2.95,3.23,2.69,2.97,3.26,2.65,2.91,3.21,2.6
927,2016/17,2016-12-18,Man City,Arsenal,2.0,1.0,H,0.0,1.0,M Atkinson,14.0,6.0,5.0,1.0,8.0,1.0,9.0,13.0,4.0,2.0,0.0,0.0,2.15,3.6,3.5,2.13,3.56,3.7,2.26,3.5,3.41,2.13,3.54,3.48
928,2016/17,2016-12-18,Tottenham,Burnley,2.0,1.0,H,1.0,1.0,K Friend,30.0,5.0,9.0,2.0,11.0,2.0,10.0,11.0,1.0,2.0,0.0,0.0,1.22,7.0,15.0,1.22,7.35,15.0,1.23,7.1,15.45,1.21,6.73,14.84
929,2016/17,2016-12-19,Everton,Liverpool,0.0,1.0,A,0.0,0.0,M Dean,6.0,11.0,1.0,4.0,1.0,6.0,13.0,9.0,3.0,1.0,0.0,0.0,4.2,3.6,1.95,4.27,3.85,1.9,3.99,3.4,2.1,4.12,3.61,1.91
930,2016/17,2016-12-26,Arsenal,West Brom,1.0,0.0,H,0.0,0.0,N Swarbrick,26.0,3.0,11.0,1.0,6.0,5.0,11.0,7.0,2.0,1.0,0.0,0.0,1.33,5.5,8.5,1.35,5.58,10.12,1.35,5.55,10.25,1.34,5.31,9.47
931,2016/17,2016-12-26,Burnley,Middlesbrough,1.0,0.0,H,0.0,0.0,C Pawson,6.0,8.0,4.0,2.0,7.0,3.0,17.0,18.0,6.0,5.0,0.0,0.0,2.9,3.1,2.6,3.06,3.18,2.64,2.97,3.18,2.71,2.97,3.1,2.61
932,2016/17,2016-12-26,Chelsea,Bournemouth,3.0,0.0,H,1.0,0.0,M Jones,14.0,7.0,4.0,3.0,5.0,5.0,13.0,14.0,1.0,1.0,0.0,0.0,1.36,5.0,8.5,1.42,4.78,9.52,1.38,5.05,10.4,1.38,4.85,8.69
933,2016/17,2016-12-26,Hull,Man City,0.0,3.0,A,0.0,0.0,R Madley,10.0,16.0,3.0,6.0,4.0,7.0,11.0,14.0,1.0,0.0,0.0,0.0,10.0,5.5,1.3,9.86,5.82,1.34,9.6,5.05,1.39,9.42,5.56,1.32
934,2016/17,2016-12-26,Leicester,Everton,0.0,2.0,A,0.0,0.0,S Attwell,7.0,8.0,2.0,3.0,3.0,4.0,14.0,7.0,3.0,0.0,0.0,0.0,2.5,3.3,2.9,2.57,3.33,3.03,2.7,3.28,2.9,2.5,3.32,2.93
935,2016/17,2016-12-26,Man United,Sunderland,3.0,1.0,H,1.0,0.0,M Atkinson,26.0,7.0,9.0,4.0,5.0,5.0,6.0,9.0,1.0,1.0,0.0,0.0,1.22,6.5,13.0,1.24,6.95,15.0,1.21,7.65,16.0,1.22,6.48,14.79
936,2016/17,2016-12-26,Swansea,West Ham,1.0,4.0,A,0.0,1.0,A Marriner,14.0,14.0,7.0,7.0,8.0,4.0,10.0,12.0,0.0,0.0,0.0,0.0,2.63,3.2,2.8,2.71,3.43,2.78,2.44,3.46,3.11,2.63,3.34,2.75
937,2016/17,2016-12-26,Watford,Crystal Palace,1.0,1.0,D,0.0,1.0,M Clattenburg,9.0,10.0,3.0,4.0,7.0,3.0,18.0,17.0,2.0,4.0,0.0,0.0,2.5,3.3,2.9,2.54,3.36,3.05,2.47,3.26,3.24,2.47,3.28,3.0
938,2016/17,2016-12-27,Liverpool,Stoke,4.0,1.0,H,2.0,1.0,M Oliver,20.0,6.0,6.0,2.0,8.0,2.0,9.0,6.0,0.0,1.0,0.0,0.0,1.3,5.5,10.0,1.3,6.15,11.02,1.34,5.75,10.0,1.29,5.76,10.49
939,2016/17,2016-12-28,Southampton,Tottenham,1.0,4.0,A,1.0,1.0,M Dean,9.0,17.0,2.0,5.0,2.0,10.0,7.0,16.0,1.0,4.0,1.0,0.0,2.8,3.25,2.6,3.01,3.3,2.6,3.11,3.2,2.59,2.89,3.24,2.57
940,2016/17,2016-12-30,Hull,Everton,2.0,2.0,D,1.0,1.0,J Moss,13.0,20.0,4.0,7.0,5.0,5.0,10.0,13.0,2.0,2.0,0.0,0.0,4.33,3.5,1.95,4.28,3.43,2.02,4.05,3.41,2.08,4.2,3.4,1.98
941,2016/17,2016-12-31,Burnley,Sunderland,4.0,1.0,H,1.0,0.0,G Scott,16.0,11.0,6.0,3.0,6.0,2.0,10.0,8.0,1.0,1.0,0.0,0.0,2.4,3.25,3.3,2.38,3.26,3.41,2.33,3.36,3.41,2.38,3.24,3.24
942,2016/17,2016-12-31,Chelsea,Stoke,4.0,2.0,H,1.0,0.0,R Madley,18.0,5.0,7.0,2.0,8.0,3.0,12.0,10.0,3.0,2.0,0.0,0.0,1.25,6.5,14.0,1.28,6.15,12.85,1.25,6.85,13.0,1.27,5.84,12.21
943,2016/17,2016-12-31,Leicester,West Ham,1.0,0.0,H,1.0,0.0,A Taylor,12.0,25.0,4.0,5.0,7.0,7.0,11.0,8.0,5.0,3.0,0.0,0.0,2.1,3.6,3.7,2.1,3.56,3.8,2.11,3.44,3.91,2.07,3.53,3.66
944,2016/17,2016-12-31,Liverpool,Man City,1.0,0.0,H,1.0,0.0,C Pawson,5.0,9.0,1.0,2.0,4.0,6.0,12.0,12.0,2.0,1.0,0.0,0.0,2.35,3.6,3.1,2.37,3.52,3.18,2.48,3.51,3.01,2.35,3.48,3.05
945,2016/17,2016-12-31,Man United,Middlesbrough,2.0,1.0,H,0.0,0.0,L Mason,32.0,9.0,12.0,2.0,12.0,2.0,9.0,14.0,1.0,1.0,0.0,0.0,1.25,6.0,16.0,1.25,6.2,16.45,1.26,6.3,14.75,1.25,5.85,14.97
946,2016/17,2016-12-31,Southampton,West Brom,1.0,2.0,A,1.0,1.0,M Jones,10.0,7.0,1.0,3.0,8.0,3.0,13.0,17.0,1.0,3.0,1.0,0.0,1.75,3.7,5.5,1.78,3.59,5.55,1.69,3.8,6.05,1.76,3.52,5.31
947,2016/17,2016-12-31,Swansea,Bournemouth,0.0,3.0,A,0.0,2.0,K Friend,14.0,11.0,5.0,6.0,4.0,3.0,14.0,9.0,2.0,0.0,0.0,0.0,2.9,3.4,2.6,2.83,3.49,2.63,2.75,3.41,2.75,2.82,3.39,2.56
948,2016/17,2017-01-01,Arsenal,Crystal Palace,2.0,0.0,H,1.0,0.0,A Marriner,22.0,7.0,7.0,4.0,8.0,4.0,9.0,7.0,1.0,1.0,0.0,0.0,1.29,5.5,9.5,1.34,5.6,10.4,1.37,5.5,9.2,1.33,5.45,9.57
949,2016/17,2017-01-01,Watford,Tottenham,1.0,4.0,A,0.0,3.0,M Oliver,6.0,19.0,2.0,6.0,0.0,3.0,11.0,6.0,3.0,0.0,0.0,0.0,5.5,3.75,1.62,5.71,3.94,1.69,6.51,4.28,1.58,5.49,3.8,1.67
950,2016/17,2017-01-02,Everton,Southampton,3.0,0.0,H,0.0,0.0,K Friend,17.0,12.0,6.0,3.0,10.0,8.0,5.0,14.0,0.0,1.0,0.0,0.0,2.2,3.4,3.6,2.28,3.33,3.55,2.48,3.25,3.24,2.23,3.3,3.45
951,2016/17,2017-01-02,Man City,Burnley,2.0,1.0,H,0.0,0.0,L Mason,14.0,11.0,3.0,3.0,8.0,8.0,11.0,11.0,4.0,3.0,1.0,0.0,1.17,8.5,19.0,1.18,8.55,17.5,1.19,7.75,18.5,1.16,8.07,17.76
952,2016/17,2017-01-02,Middlesbrough,Leicester,0.0,0.0,D,0.0,0.0,R Madley,9.0,10.0,1.0,4.0,2.0,2.0,10.0,9.0,3.0,0.0,0.0,0.0,2.75,3.2,2.88,2.8,3.16,2.88,2.78,3.06,2.99,2.73,3.1,2.85
953,2016/17,2017-01-02,Sunderland,Liverpool,2.0,2.0,D,1.0,1.0,A Taylor,10.0,21.0,5.0,15.0,2.0,5.0,10.0,10.0,2.0,3.0,0.0,0.0,11.0,5.5,1.33,9.95,5.55,1.35,10.0,6.2,1.32,9.41,5.26,1.34
954,2016/17,2017-01-02,West Brom,Hull,3.0,1.0,H,0.0,1.0,M Clattenburg,8.0,17.0,5.0,6.0,7.0,9.0,5.0,4.0,0.0,0.0,0.0,0.0,1.75,3.7,5.5,1.76,3.72,5.48,2.01,3.27,4.65,1.75,3.57,5.25
955,2016/17,2017-01-02,West Ham,Man United,0.0,2.0,A,0.0,0.0,M Dean,8.0,13.0,2.0,6.0,2.0,1.0,9.0,13.0,1.0,2.0,1.0,0.0,6.0,4.0,1.65,5.77,4.13,1.65,6.5,4.57,1.54,5.56,3.95,1.64
956,2016/17,2017-01-03,Bournemouth,Arsenal,3.0,3.0,D,2.0,0.0,M Oliver,12.0,14.0,6.0,4.0,4.0,7.0,10.0,12.0,3.0,3.0,1.0,0.0,4.33,3.4,1.85,4.52,3.87,1.85,5.45,4.3,1.65,4.44,3.72,1.82
957,2016/17,2017-01-03,Crystal Palace,Swansea,1.0,2.0,A,0.0,1.0,P Tierney,7.0,11.0,3.0,4.0,4.0,5.0,13.0,14.0,2.0,1.0,0.0,0.0,1.75,3.5,4.75,1.8,3.77,5.0,1.88,3.71,4.58,1.79,3.63,4.78
958,2016/17,2017-01-03,Stoke,Watford,2.0,0.0,H,1.0,0.0,N Swarbrick,17.0,9.0,5.0,2.0,7.0,6.0,10.0,15.0,1.0,2.0,0.0,0.0,1.8,3.5,4.5,1.89,3.58,4.7,1.85,3.57,5.02,1.88,3.51,4.37
959,2016/17,2017-01-04,Tottenham,Chelsea,2.0,0.0,H,1.0,0.0,M Atkinson,9.0,11.0,2.0,2.0,1.0,6.0,9.0,8.0,3.0,2.0,0.0,0.0,2.63,3.25,2.63,2.77,3.35,2.77,2.71,3.09,3.05,2.78,3.28,2.64
960,2016/17,2017-01-14,Burnley,Southampton,1.0,0.0,H,0.0,0.0,P Tierney,9.0,20.0,3.0,5.0,2.0,7.0,14.0,14.0,1.0,2.0,0.0,0.0,3.6,3.4,2.2,3.75,3.35,2.2,4.33,3.45,2.0,3.56,3.29,2.2
961,2016/17,2017-01-14,Hull,Bournemouth,3.0,1.0,H,1.0,1.0,M Atkinson,14.0,8.0,3.0,6.0,4.0,5.0,13.0,11.0,0.0,1.0,0.0,0.0,3.3,3.5,2.3,3.34,3.62,2.25,3.0,3.46,2.51,3.24,3.45,2.27
962,2016/17,2017-01-14,Leicester,Chelsea,0.0,3.0,A,0.0,1.0,A Marriner,7.0,8.0,2.0,3.0,3.0,5.0,8.0,9.0,1.0,0.0,0.0,0.0,6.0,4.1,1.62,6.1,3.96,1.66,4.98,3.62,1.84,5.78,3.87,1.64
963,2016/17,2017-01-14,Sunderland,Stoke,1.0,3.0,A,1.0,3.0,M Dean,14.0,14.0,3.0,6.0,5.0,2.0,16.0,11.0,3.0,1.0,0.0,0.0,3.1,3.3,2.5,3.09,3.45,2.46,3.39,3.51,2.27,3.0,3.34,2.46
964,2016/17,2017-01-14,Swansea,Arsenal,0.0,4.0,A,0.0,1.0,M Jones,12.0,14.0,3.0,6.0,3.0,2.0,12.0,8.0,2.0,0.0,0.0,0.0,7.0,4.75,1.5,6.54,4.71,1.53,6.95,4.92,1.49,6.38,4.55,1.51
965,2016/17,2017-01-14,Tottenham,West Brom,4.0,0.0,H,2.0,0.0,A Taylor,21.0,3.0,11.0,0.0,8.0,0.0,11.0,12.0,0.0,2.0,0.0,0.0,1.33,5.5,11.0,1.32,5.51,12.56,1.34,5.38,11.29,1.32,5.23,11.25
966,2016/17,2017-01-14,Watford,Middlesbrough,0.0,0.0,D,0.0,0.0,J Moss,12.0,5.0,5.0,1.0,3.0,1.0,15.0,15.0,3.0,1.0,0.0,0.0,2.5,3.2,3.2,2.51,3.18,3.25,2.35,3.14,3.62,2.49,3.1,3.16
967,2016/17,2017-01-14,West Ham,Crystal Palace,3.0,0.0,H,0.0,0.0,N Swarbrick,14.0,10.0,3.0,1.0,2.0,2.0,10.0,14.0,4.0,2.0,0.0,0.0,2.38,3.4,3.2,2.41,3.41,3.2,2.43,3.29,3.29,2.38,3.33,3.13
968,2016/17,2017-01-15,Everton,Man City,4.0,0.0,H,1.0,0.0,M Clattenburg,6.0,13.0,4.0,5.0,3.0,6.0,17.0,7.0,2.0,2.0,0.0,0.0,4.5,4.0,1.8,4.54,3.9,1.84,4.75,3.93,1.8,4.39,3.8,1.82
969,2016/17,2017-01-15,Man United,Liverpool,1.0,1.0,D,0.0,1.0,M Oliver,9.0,13.0,3.0,4.0,5.0,7.0,17.0,13.0,1.0,3.0,0.0,0.0,2.15,3.4,3.75,2.16,3.34,3.88,2.03,3.41,4.28,2.14,3.33,3.67
970,2016/17,2017-01-21,Bournemouth,Watford,2.0,2.0,D,0.0,1.0,L Mason,15.0,10.0,5.0,3.0,9.0,4.0,6.0,16.0,1.0,1.0,0.0,0.0,1.83,3.75,4.75,1.84,3.77,4.73,1.92,3.66,4.43,1.84,3.64,4.52
971,2016/17,2017-01-21,Crystal Palace,Everton,0.0,1.0,A,0.0,0.0,A Taylor,8.0,16.0,2.0,8.0,8.0,7.0,10.0,15.0,0.0,1.0,0.0,0.0,3.25,3.4,2.38,3.19,3.45,2.4,3.02,3.31,2.58,3.12,3.35,2.37
972,2016/17,2017-01-21,Liverpool,Swansea,2.0,3.0,A,0.0,0.0,K Friend,16.0,6.0,5.0,3.0,6.0,3.0,7.0,7.0,1.0,1.0,0.0,0.0,1.22,7.0,15.0,1.22,7.55,14.0,1.27,6.5,13.0,1.22,6.9,13.56
973,2016/17,2017-01-21,Man City,Tottenham,2.0,2.0,D,0.0,0.0,A Marriner,17.0,6.0,7.0,2.0,5.0,4.0,10.0,7.0,2.0,4.0,0.0,0.0,2.15,3.5,3.6,2.13,3.52,3.75,2.15,3.58,3.62,2.12,3.45,3.59
974,2016/17,2017-01-21,Middlesbrough,West Ham,1.0,3.0,A,1.0,2.0,M Atkinson,11.0,13.0,2.0,5.0,7.0,5.0,7.0,14.0,2.0,1.0,0.0,0.0,2.5,3.2,3.25,2.47,3.17,3.33,2.58,3.11,3.21,2.45,3.16,3.17
975,2016/17,2017-01-21,Stoke,Man United,1.0,1.0,D,1.0,0.0,M Clattenburg,6.0,25.0,1.0,8.0,1.0,7.0,12.0,13.0,4.0,0.0,0.0,0.0,6.0,4.2,1.6,6.08,4.08,1.64,5.92,4.35,1.61,5.84,3.99,1.62
976,2016/17,2017-01-21,West Brom,Sunderland,2.0,0.0,H,2.0,0.0,C Pawson,14.0,9.0,5.0,3.0,1.0,4.0,15.0,12.0,1.0,1.0,0.0,0.0,1.7,3.8,5.75,1.7,3.91,5.68,1.68,3.99,5.68,1.68,3.8,5.49
977,2016/17,2017-01-22,Arsenal,Burnley,2.0,1.0,H,0.0,0.0,J Moss,24.0,13.0,8.0,7.0,10.0,4.0,12.0,11.0,1.0,3.0,1.0,0.0,1.2,7.5,17.0,1.22,7.35,15.7,1.21,7.55,17.0,1.2,7.02,15.09
978,2016/17,2017-01-22,Chelsea,Hull,2.0,0.0,H,1.0,0.0,N Swarbrick,9.0,9.0,5.0,4.0,9.0,7.0,12.0,10.0,1.0,3.0,0.0,0.0,1.18,8.0,19.0,1.18,8.5,18.0,1.18,8.5,17.5,1.17,7.61,17.48
979,2016/17,2017-01-22,Southampton,Leicester,3.0,0.0,H,2.0,0.0,M Oliver,20.0,11.0,7.0,2.0,7.0,2.0,8.0,10.0,0.0,1.0,0.0,0.0,1.83,3.5,5.25,1.86,3.48,5.1,1.83,3.6,5.07,1.83,3.46,4.9
980,2016/17,2017-01-31,Arsenal,Watford,1.0,2.0,A,0.0,2.0,A Marriner,20.0,10.0,5.0,6.0,9.0,5.0,12.0,15.0,3.0,3.0,0.0,0.0,1.22,7.0,15.0,1.24,6.92,14.64,1.23,7.28,14.2,1.23,6.51,13.3
981,2016/17,2017-01-31,Bournemouth,Crystal Palace,0.0,2.0,A,0.0,0.0,J Moss,10.0,11.0,2.0,4.0,2.0,3.0,14.0,23.0,0.0,4.0,0.0,0.0,2.05,3.5,3.9,2.12,3.57,3.73,2.18,3.36,3.79,2.09,3.46,3.69
982,2016/17,2017-01-31,Burnley,Leicester,1.0,0.0,H,0.0,0.0,M Dean,24.0,13.0,3.0,5.0,10.0,2.0,4.0,8.0,1.0,0.0,0.0,0.0,2.9,3.25,2.7,2.89,3.29,2.7,3.0,3.2,2.67,2.85,3.2,2.67
983,2016/17,2017-01-31,Liverpool,Chelsea,1.0,1.0,D,0.0,1.0,M Clattenburg,7.0,8.0,3.0,2.0,3.0,3.0,13.0,8.0,2.0,1.0,0.0,0.0,2.65,3.25,2.9,2.63,3.33,2.95,2.58,3.2,3.12,2.6,3.24,2.92
984,2016/17,2017-01-31,Middlesbrough,West Brom,1.0,1.0,D,1.0,1.0,S Attwell,11.0,16.0,3.0,5.0,4.0,2.0,12.0,13.0,2.0,1.0,0.0,0.0,2.7,3.1,3.0,2.73,3.05,3.06,2.71,3.01,3.13,2.68,3.02,2.99
985,2016/17,2017-01-31,Sunderland,Tottenham,0.0,0.0,D,0.0,0.0,L Mason,3.0,14.0,1.0,3.0,2.0,12.0,9.0,13.0,2.0,1.0,0.0,0.0,9.5,5.25,1.36,9.13,5.41,1.38,8.75,5.71,1.37,8.95,5.24,1.36
986,2016/17,2017-01-31,Swansea,Southampton,2.0,1.0,H,1.0,0.0,R East,11.0,10.0,5.0,2.0,5.0,4.0,10.0,19.0,2.0,0.0,0.0,0.0,3.4,3.4,2.3,3.29,3.42,2.36,3.25,3.46,2.36,3.24,3.33,2.32
987,2016/17,2017-02-01,Man United,Hull,0.0,0.0,D,0.0,0.0,M Jones,15.0,6.0,6.0,2.0,7.0,1.0,20.0,16.0,1.0,4.0,0.0,0.0,1.2,7.5,17.0,1.2,7.88,17.01,1.2,8.0,15.75,1.18,7.37,17.0
988,2016/17,2017-02-01,Stoke,Everton,1.0,1.0,D,1.0,1.0,C Pawson,14.0,14.0,7.0,5.0,5.0,5.0,21.0,12.0,1.0,0.0,0.0,0.0,2.88,3.4,2.63,2.85,3.4,2.67,3.2,3.37,2.43,2.82,3.31,2.61
989,2016/17,2017-02-01,West Ham,Man City,0.0,4.0,A,0.0,3.0,K Friend,6.0,11.0,1.0,4.0,2.0,4.0,11.0,14.0,3.0,3.0,0.0,0.0,6.0,4.5,1.57,5.94,4.55,1.58,5.73,4.68,1.58,5.68,4.38,1.57
990,2016/17,2017-02-04,Chelsea,Arsenal,3.0,1.0,H,1.0,0.0,M Atkinson,13.0,9.0,6.0,5.0,10.0,13.0,14.0,8.0,1.0,1.0,0.0,0.0,1.95,3.6,4.2,1.94,3.58,4.42,2.08,3.36,4.13,1.95,3.53,4.13
991,2016/17,2017-02-04,Crystal Palace,Sunderland,0.0,4.0,A,0.0,4.0,A Marriner,21.0,10.0,9.0,7.0,6.0,1.0,8.0,8.0,3.0,3.0,0.0,0.0,1.7,3.9,5.5,1.73,3.91,5.37,1.7,3.82,5.81,1.69,3.82,5.37
992,2016/17,2017-02-04,Everton,Bournemouth,6.0,3.0,H,3.0,0.0,M Jones,15.0,18.0,10.0,8.0,4.0,8.0,14.0,4.0,3.0,1.0,0.0,0.0,1.7,4.0,5.25,1.74,4.0,5.14,1.7,4.03,5.41,1.71,3.86,5.07
993,2016/17,2017-02-04,Hull,Liverpool,2.0,0.0,H,1.0,0.0,L Mason,7.0,22.0,4.0,5.0,1.0,15.0,9.0,12.0,2.0,1.0,0.0,0.0,8.0,4.75,1.45,7.68,4.59,1.49,7.15,4.43,1.53,7.42,4.47,1.47
994,2016/17,2017-02-04,Southampton,West Ham,1.0,3.0,A,1.0,2.0,G Scott,21.0,6.0,7.0,4.0,3.0,2.0,12.0,15.0,0.0,2.0,0.0,0.0,1.85,3.75,4.5,1.85,3.67,4.84,1.78,3.86,5.0,1.84,3.59,4.58
995,2016/17,2017-02-04,Tottenham,Middlesbrough,1.0,0.0,H,0.0,0.0,M Clattenburg,17.0,8.0,5.0,0.0,11.0,2.0,8.0,11.0,0.0,1.0,0.0,0.0,1.29,6.0,13.0,1.29,5.95,13.45,1.29,6.15,12.5,1.27,5.76,12.9
996,2016/17,2017-02-04,Watford,Burnley,2.0,1.0,H,2.0,0.0,M Oliver,16.0,11.0,7.0,7.0,3.0,6.0,12.0,10.0,5.0,0.0,0.0,1.0,2.15,3.3,3.9,2.12,3.28,4.1,2.13,3.23,4.14,2.12,3.26,3.83
997,2016/17,2017-02-04,West Brom,Stoke,1.0,0.0,H,1.0,0.0,K Friend,16.0,12.0,4.0,2.0,5.0,6.0,6.0,13.0,2.0,2.0,0.0,0.0,2.3,3.25,3.5,2.31,3.29,3.53,2.41,3.2,3.41,2.31,3.22,3.39
998,2016/17,2017-02-05,Leicester,Man United,0.0,3.0,A,0.0,2.0,A Taylor,11.0,15.0,1.0,9.0,10.0,3.0,12.0,13.0,2.0,4.0,0.0,0.0,5.75,4.0,1.65,5.95,3.89,1.68,5.29,3.84,1.75,5.58,3.8,1.68
999,2016/17,2017-02-05,Man City,Swansea,2.0,1.0,H,1.0,0.0,M Dean,17.0,4.0,5.0,2.0,10.0,3.0,9.0,13.0,2.0,3.0,0.0,0.0,1.22,7.0,15.0,1.23,7.55,13.6,1.22,7.8,14.5,1.22,6.9,13.58
1000,2016/17,2017-02-11,Arsenal,Hull,2.0,0.0,H,1.0,0.0,M Clattenburg,17.0,9.0,7.0,4.0,3.0,8.0,12.0,9.0,3.0,1.0,0.0,1.0,1.29,6.0,13.0,1.3,6.2,11.44,1.3,6.06,11.42,1.28,5.92,11.24
1001,2016/17,2017-02-11,Liverpool,Tottenham,2.0,0.0,H,2.0,0.0,A Taylor,17.0,7.0,9.0,2.0,10.0,3.0,14.0,14.0,3.0,4.0,0.0,0.0,2.3,3.4,3.4,2.22,3.41,3.61,2.22,3.47,3.55,2.24,3.34,3.41
1002,2016/17,2017-02-11,Man United,Watford,2.0,0.0,H,1.0,0.0,R Madley,22.0,9.0,11.0,3.0,5.0,1.0,10.0,12.0,1.0,0.0,0.0,0.0,1.25,6.5,14.0,1.27,6.4,13.0,1.27,6.45,12.75,1.25,6.19,12.92
1003,2016/17,2017-02-11,Middlesbrough,Everton,0.0,0.0,D,0.0,0.0,M Dean,9.0,7.0,3.0,3.0,5.0,2.0,14.0,9.0,2.0,0.0,0.0,0.0,3.9,3.3,2.15,3.8,3.35,2.18,3.89,3.33,2.16,3.7,3.28,2.15
1004,2016/17,2017-02-11,Stoke,Crystal Palace,1.0,0.0,H,0.0,0.0,M Atkinson,7.0,6.0,4.0,1.0,5.0,5.0,10.0,14.0,1.0,3.0,0.0,0.0,2.15,3.3,3.9,2.13,3.42,3.86,2.13,3.32,4.0,2.1,3.36,3.73
1005,2016/17,2017-02-11,Sunderland,Southampton,0.0,4.0,A,0.0,2.0,P Tierney,6.0,15.0,1.0,8.0,6.0,2.0,12.0,14.0,1.0,0.0,0.0,0.0,3.9,3.4,2.1,3.92,3.54,2.07,3.81,3.6,2.08,3.76,3.43,2.06
1006,2016/17,2017-02-11,West Ham,West Brom,2.0,2.0,D,0.0,1.0,M Oliver,16.0,8.0,4.0,3.0,7.0,5.0,7.0,14.0,3.0,2.0,0.0,0.0,2.25,3.3,3.6,2.28,3.25,3.65,2.3,3.28,3.56,2.22,3.26,3.52
1007,2016/17,2017-02-12,Burnley,Chelsea,1.0,1.0,D,1.0,1.0,K Friend,6.0,13.0,4.0,2.0,1.0,1.0,12.0,11.0,3.0,2.0,0.0,0.0,9.0,5.0,1.4,8.59,4.73,1.44,8.2,4.44,1.49,8.28,4.61,1.42
1008,2016/17,2017-02-12,Swansea,Leicester,2.0,0.0,H,2.0,0.0,J Moss,10.0,9.0,4.0,1.0,7.0,3.0,7.0,14.0,2.0,2.0,0.0,0.0,2.4,3.3,3.25,2.44,3.3,3.25,2.51,3.36,3.08,2.41,3.26,3.13
1009,2016/17,2017-02-13,Bournemouth,Man City,0.0,2.0,A,0.0,1.0,N Swarbrick,5.0,17.0,1.0,5.0,3.0,7.0,8.0,11.0,2.0,3.0,0.0,0.0,7.5,5.0,1.44,6.97,4.95,1.48,7.7,5.17,1.43,6.91,4.76,1.45
1010,2016/17,2017-02-25,Chelsea,Swansea,3.0,1.0,H,1.0,1.0,N Swarbrick,16.0,3.0,5.0,2.0,8.0,1.0,11.0,14.0,1.0,3.0,0.0,0.0,1.25,6.5,15.0,1.27,6.51,12.91,1.28,6.2,13.0,1.25,6.18,12.92
1011,2016/17,2017-02-25,Crystal Palace,Middlesbrough,1.0,0.0,H,1.0,0.0,R Madley,15.0,11.0,3.0,4.0,4.0,2.0,13.0,15.0,3.0,1.0,0.0,0.0,2.1,3.2,4.2,2.12,3.13,4.37,2.1,3.26,4.21,2.1,3.12,4.08
1012,2016/17,2017-02-25,Everton,Sunderland,2.0,0.0,H,1.0,0.0,S Attwell,20.0,10.0,8.0,1.0,10.0,6.0,10.0,16.0,0.0,2.0,0.0,0.0,1.4,5.25,8.5,1.43,5.18,7.91,1.43,4.93,8.28,1.4,4.97,7.87
1013,2016/17,2017-02-25,Hull,Burnley,1.0,1.0,D,0.0,0.0,M Atkinson,15.0,10.0,1.0,3.0,6.0,3.0,8.0,13.0,1.0,1.0,0.0,1.0,2.15,3.3,3.9,2.2,3.22,3.91,2.15,3.29,3.98,2.16,3.22,3.74
1014,2016/17,2017-02-25,Watford,West Ham,1.0,1.0,D,1.0,0.0,C Pawson,9.0,13.0,1.0,2.0,4.0,6.0,18.0,14.0,4.0,1.0,0.0,1.0,2.63,3.3,2.9,2.63,3.26,3.0,2.84,3.23,2.79,2.57,3.22,2.91
1015,2016/17,2017-02-25,West Brom,Bournemouth,2.0,1.0,H,2.0,1.0,M Clattenburg,13.0,12.0,4.0,4.0,8.0,6.0,12.0,5.0,2.0,0.0,0.0,0.0,2.1,3.4,4.0,2.11,3.44,3.93,2.21,3.3,3.77,2.07,3.39,3.81
1016,2016/17,2017-02-26,Tottenham,Stoke,4.0,0.0,H,4.0,0.0,J Moss,21.0,5.0,9.0,3.0,8.0,5.0,11.0,14.0,2.0,3.0,0.0,0.0,1.44,5.0,7.5,1.43,4.89,8.49,1.38,5.3,9.2,1.42,4.79,7.82
1017,2016/17,2017-02-27,Leicester,Liverpool,3.0,1.0,H,2.0,0.0,M Oliver,13.0,17.0,7.0,7.0,5.0,12.0,8.0,5.0,0.0,0.0,0.0,0.0,5.5,4.2,1.65,5.75,4.27,1.63,5.75,4.05,1.67,5.66,4.04,1.62
1018,2016/17,2017-03-04,Leicester,Hull,3.0,1.0,H,1.0,1.0,M Dean,17.0,10.0,5.0,4.0,10.0,4.0,12.0,13.0,1.0,1.0,0.0,0.0,1.85,3.6,4.75,1.87,3.55,4.92,1.83,3.61,5.05,1.85,3.56,4.62
1019,2016/17,2017-03-04,Liverpool,Arsenal,3.0,1.0,H,2.0,0.0,R Madley,18.0,7.0,7.0,3.0,9.0,3.0,8.0,15.0,1.0,2.0,0.0,0.0,2.15,3.6,3.6,2.14,3.51,3.73,2.0,3.72,3.97,2.11,3.51,3.56
1020,2016/17,2017-03-04,Man United,Bournemouth,1.0,1.0,D,1.0,1.0,K Friend,20.0,3.0,7.0,1.0,15.0,2.0,9.0,11.0,3.0,2.0,0.0,1.0,1.25,6.5,15.0,1.27,6.55,12.75,1.24,6.95,13.75,1.25,6.15,12.85
1021,2016/17,2017-03-04,Stoke,Middlesbrough,2.0,0.0,H,2.0,0.0,C Pawson,13.0,8.0,8.0,2.0,6.0,1.0,16.0,20.0,1.0,2.0,0.0,0.0,1.95,3.4,4.5,2.0,3.3,4.6,2.02,3.29,4.52,1.95,3.32,4.43
1022,2016/17,2017-03-04,Swansea,Burnley,3.0,2.0,H,1.0,1.0,A Taylor,23.0,6.0,10.0,4.0,9.0,2.0,7.0,13.0,2.0,2.0,0.0,0.0,2.0,3.5,4.2,2.05,3.35,4.27,2.01,3.39,4.38,2.01,3.36,4.07
1023,2016/17,2017-03-04,Watford,Southampton,3.0,4.0,A,1.0,2.0,J Moss,16.0,20.0,4.0,11.0,6.0,5.0,16.0,9.0,3.0,2.0,0.0,0.0,3.6,3.4,2.2,3.54,3.38,2.26,4.12,3.51,2.03,3.51,3.28,2.22
1024,2016/17,2017-03-04,West Brom,Crystal Palace,0.0,2.0,A,0.0,0.0,M Jones,11.0,10.0,1.0,4.0,5.0,5.0,8.0,12.0,0.0,1.0,0.0,0.0,2.2,3.3,3.8,2.23,3.28,3.74,2.37,3.23,3.48,2.19,3.21,3.68
1025,2016/17,2017-03-05,Sunderland,Man City,0.0,2.0,A,0.0,1.0,M Atkinson,11.0,14.0,3.0,7.0,6.0,4.0,11.0,4.0,1.0,0.0,0.0,0.0,11.0,6.5,1.29,10.81,6.35,1.3,10.95,6.6,1.29,10.54,5.99,1.29
1026,2016/17,2017-03-05,Tottenham,Everton,3.0,2.0,H,1.0,0.0,M Oliver,20.0,8.0,7.0,4.0,7.0,2.0,9.0,14.0,1.0,2.0,0.0,0.0,1.67,4.2,5.25,1.64,4.17,5.88,1.62,4.28,5.88,1.63,4.01,5.58
1027,2016/17,2017-03-06,West Ham,Chelsea,1.0,2.0,A,0.0,1.0,A Marriner,11.0,9.0,2.0,4.0,6.0,4.0,8.0,8.0,0.0,1.0,0.0,0.0,6.0,4.1,1.62,5.75,4.3,1.63,6.15,4.25,1.61,5.74,4.02,1.62
1028,2016/17,2017-03-08,Man City,Stoke,0.0,0.0,D,0.0,0.0,N Swarbrick,12.0,5.0,1.0,2.0,8.0,1.0,8.0,11.0,1.0,3.0,0.0,0.0,1.25,6.5,15.0,1.25,6.8,13.6,1.24,7.05,14.25,1.23,6.49,12.73
1029,2016/17,2017-03-11,Bournemouth,West Ham,3.0,2.0,H,1.0,1.0,R Madley,21.0,15.0,9.0,7.0,5.0,6.0,20.0,15.0,4.0,2.0,0.0,0.0,2.6,3.5,2.8,2.67,3.4,2.84,2.59,3.51,2.86,2.59,3.38,2.78
1030,2016/17,2017-03-11,Everton,West Brom,3.0,0.0,H,2.0,0.0,G Scott,16.0,5.0,5.0,2.0,4.0,6.0,8.0,12.0,1.0,2.0,0.0,0.0,1.67,3.8,6.0,1.68,3.89,6.0,1.65,3.92,6.35,1.67,3.81,5.61
1031,2016/17,2017-03-11,Hull,Swansea,2.0,1.0,H,0.0,0.0,A Marriner,15.0,11.0,7.0,3.0,2.0,7.0,14.0,5.0,3.0,1.0,0.0,0.0,2.55,3.3,3.0,2.58,3.24,3.08,2.56,3.29,3.07,2.52,3.26,2.97
1032,2016/17,2017-03-12,Liverpool,Burnley,2.0,1.0,H,1.0,1.0,C Pawson,10.0,11.0,3.0,1.0,11.0,1.0,12.0,16.0,2.0,2.0,0.0,0.0,1.25,6.5,14.0,1.26,6.55,13.5,1.29,6.1,12.25,1.24,6.3,13.23
1033,2016/17,2017-03-18,Bournemouth,Swansea,2.0,0.0,H,1.0,0.0,M Dean,12.0,10.0,6.0,1.0,2.0,4.0,10.0,9.0,0.0,2.0,0.0,0.0,2.15,3.5,3.6,2.15,3.51,3.7,2.22,3.51,3.51,2.16,3.41,3.5
1034,2016/17,2017-03-18,Crystal Palace,Watford,1.0,0.0,H,0.0,0.0,M Atkinson,7.0,6.0,0.0,2.0,3.0,2.0,8.0,15.0,0.0,2.0,0.0,0.0,1.91,3.5,4.75,1.94,3.45,4.63,1.94,3.43,4.67,1.92,3.42,4.39
1035,2016/17,2017-03-18,Everton,Hull,4.0,0.0,H,1.0,0.0,P Tierney,14.0,6.0,8.0,0.0,5.0,8.0,9.0,7.0,2.0,0.0,0.0,1.0,1.53,4.33,7.0,1.52,4.46,7.15,1.57,4.18,6.85,1.51,4.25,6.81
1036,2016/17,2017-03-18,Stoke,Chelsea,1.0,2.0,A,1.0,1.0,A Taylor,5.0,20.0,1.0,7.0,5.0,11.0,16.0,11.0,4.0,2.0,1.0,0.0,6.5,4.0,1.62,6.54,4.04,1.61,6.07,3.7,1.71,6.13,3.94,1.6
1037,2016/17,2017-03-18,Sunderland,Burnley,0.0,0.0,D,0.0,0.0,R Madley,14.0,17.0,5.0,3.0,3.0,5.0,14.0,7.0,2.0,1.0,0.0,0.0,2.55,3.3,3.0,2.62,3.23,3.04,2.66,3.19,3.02,2.54,3.22,2.95
1038,2016/17,2017-03-18,West Brom,Arsenal,3.0,1.0,H,1.0,1.0,N Swarbrick,12.0,11.0,8.0,2.0,4.0,5.0,5.0,6.0,1.0,0.0,0.0,0.0,5.25,4.0,1.73,5.36,4.02,1.71,5.85,4.21,1.63,5.09,3.84,1.71
1039,2016/17,2017-03-18,West Ham,Leicester,2.0,3.0,A,1.0,3.0,R East,20.0,11.0,7.0,5.0,6.0,5.0,10.0,14.0,0.0,1.0,0.0,0.0,2.3,3.5,3.3,2.33,3.49,3.28,2.41,3.39,3.22,2.3,3.39,3.2
1040,2016/17,2017-03-19,Man City,Liverpool,1.0,1.0,D,0.0,0.0,M Oliver,13.0,13.0,3.0,4.0,9.0,8.0,14.0,7.0,3.0,3.0,0.0,0.0,2.0,3.75,3.8,1.98,3.68,4.1,1.97,3.8,4.0,1.97,3.65,3.82
1041,2016/17,2017-03-19,Middlesbrough,Man United,1.0,3.0,A,0.0,1.0,J Moss,10.0,14.0,3.0,6.0,8.0,3.0,9.0,8.0,1.0,1.0,0.0,0.0,6.0,3.7,1.7,5.97,3.8,1.69,6.0,3.89,1.68,5.69,3.67,1.68
1042,2016/17,2017-03-19,Tottenham,Southampton,2.0,1.0,H,2.0,0.0,A Marriner,12.0,8.0,6.0,3.0,5.0,1.0,12.0,13.0,3.0,3.0,0.0,0.0,1.73,3.8,5.5,1.72,3.87,5.53,1.69,3.96,5.68,1.7,3.81,5.26
1043,2016/17,2017-04-01,Burnley,Tottenham,0.0,2.0,A,0.0,0.0,S Attwell,13.0,19.0,2.0,7.0,3.0,7.0,9.0,6.0,2.0,0.0,0.0,0.0,5.75,3.8,1.7,6.07,3.91,1.67,5.11,3.81,1.78,5.5,3.78,1.68
1044,2016/17,2017-04-01,Chelsea,Crystal Palace,1.0,2.0,A,1.0,2.0,C Pawson,24.0,8.0,11.0,3.0,9.0,3.0,12.0,14.0,3.0,2.0,0.0,0.0,1.3,5.75,12.0,1.3,5.9,12.0,1.36,5.25,10.8,1.28,5.54,12.13
1045,2016/17,2017-04-01,Hull,West Ham,2.0,1.0,H,0.0,1.0,M Jones,7.0,12.0,3.0,4.0,5.0,5.0,16.0,9.0,2.0,2.0,0.0,0.0,2.45,3.4,3.1,2.47,3.42,3.1,2.44,3.35,3.2,2.45,3.33,2.98
1046,2016/17,2017-04-01,Leicester,Stoke,2.0,0.0,H,1.0,0.0,L Mason,23.0,10.0,10.0,2.0,10.0,4.0,7.0,11.0,1.0,4.0,0.0,0.0,2.05,3.5,4.0,2.07,3.48,4.0,1.89,3.65,4.59,2.04,3.44,3.83
1047,2016/17,2017-04-01,Liverpool,Everton,3.0,1.0,H,2.0,1.0,A Taylor,10.0,9.0,6.0,4.0,2.0,3.0,17.0,10.0,1.0,3.0,0.0,0.0,1.73,3.9,5.25,1.73,3.97,5.25,1.73,3.79,5.6,1.7,3.94,4.99
1048,2016/17,2017-04-01,Man United,West Brom,0.0,0.0,D,0.0,0.0,M Dean,18.0,3.0,3.0,1.0,6.0,1.0,15.0,13.0,3.0,3.0,0.0,0.0,1.36,5.0,11.0,1.37,5.05,10.55,1.38,5.05,10.0,1.36,4.9,9.83
1049,2016/17,2017-04-01,Southampton,Bournemouth,0.0,0.0,D,0.0,0.0,J Moss,14.0,12.0,4.0,3.0,6.0,3.0,14.0,8.0,1.0,0.0,0.0,0.0,1.65,4.0,6.0,1.67,4.13,5.57,1.67,4.13,5.55,1.64,3.99,5.52
1050,2016/17,2017-04-01,Watford,Sunderland,1.0,0.0,H,0.0,0.0,L Probert,23.0,11.0,10.0,3.0,13.0,9.0,12.0,8.0,1.0,3.0,0.0,0.0,1.85,3.6,4.75,1.87,3.67,4.72,1.97,3.6,4.23,1.84,3.56,4.57
1051,2016/17,2017-04-02,Arsenal,Man City,2.0,2.0,D,1.0,2.0,A Marriner,8.0,14.0,3.0,5.0,3.0,8.0,8.0,15.0,3.0,2.0,0.0,0.0,3.1,3.75,2.3,3.22,3.82,2.23,2.9,3.84,2.41,3.08,3.62,2.26
1052,2016/17,2017-04-02,Swansea,Middlesbrough,0.0,0.0,D,0.0,0.0,R Madley,15.0,8.0,3.0,1.0,11.0,3.0,9.0,16.0,2.0,3.0,0.0,0.0,2.0,3.4,4.33,1.98,3.43,4.47,1.95,3.43,4.62,1.97,3.39,4.2
1053,2016/17,2017-04-04,Burnley,Stoke,1.0,0.0,H,0.0,0.0,K Friend,7.0,15.0,3.0,2.0,3.0,5.0,9.0,16.0,3.0,2.0,0.0,0.0,2.5,3.1,3.3,2.48,3.07,3.43,2.47,3.16,3.34,2.45,3.1,3.23
1054,2016/17,2017-04-04,Leicester,Sunderland,2.0,0.0,H,0.0,0.0,G Scott,19.0,15.0,8.0,3.0,5.0,6.0,12.0,13.0,0.0,1.0,0.0,0.0,1.45,4.5,8.5,1.48,4.61,7.92,1.51,4.5,7.48,1.45,4.5,7.85
1055,2016/17,2017-04-04,Man United,Everton,1.0,1.0,D,0.0,1.0,N Swarbrick,18.0,11.0,3.0,4.0,6.0,5.0,10.0,18.0,1.0,4.0,0.0,1.0,1.57,4.2,6.5,1.57,4.23,6.75,1.61,4.05,6.55,1.57,4.11,6.32
1056,2016/17,2017-04-04,Watford,West Brom,2.0,0.0,H,1.0,0.0,P Tierney,9.0,18.0,2.0,2.0,5.0,6.0,11.0,14.0,1.0,4.0,1.0,0.0,2.5,3.2,3.2,2.56,3.16,3.19,2.5,3.16,3.29,2.49,3.14,3.13
1057,2016/17,2017-04-05,Arsenal,West Ham,3.0,0.0,H,0.0,0.0,M Atkinson,21.0,7.0,8.0,2.0,5.0,0.0,11.0,5.0,2.0,2.0,0.0,0.0,1.4,5.25,8.0,1.42,5.32,7.89,1.43,5.35,7.32,1.39,5.11,7.7
1058,2016/17,2017-04-05,Chelsea,Man City,2.0,1.0,H,2.0,1.0,M Dean,10.0,17.0,4.0,7.0,2.0,9.0,10.0,14.0,1.0,3.0,0.0,0.0,2.4,3.5,3.1,2.41,3.56,3.08,2.22,3.39,3.63,2.37,3.41,3.05
1059,2016/17,2017-04-05,Hull,Middlesbrough,4.0,2.0,H,3.0,2.0,M Oliver,17.0,12.0,5.0,4.0,8.0,4.0,13.0,12.0,2.0,1.0,0.0,0.0,2.05,3.3,4.2,2.08,3.32,4.2,2.08,3.3,4.23,2.05,3.27,4.04
1060,2016/17,2017-04-05,Liverpool,Bournemouth,2.0,2.0,D,1.0,1.0,L Mason,20.0,7.0,8.0,2.0,7.0,2.0,11.0,8.0,1.0,1.0,0.0,0.0,1.36,5.25,9.5,1.4,5.31,8.45,1.44,4.85,8.4,1.38,5.1,8.25
1061,2016/17,2017-04-05,Southampton,Crystal Palace,3.0,1.0,H,1.0,1.0,R East,25.0,17.0,9.0,3.0,11.0,11.0,16.0,11.0,2.0,1.0,0.0,0.0,1.83,3.7,4.75,1.84,3.7,4.86,1.86,3.61,4.84,1.83,3.56,4.67
1062,2016/17,2017-04-05,Swansea,Tottenham,1.0,3.0,A,1.0,0.0,J Moss,4.0,18.0,1.0,8.0,5.0,7.0,7.0,8.0,1.0,1.0,0.0,0.0,5.0,4.0,1.73,5.33,3.97,1.72,5.45,4.0,1.7,5.04,3.82,1.72
1063,2016/17,2017-04-08,Bournemouth,Chelsea,1.0,3.0,A,1.0,2.0,A Marriner,12.0,15.0,1.0,5.0,4.0,4.0,7.0,11.0,2.0,3.0,0.0,0.0,6.5,4.0,1.6,6.35,4.26,1.59,6.85,4.5,1.53,6.2,4.02,1.58
1064,2016/17,2017-04-08,Man City,Hull,3.0,1.0,H,1.0,0.0,J Moss,23.0,6.0,7.0,1.0,7.0,3.0,6.0,8.0,0.0,2.0,0.0,0.0,1.2,7.5,17.0,1.22,7.6,14.85,1.2,8.2,16.0,1.2,7.13,14.5
1065,2016/17,2017-04-08,Middlesbrough,Burnley,0.0,0.0,D,0.0,0.0,M Atkinson,12.0,7.0,5.0,2.0,4.0,3.0,9.0,12.0,0.0,3.0,0.0,0.0,2.45,3.1,3.4,2.42,3.15,3.45,2.64,3.04,3.2,2.42,3.12,3.24
1066,2016/17,2017-04-08,Stoke,Liverpool,1.0,2.0,A,1.0,0.0,M Dean,9.0,14.0,4.0,4.0,5.0,8.0,7.0,11.0,0.0,2.0,0.0,0.0,4.0,3.75,1.95,4.06,3.71,1.98,3.51,3.3,2.31,4.0,3.61,1.94
1067,2016/17,2017-04-08,Tottenham,Watford,4.0,0.0,H,3.0,0.0,A Taylor,19.0,8.0,6.0,2.0,7.0,5.0,12.0,12.0,0.0,1.0,0.0,0.0,1.25,6.5,15.0,1.25,6.6,14.0,1.24,7.15,13.65,1.24,6.1,13.34
1068,2016/17,2017-04-08,West Brom,Southampton,0.0,1.0,A,0.0,1.0,C Kavanagh,17.0,10.0,6.0,3.0,7.0,3.0,12.0,12.0,2.0,2.0,0.0,0.0,3.0,3.3,2.55,3.11,3.31,2.52,3.11,3.28,2.54,3.0,3.2,2.5
1069,2016/17,2017-04-08,West Ham,Swansea,1.0,0.0,H,1.0,0.0,K Friend,14.0,4.0,6.0,1.0,4.0,3.0,12.0,12.0,5.0,1.0,0.0,0.0,2.1,3.6,3.7,2.09,3.49,3.92,2.21,3.4,3.65,2.09,3.47,3.61
1070,2016/17,2017-04-09,Everton,Leicester,4.0,2.0,H,3.0,2.0,R Madley,12.0,6.0,7.0,4.0,4.0,6.0,8.0,15.0,2.0,2.0,0.0,0.0,1.75,3.9,5.0,1.76,3.98,4.95,1.77,3.88,5.05,1.73,3.78,4.95
1071,2016/17,2017-04-09,Sunderland,Man United,0.0,3.0,A,0.0,1.0,C Pawson,9.0,18.0,4.0,9.0,4.0,5.0,14.0,20.0,1.0,5.0,1.0,0.0,10.0,5.25,1.36,10.52,5.32,1.36,9.6,5.25,1.38,9.93,5.01,1.34
1072,2016/17,2017-04-10,Crystal Palace,Arsenal,3.0,0.0,H,1.0,0.0,M Oliver,17.0,11.0,6.0,3.0,5.0,8.0,11.0,10.0,0.0,1.0,0.0,0.0,4.5,3.9,1.83,4.37,3.96,1.85,4.61,4.16,1.78,4.33,3.8,1.81
1073,2016/17,2017-04-15,Crystal Palace,Leicester,2.0,2.0,D,0.0,1.0,M Dean,15.0,6.0,4.0,2.0,8.0,5.0,10.0,16.0,0.0,2.0,0.0,0.0,1.73,3.6,4.75,1.78,3.85,5.1,2.04,3.52,4.07,1.77,3.7,4.76
1074,2016/17,2017-04-15,Everton,Burnley,3.0,1.0,H,0.0,0.0,M Clattenburg,29.0,13.0,7.0,6.0,6.0,7.0,15.0,14.0,2.0,0.0,0.0,0.0,1.4,4.5,8.0,1.43,4.82,8.67,1.52,4.25,7.9,1.44,4.49,7.81
1075,2016/17,2017-04-15,Southampton,Man City,0.0,3.0,A,0.0,0.0,N Swarbrick,8.0,18.0,1.0,5.0,3.0,8.0,9.0,8.0,3.0,0.0,0.0,0.0,4.33,4.0,1.73,4.66,4.1,1.78,4.65,4.06,1.79,4.45,3.91,1.77
1076,2016/17,2017-04-15,Stoke,Hull,3.0,1.0,H,1.0,0.0,S Attwell,14.0,14.0,4.0,3.0,3.0,7.0,12.0,5.0,0.0,2.0,0.0,0.0,1.95,3.3,4.0,1.98,3.54,4.3,2.03,3.56,4.06,1.97,3.4,4.1
1077,2016/17,2017-04-15,Sunderland,West Ham,2.0,2.0,D,1.0,1.0,A Marriner,14.0,7.0,4.0,3.0,8.0,1.0,14.0,10.0,1.0,0.0,0.0,1.0,3.3,3.25,2.2,3.24,3.54,2.33,2.72,3.51,2.72,3.17,3.4,2.29
1078,2016/17,2017-04-15,Tottenham,Bournemouth,4.0,0.0,H,2.0,0.0,M Oliver,24.0,5.0,14.0,1.0,13.0,1.0,8.0,10.0,0.0,1.0,0.0,0.0,1.25,6.0,10.0,1.27,6.67,12.45,1.25,7.0,12.8,1.26,6.14,10.98
1079,2016/17,2017-04-15,Watford,Swansea,1.0,0.0,H,1.0,0.0,L Mason,15.0,13.0,7.0,4.0,6.0,2.0,8.0,13.0,0.0,0.0,0.0,0.0,2.4,3.3,2.9,2.57,3.3,3.05,2.69,3.28,2.91,2.48,3.23,2.98
1080,2016/17,2017-04-16,Man United,Chelsea,2.0,0.0,H,1.0,0.0,R Madley,9.0,5.0,3.0,0.0,1.0,3.0,16.0,20.0,3.0,3.0,0.0,0.0,2.55,3.2,2.8,2.67,3.2,3.0,2.85,3.17,2.82,2.63,3.15,2.87
1081,2016/17,2017-04-16,West Brom,Liverpool,0.0,1.0,A,0.0,1.0,J Moss,7.0,15.0,2.0,2.0,4.0,4.0,15.0,9.0,3.0,1.0,0.0,0.0,4.0,3.8,1.8,4.34,3.7,1.93,4.58,3.71,1.88,4.29,3.6,1.87
1082,2016/17,2017-04-17,Middlesbrough,Arsenal,1.0,2.0,A,0.0,1.0,A Taylor,13.0,12.0,5.0,4.0,2.0,4.0,11.0,16.0,2.0,2.0,0.0,0.0,7.0,4.0,1.5,6.72,4.39,1.55,6.58,4.95,1.5,6.33,4.25,1.53
1083,2016/17,2017-04-22,Bournemouth,Middlesbrough,4.0,0.0,H,2.0,0.0,G Scott,20.0,5.0,10.0,2.0,4.0,3.0,4.0,14.0,0.0,2.0,0.0,1.0,1.85,3.75,4.5,1.93,3.79,4.24,1.9,3.76,4.37,1.86,3.66,4.28
1084,2016/17,2017-04-22,Hull,Watford,2.0,0.0,H,0.0,0.0,R Madley,8.0,13.0,3.0,2.0,4.0,7.0,10.0,11.0,3.0,1.0,1.0,0.0,1.91,3.7,4.33,1.92,3.7,4.37,1.89,3.74,4.45,1.9,3.55,4.23
1085,2016/17,2017-04-22,Swansea,Stoke,2.0,0.0,H,1.0,0.0,M Oliver,10.0,9.0,6.0,3.0,11.0,4.0,5.0,14.0,2.0,2.0,0.0,0.0,2.2,3.4,3.6,2.15,3.53,3.68,2.35,3.54,3.2,2.18,3.34,3.5
1086,2016/17,2017-04-22,West Ham,Everton,0.0,0.0,D,0.0,0.0,R East,15.0,4.0,3.0,0.0,8.0,4.0,9.0,15.0,2.0,3.0,0.0,0.0,3.3,3.6,2.25,3.27,3.68,2.26,3.69,3.6,2.12,3.23,3.51,2.22
1087,2016/17,2017-04-23,Burnley,Man United,0.0,2.0,A,0.0,2.0,A Taylor,8.0,12.0,0.0,6.0,3.0,3.0,17.0,16.0,2.0,1.0,0.0,0.0,5.75,4.0,1.67,5.95,3.93,1.68,5.64,3.51,1.79,5.66,3.76,1.66
1088,2016/17,2017-04-23,Liverpool,Crystal Palace,1.0,2.0,A,1.0,1.0,A Marriner,14.0,7.0,1.0,3.0,4.0,3.0,8.0,10.0,1.0,2.0,0.0,0.0,1.5,4.75,7.0,1.5,4.91,6.63,1.5,4.5,7.6,1.49,4.55,6.69
1089,2016/17,2017-04-25,Chelsea,Southampton,4.0,2.0,H,2.0,1.0,L Mason,17.0,12.0,7.0,4.0,6.0,7.0,13.0,9.0,2.0,2.0,0.0,0.0,1.45,4.6,8.5,1.44,4.72,8.66,1.46,4.8,7.88,1.44,4.56,8.02
1090,2016/17,2017-04-26,Arsenal,Leicester,1.0,0.0,H,0.0,0.0,M Jones,12.0,7.0,5.0,3.0,12.0,1.0,9.0,13.0,2.0,4.0,0.0,0.0,1.6,4.5,5.75,1.61,4.54,5.6,1.46,5.1,7.15,1.6,4.35,5.38
1091,2016/17,2017-04-26,Crystal Palace,Tottenham,0.0,1.0,A,0.0,0.0,J Moss,6.0,18.0,1.0,4.0,2.0,11.0,13.0,15.0,3.0,3.0,0.0,0.0,5.5,4.2,1.65,5.68,4.22,1.65,5.85,4.55,1.59,5.41,4.07,1.64
1092,2016/17,2017-04-26,Middlesbrough,Sunderland,1.0,0.0,H,1.0,0.0,M Dean,6.0,10.0,2.0,4.0,3.0,5.0,15.0,11.0,3.0,3.0,0.0,0.0,2.3,3.4,3.4,2.23,3.44,3.58,2.21,3.45,3.6,2.22,3.37,3.4
1093,2016/17,2017-04-27,Man City,Man United,0.0,0.0,D,0.0,0.0,M Atkinson,19.0,3.0,6.0,1.0,7.0,4.0,10.0,8.0,1.0,0.0,0.0,1.0,1.91,3.75,4.2,1.89,3.77,4.42,1.91,3.46,4.82,1.88,3.67,4.24
1094,2016/17,2017-04-29,Crystal Palace,Burnley,0.0,2.0,A,0.0,1.0,R Madley,15.0,9.0,5.0,3.0,14.0,4.0,11.0,12.0,2.0,0.0,0.0,0.0,1.75,3.5,4.75,1.8,3.63,5.02,1.86,3.44,5.18,1.8,3.56,4.81
1095,2016/17,2017-04-29,Southampton,Hull,0.0,0.0,D,0.0,0.0,M Dean,11.0,9.0,2.0,1.0,6.0,6.0,9.0,13.0,0.0,3.0,0.0,0.0,1.6,3.75,5.75,1.64,4.06,5.77,1.57,4.34,6.5,1.66,3.91,5.38
1096,2016/17,2017-04-29,Stoke,West Ham,0.0,0.0,D,0.0,0.0,L Probert,19.0,12.0,4.0,4.0,5.0,3.0,12.0,3.0,1.0,0.0,0.0,0.0,2.0,3.5,3.6,2.08,3.45,3.85,2.06,3.38,4.18,2.09,3.42,3.61
1097,2016/17,2017-04-29,Sunderland,Bournemouth,0.0,1.0,A,0.0,0.0,S Attwell,17.0,15.0,5.0,7.0,6.0,5.0,13.0,9.0,3.0,2.0,0.0,0.0,3.0,3.4,2.3,3.02,3.6,2.37,3.33,3.68,2.23,2.95,3.48,2.39
1098,2016/17,2017-04-29,West Brom,Leicester,0.0,1.0,A,0.0,1.0,M Clattenburg,16.0,6.0,4.0,1.0,5.0,6.0,14.0,9.0,2.0,2.0,0.0,0.0,2.4,3.5,2.75,2.54,3.38,2.94,2.82,3.31,2.75,2.5,3.35,2.86
1099,2016/17,2017-04-30,Everton,Chelsea,0.0,3.0,A,0.0,0.0,J Moss,12.0,11.0,4.0,5.0,2.0,4.0,13.0,11.0,3.0,4.0,0.0,0.0,3.5,3.6,2.0,3.77,3.67,2.03,4.61,3.75,1.86,3.68,3.53,2.03
1100,2016/17,2017-04-30,Man United,Swansea,1.0,1.0,D,1.0,0.0,N Swarbrick,12.0,12.0,6.0,4.0,5.0,2.0,11.0,13.0,2.0,2.0,0.0,0.0,1.36,4.75,8.0,1.37,5.04,10.06,1.42,4.79,9.45,1.37,4.85,8.93
1101,2016/17,2017-04-30,Middlesbrough,Man City,2.0,2.0,D,1.0,0.0,K Friend,14.0,22.0,6.0,4.0,4.0,11.0,9.0,9.0,4.0,4.0,0.0,0.0,13.0,5.25,1.25,11.39,5.93,1.29,11.84,6.32,1.28,10.68,5.57,1.29
1102,2016/17,2017-04-30,Tottenham,Arsenal,2.0,0.0,H,0.0,0.0,M Oliver,20.0,12.0,11.0,4.0,14.0,5.0,7.0,15.0,1.0,3.0,0.0,0.0,1.85,3.75,4.0,1.86,3.94,4.15,1.82,4.15,4.37,1.88,3.81,3.93
1103,2016/17,2017-05-01,Watford,Liverpool,0.0,1.0,A,0.0,1.0,C Pawson,9.0,12.0,2.0,8.0,3.0,5.0,11.0,9.0,3.0,1.0,0.0,0.0,5.75,4.5,1.5,6.61,4.4,1.53,5.96,4.16,1.63,6.09,4.24,1.55
1104,2016/17,2017-05-05,West Ham,Tottenham,1.0,0.0,H,0.0,0.0,A Taylor,13.0,11.0,5.0,5.0,3.0,7.0,8.0,9.0,4.0,2.0,0.0,0.0,8.5,5.25,1.4,9.4,5.35,1.37,8.4,5.24,1.41,8.54,5.11,1.37
1105,2016/17,2017-05-06,Bournemouth,Stoke,2.0,2.0,D,0.0,1.0,P Tierney,12.0,14.0,2.0,3.0,0.0,7.0,10.0,15.0,2.0,0.0,0.0,0.0,2.25,3.6,3.3,2.24,3.5,3.47,2.36,3.47,3.24,2.2,3.47,3.32
1106,2016/17,2017-05-06,Burnley,West Brom,2.0,2.0,D,0.0,0.0,M Jones,14.0,11.0,4.0,3.0,5.0,8.0,9.0,14.0,1.0,3.0,0.0,0.0,2.25,3.3,3.6,2.31,3.2,3.64,2.59,3.03,3.29,2.24,3.19,3.52
1107,2016/17,2017-05-06,Hull,Sunderland,0.0,2.0,A,0.0,0.0,N Swarbrick,16.0,12.0,6.0,5.0,7.0,4.0,10.0,8.0,3.0,1.0,0.0,0.0,1.44,4.75,8.0,1.49,4.7,7.29,1.56,4.57,6.28,1.45,4.53,7.32
1108,2016/17,2017-05-06,Leicester,Watford,3.0,0.0,H,1.0,0.0,R East,11.0,14.0,5.0,7.0,10.0,1.0,8.0,10.0,0.0,0.0,0.0,0.0,1.57,4.2,6.5,1.61,4.16,6.38,1.67,3.92,6.05,1.58,4.02,6.25
1109,2016/17,2017-05-06,Man City,Crystal Palace,5.0,0.0,H,1.0,0.0,M Oliver,26.0,5.0,12.0,2.0,9.0,3.0,12.0,8.0,1.0,3.0,0.0,0.0,1.29,6.5,11.0,1.3,6.6,10.25,1.26,7.0,11.5,1.27,6.22,10.52
1110,2016/17,2017-05-06,Swansea,Everton,1.0,0.0,H,1.0,0.0,M Atkinson,9.0,8.0,4.0,2.0,9.0,5.0,5.0,13.0,0.0,0.0,0.0,0.0,2.8,3.5,2.63,2.81,3.48,2.65,2.52,3.47,2.98,2.76,3.38,2.6
1111,2016/17,2017-05-07,Arsenal,Man United,2.0,0.0,H,0.0,0.0,A Marriner,9.0,10.0,4.0,4.0,5.0,9.0,14.0,10.0,1.0,0.0,0.0,0.0,1.91,3.7,4.33,1.94,3.72,4.22,2.12,3.58,3.72,1.92,3.61,4.11
1112,2016/17,2017-05-07,Liverpool,Southampton,0.0,0.0,D,0.0,0.0,R Madley,17.0,4.0,8.0,0.0,3.0,6.0,9.0,4.0,1.0,3.0,0.0,0.0,1.62,4.2,6.0,1.61,4.21,6.12,1.61,4.15,6.3,1.59,4.13,5.79
1113,2016/17,2017-05-08,Chelsea,Middlesbrough,3.0,0.0,H,2.0,0.0,C Pawson,21.0,2.0,7.0,1.0,8.0,1.0,8.0,21.0,0.0,2.0,0.0,0.0,1.17,9.0,19.0,1.18,8.29,18.22,1.14,10.0,22.0,1.16,7.94,18.77
1114,2016/17,2017-05-10,Southampton,Arsenal,0.0,2.0,A,0.0,0.0,J Moss,14.0,11.0,3.0,4.0,8.0,5.0,5.0,5.0,1.0,2.0,0.0,0.0,3.6,3.8,2.05,3.69,3.75,2.07,3.3,3.77,2.21,3.58,3.64,2.04
1115,2016/17,2017-05-12,Everton,Watford,1.0,0.0,H,0.0,0.0,K Friend,15.0,14.0,6.0,2.0,9.0,8.0,7.0,11.0,0.0,3.0,0.0,0.0,1.5,4.5,7.5,1.45,4.79,8.05,1.43,5.03,8.3,1.45,4.57,7.39
1116,2016/17,2017-05-12,West Brom,Chelsea,0.0,1.0,A,0.0,0.0,M Oliver,7.0,24.0,2.0,5.0,5.0,8.0,13.0,8.0,3.0,0.0,0.0,0.0,10.0,5.25,1.36,9.65,5.15,1.38,9.76,5.18,1.38,9.46,4.94,1.36
1117,2016/17,2017-05-13,Bournemouth,Burnley,2.0,1.0,H,1.0,0.0,L Probert,18.0,14.0,6.0,3.0,7.0,1.0,6.0,11.0,0.0,1.0,0.0,0.0,1.91,3.75,4.2,1.93,3.76,4.28,1.84,3.93,4.49,1.92,3.63,4.04
1118,2016/17,2017-05-13,Man City,Leicester,2.0,1.0,H,2.0,1.0,R Madley,17.0,9.0,5.0,4.0,9.0,3.0,12.0,16.0,3.0,3.0,0.0,0.0,1.25,7.0,12.0,1.25,7.0,13.0,1.23,7.95,12.5,1.23,6.56,12.42
1119,2016/17,2017-05-13,Middlesbrough,Southampton,1.0,2.0,A,0.0,1.0,A Taylor,14.0,14.0,3.0,4.0,6.0,3.0,19.0,11.0,3.0,0.0,0.0,0.0,4.0,3.6,2.0,3.91,3.68,2.03,3.92,3.42,2.12,3.84,3.52,2.0
1120,2016/17,2017-05-13,Stoke,Arsenal,1.0,4.0,A,0.0,1.0,M Dean,10.0,10.0,4.0,6.0,7.0,6.0,13.0,7.0,1.0,2.0,0.0,0.0,4.75,4.1,1.75,4.61,4.16,1.78,5.29,4.23,1.68,4.56,4.0,1.74
1121,2016/17,2017-05-13,Sunderland,Swansea,0.0,2.0,A,0.0,2.0,A Marriner,13.0,3.0,4.0,3.0,8.0,4.0,13.0,6.0,4.0,0.0,0.0,0.0,4.2,3.8,1.91,4.18,3.84,1.94,3.33,3.55,2.28,4.04,3.68,1.91
1122,2016/17,2017-05-14,Crystal Palace,Hull,4.0,0.0,H,2.0,0.0,M Atkinson,12.0,9.0,4.0,0.0,3.0,7.0,13.0,14.0,3.0,5.0,0.0,0.0,2.1,3.6,3.75,2.11,3.63,3.69,1.97,3.56,4.31,2.06,3.5,3.68
1123,2016/17,2017-05-14,Tottenham,Man United,2.0,1.0,H,1.0,0.0,J Moss,14.0,8.0,7.0,2.0,8.0,3.0,14.0,15.0,1.0,2.0,0.0,0.0,1.73,3.9,5.25,1.71,4.04,5.35,1.65,4.06,6.0,1.7,3.85,5.14
1124,2016/17,2017-05-14,West Ham,Liverpool,0.0,4.0,A,0.0,1.0,N Swarbrick,10.0,26.0,3.0,11.0,4.0,6.0,5.0,10.0,2.0,0.0,0.0,0.0,5.25,4.0,1.7,5.62,4.2,1.65,5.92,4.1,1.65,5.26,3.94,1.67
1125,2016/17,2017-05-15,Chelsea,Watford,4.0,3.0,H,2.0,1.0,L Mason,24.0,9.0,9.0,3.0,8.0,3.0,7.0,12.0,2.0,4.0,0.0,1.0,1.25,6.75,13.0,1.25,6.85,13.5,1.29,6.56,10.5,1.24,6.54,12.61
1126,2016/17,2017-05-16,Arsenal,Sunderland,2.0,0.0,H,0.0,0.0,R East,36.0,6.0,13.0,2.0,17.0,3.0,15.0,10.0,4.0,2.0,0.0,0.0,1.09,13.0,29.0,1.1,13.62,28.49,1.12,12.0,23.5,1.09,11.35,26.47
1127,2016/17,2017-05-16,Man City,West Brom,3.0,1.0,H,2.0,0.0,C Pawson,21.0,5.0,10.0,2.0,7.0,1.0,8.0,11.0,1.0,2.0,0.0,0.0,1.14,9.0,23.0,1.14,10.39,23.1,1.16,9.25,19.35,1.13,9.1,22.37
1128,2016/17,2017-05-17,Southampton,Man United,0.0,0.0,D,0.0,0.0,M Dean,17.0,11.0,6.0,1.0,7.0,3.0,7.0,10.0,2.0,1.0,0.0,0.0,2.75,3.3,2.8,2.76,3.33,2.8,2.37,3.32,3.26,2.67,3.27,2.75
1129,2016/17,2017-05-18,Leicester,Tottenham,1.0,6.0,A,0.0,2.0,M Oliver,12.0,26.0,5.0,12.0,4.0,4.0,11.0,8.0,3.0,1.0,0.0,0.0,4.5,3.8,1.85,4.44,3.78,1.88,4.18,3.95,1.89,4.29,3.69,1.85
1130,2016/17,2017-05-21,Arsenal,Everton,3.0,1.0,H,2.0,0.0,M Oliver,17.0,22.0,9.0,7.0,4.0,6.0,10.0,15.0,2.0,4.0,1.0,0.0,1.45,5.0,7.5,1.42,5.29,7.75,1.38,6.05,7.57,1.42,4.96,7.29
1131,2016/17,2017-05-21,Burnley,West Ham,1.0,2.0,A,1.0,1.0,R Madley,9.0,14.0,1.0,4.0,2.0,5.0,11.0,14.0,2.0,2.0,0.0,0.0,2.45,3.5,3.0,2.38,3.4,3.26,2.31,3.58,3.24,2.38,3.4,3.02
1132,2016/17,2017-05-21,Chelsea,Sunderland,5.0,1.0,H,1.0,1.0,N Swarbrick,28.0,7.0,8.0,3.0,11.0,1.0,8.0,15.0,1.0,1.0,0.0,0.0,1.14,9.0,23.0,1.16,9.01,21.02,1.12,11.5,25.5,1.15,8.17,19.89
1133,2016/17,2017-05-21,Hull,Tottenham,1.0,7.0,A,0.0,3.0,A Marriner,10.0,19.0,4.0,14.0,2.0,3.0,14.0,5.0,0.0,0.0,0.0,0.0,7.0,4.75,1.5,6.36,4.61,1.55,9.74,6.48,1.31,6.09,4.4,1.53
1134,2016/17,2017-05-21,Leicester,Bournemouth,1.0,1.0,D,0.0,1.0,l Mason,21.0,10.0,5.0,4.0,9.0,1.0,11.0,10.0,4.0,1.0,0.0,0.0,2.0,3.6,4.0,1.91,3.75,4.35,1.69,4.5,4.81,1.92,3.67,3.95
1135,2016/17,2017-05-21,Liverpool,Middlesbrough,3.0,0.0,H,1.0,0.0,M Atkinson,25.0,9.0,10.0,3.0,3.0,3.0,13.0,8.0,0.0,1.0,0.0,0.0,1.14,9.0,23.0,1.14,9.31,27.82,1.15,10.5,19.09,1.12,8.61,26.64
1136,2016/17,2017-05-21,Man United,Crystal Palace,2.0,0.0,H,2.0,0.0,A Taylor,9.0,6.0,2.0,1.0,3.0,6.0,16.0,10.0,2.0,0.0,0.0,0.0,2.5,3.3,3.1,2.44,3.4,3.14,2.35,3.38,3.35,2.48,3.31,2.94
1137,2016/17,2017-05-21,Southampton,Stoke,0.0,1.0,A,0.0,0.0,L Probert,14.0,14.0,6.0,3.0,4.0,10.0,12.0,10.0,2.0,4.0,0.0,0.0,1.8,3.8,4.75,1.8,3.95,4.73,1.64,4.37,5.53,1.77,3.79,4.6
1138,2016/17,2017-05-21,Swansea,West Brom,2.0,1.0,H,0.0,1.0,M Dean,12.0,16.0,2.0,5.0,7.0,4.0,8.0,10.0,1.0,1.0,0.0,0.0,2.1,3.5,3.75,2.1,3.68,3.67,2.29,3.45,3.4,2.06,3.51,3.63
1139,2016/17,2017-05-21,Watford,Man City,0.0,5.0,A,0.0,4.0,J Moss,6.0,15.0,3.0,9.0,4.0,5.0,12.0,10.0,1.0,0.0,0.0,0.0,11.0,6.0,1.3,11.51,6.21,1.29,18.0,9.7,1.16,10.78,5.9,1.28
1140,2017/18,2017-08-11,Arsenal,Leicester,4.0,3.0,H,2.0,2.0,M Dean,27.0,6.0,10.0,3.0,9.0,4.0,9.0,12.0,0.0,1.0,0.0,0.0,1.53,4.5,6.5,1.53,4.55,6.85,1.49,4.73,7.25,1.51,4.43,6.44
1141,2017/18,2017-08-12,Brighton,Man City,0.0,2.0,A,0.0,0.0,M Oliver,6.0,14.0,2.0,4.0,3.0,10.0,6.0,9.0,0.0,2.0,0.0,0.0,11.0,5.5,1.33,10.95,5.55,1.34,11.75,6.15,1.29,10.1,5.25,1.32
1142,2017/18,2017-08-12,Chelsea,Burnley,2.0,3.0,A,0.0,3.0,C Pawson,19.0,10.0,6.0,5.0,8.0,5.0,16.0,11.0,3.0,3.0,2.0,0.0,1.25,6.5,15.0,1.26,6.3,15.25,1.33,5.4,12.25,1.24,6.06,13.67
1143,2017/18,2017-08-12,Crystal Palace,Huddersfield,0.0,3.0,A,0.0,2.0,J Moss,14.0,8.0,4.0,6.0,12.0,9.0,7.0,19.0,1.0,3.0,0.0,0.0,1.83,3.6,5.0,1.83,3.58,5.11,1.79,3.56,5.51,1.81,3.5,4.82
1144,2017/18,2017-08-12,Everton,Stoke,1.0,0.0,H,1.0,0.0,N Swarbrick,9.0,9.0,4.0,1.0,6.0,7.0,13.0,10.0,1.0,1.0,0.0,0.0,1.7,3.8,5.75,1.7,3.83,5.81,1.82,3.49,5.42,1.69,3.69,5.5
1145,2017/18,2017-08-12,Southampton,Swansea,0.0,0.0,D,0.0,0.0,M Jones,29.0,4.0,2.0,0.0,13.0,0.0,10.0,13.0,2.0,1.0,0.0,0.0,1.62,4.0,6.5,1.64,3.94,6.35,1.56,4.25,6.85,1.61,3.84,5.98
1146,2017/18,2017-08-12,Watford,Liverpool,3.0,3.0,D,2.0,1.0,A Taylor,9.0,14.0,4.0,5.0,3.0,3.0,14.0,8.0,0.0,3.0,0.0,0.0,6.0,4.2,1.62,5.74,4.29,1.63,6.88,4.27,1.56,5.75,4.06,1.6
1147,2017/18,2017-08-12,West Brom,Bournemouth,1.0,0.0,H,1.0,0.0,R Madley,16.0,9.0,6.0,2.0,8.0,2.0,15.0,3.0,3.0,1.0,0.0,0.0,2.4,3.3,3.3,2.46,3.25,3.26,2.65,3.21,3.02,2.43,3.19,3.11
1148,2017/18,2017-08-13,Man United,West Ham,4.0,0.0,H,1.0,0.0,M Atkinson,22.0,9.0,6.0,1.0,11.0,1.0,19.0,7.0,2.0,2.0,0.0,0.0,1.3,5.75,12.0,1.33,5.68,10.85,1.31,5.79,12.01,1.31,5.29,10.74
1149,2017/18,2017-08-13,Newcastle,Tottenham,0.0,2.0,A,0.0,0.0,A Marriner,6.0,18.0,3.0,6.0,5.0,7.0,6.0,10.0,1.0,2.0,1.0,0.0,5.5,4.0,1.7,5.35,4.0,1.71,4.82,3.9,1.8,5.16,3.87,1.69
1150,2017/18,2017-08-19,Bournemouth,Watford,0.0,2.0,A,0.0,0.0,R East,6.0,19.0,2.0,7.0,8.0,5.0,6.0,14.0,1.0,3.0,0.0,0.0,2.0,3.6,4.0,1.98,3.63,4.16,2.1,3.52,3.84,1.96,3.56,3.9
1151,2017/18,2017-08-19,Burnley,West Brom,0.0,1.0,A,0.0,0.0,M Atkinson,20.0,8.0,0.0,1.0,5.0,5.0,11.0,11.0,1.0,0.0,0.0,1.0,2.63,3.2,3.0,2.64,3.17,3.07,2.75,3.01,3.09,2.56,3.1,3.02
1152,2017/18,2017-08-19,Leicester,Brighton,2.0,0.0,H,1.0,0.0,L Probert,14.0,5.0,4.0,2.0,6.0,2.0,8.0,10.0,1.0,0.0,0.0,0.0,1.73,3.8,5.5,1.74,3.85,5.43,1.76,3.73,5.45,1.73,3.7,5.06
1153,2017/18,2017-08-19,Liverpool,Crystal Palace,1.0,0.0,H,0.0,0.0,K Friend,23.0,4.0,13.0,1.0,4.0,2.0,12.0,13.0,1.0,3.0,0.0,0.0,1.36,5.25,9.5,1.39,5.24,9.27,1.39,5.31,9.0,1.37,5.02,8.86
1154,2017/18,2017-08-19,Southampton,West Ham,3.0,2.0,H,2.0,1.0,L Mason,14.0,16.0,5.0,8.0,7.0,2.0,18.0,10.0,1.0,1.0,0.0,1.0,1.75,3.8,5.25,1.71,3.96,5.43,1.7,4.02,5.45,1.73,3.74,4.96
1155,2017/18,2017-08-19,Stoke,Arsenal,1.0,0.0,H,0.0,0.0,A Marriner,11.0,18.0,4.0,6.0,2.0,9.0,6.0,11.0,0.0,0.0,0.0,0.0,4.5,3.8,1.85,4.39,3.85,1.88,4.37,3.92,1.86,4.41,3.69,1.83
1156,2017/18,2017-08-19,Swansea,Man United,0.0,4.0,A,0.0,1.0,J Moss,6.0,17.0,1.0,8.0,3.0,5.0,12.0,11.0,1.0,1.0,0.0,0.0,11.0,5.0,1.36,12.01,5.33,1.33,11.55,5.25,1.34,10.48,4.89,1.35
1157,2017/18,2017-08-20,Huddersfield,Newcastle,1.0,0.0,H,0.0,0.0,C Pawson,7.0,13.0,3.0,5.0,7.0,3.0,13.0,10.0,3.0,4.0,0.0,0.0,2.5,3.25,3.2,2.51,3.31,3.13,2.83,3.21,2.81,2.42,3.2,3.12
1158,2017/18,2017-08-20,Tottenham,Chelsea,1.0,2.0,A,0.0,1.0,A Taylor,18.0,9.0,6.0,2.0,14.0,3.0,14.0,21.0,3.0,3.0,0.0,0.0,2.1,3.6,3.75,2.08,3.58,3.85,2.16,3.36,3.84,2.07,3.46,3.65
1159,2017/18,2017-08-21,Man City,Everton,1.0,1.0,D,0.0,1.0,R Madley,19.0,7.0,6.0,2.0,7.0,1.0,7.0,9.0,1.0,2.0,1.0,1.0,1.33,5.75,10.0,1.31,5.88,11.27,1.3,6.15,11.1,1.31,5.48,10.04
1160,2017/18,2017-08-26,Bournemouth,Man City,1.0,2.0,A,1.0,1.0,M Dean,9.0,19.0,3.0,8.0,2.0,5.0,13.0,14.0,5.0,4.0,0.0,1.0,11.0,6.0,1.3,11.14,5.79,1.32,12.0,6.75,1.27,9.8,5.58,1.32
1161,2017/18,2017-08-26,Crystal Palace,Swansea,0.0,2.0,A,0.0,1.0,A Marriner,16.0,7.0,3.0,3.0,1.0,1.0,9.0,6.0,4.0,1.0,0.0,0.0,1.95,3.5,4.33,1.99,3.43,4.41,2.12,3.3,4.09,1.95,3.42,4.22
1162,2017/18,2017-08-26,Huddersfield,Southampton,0.0,0.0,D,0.0,0.0,S Attwell,16.0,6.0,6.0,3.0,5.0,4.0,10.0,10.0,0.0,1.0,0.0,0.0,3.9,3.4,2.1,4.01,3.45,2.08,4.21,3.48,2.02,3.8,3.32,2.09
1163,2017/18,2017-08-26,Man United,Leicester,2.0,0.0,H,0.0,0.0,M Oliver,22.0,11.0,7.0,4.0,9.0,3.0,8.0,7.0,1.0,2.0,0.0,0.0,1.33,5.5,11.0,1.33,5.56,11.31,1.33,5.6,11.25,1.33,5.32,9.97
1164,2017/18,2017-08-26,Newcastle,West Ham,3.0,0.0,H,1.0,0.0,N Swarbrick,16.0,8.0,8.0,3.0,7.0,5.0,17.0,11.0,1.0,3.0,0.0,0.0,2.3,3.4,3.4,2.34,3.42,3.33,2.36,3.45,3.26,2.3,3.34,3.26
1165,2017/18,2017-08-26,Watford,Brighton,0.0,0.0,D,0.0,0.0,G Scott,8.0,16.0,0.0,2.0,3.0,11.0,7.0,18.0,0.0,1.0,1.0,0.0,1.91,3.4,4.0,1.99,3.37,4.5,2.23,3.23,3.81,1.95,3.37,4.26
1166,2017/18,2017-08-27,Chelsea,Everton,2.0,0.0,H,2.0,0.0,J Moss,18.0,7.0,7.0,0.0,6.0,3.0,12.0,7.0,2.0,2.0,0.0,0.0,1.45,4.5,8.5,1.47,4.55,8.45,1.53,4.35,7.4,1.45,4.44,7.91
1167,2017/18,2017-08-27,Liverpool,Arsenal,4.0,0.0,H,2.0,0.0,C Pawson,18.0,8.0,10.0,0.0,4.0,3.0,6.0,9.0,2.0,4.0,0.0,0.0,2.15,3.7,3.5,2.16,3.72,3.46,2.21,3.67,3.25,2.14,3.6,3.36
1168,2017/18,2017-08-27,Tottenham,Burnley,1.0,1.0,D,0.0,0.0,L Mason,28.0,13.0,5.0,3.0,10.0,7.0,9.0,9.0,0.0,0.0,0.0,0.0,1.25,6.5,15.0,1.26,6.45,14.0,1.22,7.25,16.0,1.24,6.16,13.33
1169,2017/18,2017-08-27,West Brom,Stoke,1.0,1.0,D,0.0,0.0,A Taylor,10.0,16.0,2.0,2.0,10.0,4.0,10.0,9.0,2.0,2.0,0.0,0.0,2.4,3.1,3.5,2.39,3.12,3.55,2.66,3.15,3.06,2.37,3.08,3.36
1170,2017/18,2017-09-09,Arsenal,Bournemouth,3.0,0.0,H,2.0,0.0,A Taylor,17.0,7.0,9.0,2.0,10.0,3.0,14.0,10.0,0.0,1.0,0.0,0.0,1.36,5.5,9.0,1.39,5.59,8.29,1.31,6.4,10.0,1.36,5.36,8.22
1171,2017/18,2017-09-09,Brighton,West Brom,3.0,1.0,H,1.0,0.0,C Kavanagh,12.0,12.0,6.0,3.0,2.0,6.0,9.0,4.0,2.0,0.0,0.0,0.0,2.7,3.1,3.0,2.76,3.0,3.08,2.71,3.05,3.09,2.63,3.01,3.01
1172,2017/18,2017-09-09,Everton,Tottenham,0.0,3.0,A,0.0,2.0,G Scott,12.0,15.0,1.0,6.0,7.0,3.0,14.0,14.0,3.0,1.0,0.0,0.0,3.8,3.5,2.1,3.94,3.5,2.08,3.98,3.55,2.05,3.69,3.4,2.09
1173,2017/18,2017-09-09,Leicester,Chelsea,1.0,2.0,A,0.0,1.0,L Mason,8.0,16.0,2.0,6.0,2.0,9.0,11.0,8.0,1.0,0.0,0.0,0.0,4.75,3.9,1.8,4.73,3.83,1.83,5.0,3.83,1.79,4.51,3.73,1.8
1174,2017/18,2017-09-09,Man City,Liverpool,5.0,0.0,H,2.0,0.0,J Moss,13.0,10.0,7.0,3.0,8.0,3.0,10.0,9.0,2.0,2.0,0.0,1.0,1.85,4.0,4.2,1.89,3.94,4.2,1.89,3.98,4.14,1.87,3.82,4.03
1175,2017/18,2017-09-09,Southampton,Watford,0.0,2.0,A,0.0,1.0,L Probert,9.0,12.0,1.0,3.0,7.0,4.0,8.0,11.0,0.0,0.0,0.0,0.0,1.65,4.0,6.0,1.67,3.96,5.95,1.69,3.99,5.58,1.66,3.86,5.56
1176,2017/18,2017-09-09,Stoke,Man United,2.0,2.0,D,1.0,1.0,N Swarbrick,10.0,18.0,5.0,8.0,5.0,11.0,10.0,10.0,0.0,0.0,0.0,0.0,7.5,4.5,1.5,7.42,4.43,1.52,7.4,4.45,1.51,7.02,4.27,1.5
1177,2017/18,2017-09-10,Burnley,Crystal Palace,1.0,0.0,H,1.0,0.0,M Oliver,4.0,23.0,2.0,5.0,3.0,13.0,7.0,14.0,1.0,1.0,0.0,0.0,2.3,3.25,3.5,2.36,3.23,3.48,2.2,3.36,3.73,2.33,3.19,3.32
1178,2017/18,2017-09-10,Swansea,Newcastle,0.0,1.0,A,0.0,0.0,M Jones,10.0,16.0,4.0,8.0,7.0,5.0,11.0,15.0,2.0,3.0,0.0,0.0,2.4,3.25,3.3,2.41,3.28,3.32,2.52,3.26,3.16,2.38,3.2,3.21
1179,2017/18,2017-09-11,West Ham,Huddersfield,2.0,0.0,H,0.0,0.0,K Friend,19.0,10.0,3.0,2.0,10.0,3.0,11.0,14.0,1.0,2.0,0.0,0.0,1.95,3.5,4.5,1.97,3.46,4.46,2.08,3.36,4.14,1.92,3.46,4.27
1180,2017/18,2017-09-15,Bournemouth,Brighton,2.0,1.0,H,0.0,0.0,C Pawson,15.0,9.0,3.0,2.0,6.0,4.0,5.0,12.0,0.0,0.0,0.0,0.0,2.15,3.4,3.8,2.17,3.44,3.74,2.17,3.41,3.76,2.14,3.34,3.66
1181,2017/18,2017-09-16,Crystal Palace,Southampton,0.0,1.0,A,0.0,1.0,R Madley,14.0,13.0,3.0,4.0,5.0,5.0,14.0,13.0,5.0,1.0,0.0,0.0,3.0,3.3,2.6,2.99,3.32,2.6,2.89,3.26,2.72,2.95,3.21,2.54
1182,2017/18,2017-09-16,Huddersfield,Leicester,1.0,1.0,D,0.0,0.0,J Moss,15.0,10.0,3.0,1.0,8.0,4.0,6.0,6.0,1.0,1.0,0.0,0.0,3.5,3.4,2.25,3.46,3.42,2.28,3.62,3.39,2.23,3.31,3.33,2.27
1183,2017/18,2017-09-16,Liverpool,Burnley,1.0,1.0,D,1.0,1.0,R East,35.0,5.0,9.0,4.0,12.0,2.0,7.0,9.0,1.0,2.0,0.0,0.0,1.29,6.0,13.0,1.27,6.3,13.45,1.26,6.6,13.0,1.26,5.89,11.99
1184,2017/18,2017-09-16,Newcastle,Stoke,2.0,1.0,H,1.0,0.0,S Attwell,14.0,13.0,3.0,4.0,7.0,5.0,13.0,11.0,3.0,1.0,0.0,0.0,2.38,3.25,3.4,2.37,3.23,3.46,2.17,3.45,3.71,2.34,3.21,3.28
1185,2017/18,2017-09-16,Tottenham,Swansea,0.0,0.0,D,0.0,0.0,M Dean,26.0,4.0,8.0,0.0,11.0,1.0,11.0,9.0,1.0,3.0,0.0,0.0,1.22,7.0,15.0,1.25,6.7,14.0,1.21,7.95,14.25,1.23,6.38,13.26
1186,2017/18,2017-09-16,Watford,Man City,0.0,6.0,A,0.0,3.0,A Taylor,7.0,28.0,1.0,10.0,3.0,11.0,8.0,6.0,2.0,0.0,0.0,0.0,9.0,6.0,1.33,9.83,5.64,1.35,9.35,6.1,1.33,8.75,5.36,1.34
1187,2017/18,2017-09-16,West Brom,West Ham,0.0,0.0,D,0.0,0.0,P Tierney,6.0,9.0,1.0,1.0,2.0,3.0,15.0,7.0,2.0,2.0,0.0,0.0,2.38,3.25,3.4,2.36,3.27,3.43,2.34,3.27,3.49,2.33,3.22,3.29
1188,2017/18,2017-09-17,Chelsea,Arsenal,0.0,0.0,D,0.0,0.0,M Oliver,13.0,11.0,4.0,2.0,5.0,1.0,11.0,15.0,1.0,3.0,1.0,0.0,1.8,4.0,4.5,1.81,4.02,4.57,1.77,3.99,4.88,1.8,3.85,4.37
1189,2017/18,2017-09-17,Man United,Everton,4.0,0.0,H,1.0,0.0,A Marriner,16.0,7.0,7.0,3.0,4.0,1.0,15.0,14.0,1.0,1.0,0.0,0.0,1.36,5.25,10.0,1.35,5.3,10.93,1.35,5.33,10.31,1.34,5.09,10.03
1190,2017/18,2017-09-23,Burnley,Huddersfield,0.0,0.0,D,0.0,0.0,C Kavanagh,5.0,9.0,3.0,2.0,3.0,4.0,9.0,13.0,3.0,2.0,0.0,0.0,2.15,3.25,3.9,2.21,3.23,3.89,2.41,3.16,3.46,2.17,3.19,3.71
1191,2017/18,2017-09-23,Everton,Bournemouth,2.0,1.0,H,0.0,0.0,M Atkinson,12.0,8.0,4.0,4.0,4.0,6.0,12.0,11.0,3.0,1.0,0.0,0.0,1.65,4.0,5.75,1.72,3.92,5.43,1.74,3.85,5.37,1.68,3.83,5.34
1192,2017/18,2017-09-23,Leicester,Liverpool,2.0,3.0,A,1.0,2.0,A Taylor,12.0,23.0,7.0,6.0,3.0,6.0,13.0,14.0,3.0,3.0,0.0,0.0,4.1,3.9,1.91,4.27,3.87,1.89,4.4,4.18,1.81,4.07,3.74,1.89
1193,2017/18,2017-09-23,Man City,Crystal Palace,5.0,0.0,H,1.0,0.0,N Swarbrick,25.0,5.0,9.0,0.0,8.0,2.0,6.0,7.0,3.0,1.0,0.0,0.0,1.14,10.0,21.0,1.15,10.0,18.5,1.13,11.0,21.0,1.14,8.84,19.23
1194,2017/18,2017-09-23,Southampton,Man United,0.0,1.0,A,0.0,1.0,C Pawson,14.0,9.0,4.0,4.0,8.0,4.0,12.0,9.0,1.0,4.0,0.0,0.0,5.5,3.8,1.73,5.35,3.82,1.75,4.77,3.74,1.84,5.08,3.69,1.73
1195,2017/18,2017-09-23,Stoke,Chelsea,0.0,4.0,A,0.0,2.0,M Dean,13.0,7.0,2.0,4.0,5.0,0.0,5.0,14.0,2.0,2.0,0.0,0.0,6.0,4.1,1.62,5.69,4.25,1.64,6.65,4.6,1.53,5.66,4.04,1.61
1196,2017/18,2017-09-23,Swansea,Watford,1.0,2.0,A,0.0,1.0,L Mason,10.0,8.0,3.0,4.0,5.0,4.0,9.0,16.0,1.0,3.0,0.0,0.0,2.4,3.3,3.25,2.43,3.29,3.28,2.42,3.24,3.35,2.36,3.26,3.17
1197,2017/18,2017-09-23,West Ham,Tottenham,2.0,3.0,A,0.0,2.0,M Oliver,10.0,15.0,4.0,5.0,4.0,3.0,10.0,20.0,4.0,2.0,0.0,1.0,6.0,4.33,1.6,5.95,4.36,1.61,5.85,4.37,1.61,5.6,4.15,1.6
1198,2017/18,2017-09-24,Brighton,Newcastle,1.0,0.0,H,0.0,0.0,A Marriner,7.0,17.0,3.0,5.0,2.0,8.0,6.0,8.0,2.0,1.0,0.0,0.0,2.8,3.1,2.9,2.78,3.1,2.96,2.89,3.15,2.8,2.7,3.1,2.83
1199,2017/18,2017-09-25,Arsenal,West Brom,2.0,0.0,H,1.0,0.0,R Madley,16.0,7.0,6.0,3.0,7.0,4.0,8.0,17.0,1.0,4.0,0.0,0.0,1.33,5.5,11.0,1.36,5.45,10.0,1.34,5.56,10.78,1.34,5.22,9.49
1200,2017/18,2017-09-30,Bournemouth,Leicester,0.0,0.0,D,0.0,0.0,G Scott,19.0,8.0,4.0,1.0,7.0,5.0,6.0,10.0,1.0,0.0,0.0,0.0,2.8,3.25,2.5,2.9,3.48,2.58,2.64,3.55,2.78,2.78,3.36,2.53
1201,2017/18,2017-09-30,Chelsea,Man City,0.0,1.0,A,0.0,0.0,M Atkinson,4.0,17.0,2.0,6.0,4.0,8.0,8.0,13.0,0.0,2.0,0.0,0.0,2.75,3.3,2.5,2.84,3.63,2.54,2.77,3.48,2.69,2.78,3.44,2.49
1202,2017/18,2017-09-30,Huddersfield,Tottenham,0.0,4.0,A,0.0,3.0,N Swarbrick,6.0,14.0,1.0,7.0,4.0,7.0,7.0,4.0,1.0,1.0,0.0,0.0,8.5,4.75,1.36,9.54,5.0,1.4,9.0,4.92,1.42,8.47,4.7,1.39
1203,2017/18,2017-09-30,Man United,Crystal Palace,4.0,0.0,H,2.0,0.0,M Dean,18.0,6.0,7.0,1.0,6.0,5.0,6.0,9.0,0.0,0.0,0.0,0.0,1.17,7.0,15.0,1.19,7.9,19.0,1.2,7.8,17.0,1.17,7.29,17.9
1204,2017/18,2017-09-30,Stoke,Southampton,2.0,1.0,H,1.0,0.0,M Jones,17.0,21.0,6.0,3.0,5.0,6.0,11.0,10.0,1.0,2.0,0.0,0.0,2.88,3.2,2.45,3.06,3.38,2.52,2.95,3.32,2.63,2.9,3.22,2.51
1205,2017/18,2017-09-30,West Brom,Watford,2.0,2.0,D,2.0,1.0,M Oliver,9.0,15.0,4.0,3.0,7.0,6.0,12.0,11.0,3.0,0.0,0.0,0.0,2.15,3.2,3.5,2.33,3.13,3.69,2.17,3.32,3.87,2.24,3.14,3.49
1206,2017/18,2017-09-30,West Ham,Swansea,1.0,0.0,H,0.0,0.0,R East,9.0,6.0,4.0,1.0,2.0,1.0,15.0,13.0,3.0,2.0,0.0,0.0,1.8,3.5,4.5,1.9,3.49,4.84,1.84,3.64,4.94,1.86,3.46,4.47
1207,2017/18,2017-10-01,Arsenal,Brighton,2.0,0.0,H,1.0,0.0,K Friend,25.0,9.0,12.0,1.0,6.0,5.0,7.0,8.0,0.0,2.0,0.0,0.0,1.2,6.5,13.0,1.27,6.65,12.35,1.26,6.65,13.5,1.24,6.16,12.23
1208,2017/18,2017-10-01,Everton,Burnley,0.0,1.0,A,0.0,1.0,J Moss,23.0,5.0,4.0,2.0,9.0,3.0,14.0,7.0,2.0,2.0,0.0,0.0,1.67,3.6,5.75,1.68,3.81,6.2,1.71,3.77,5.75,1.65,3.71,5.74
1209,2017/18,2017-10-01,Newcastle,Liverpool,1.0,1.0,D,1.0,1.0,C Pawson,8.0,17.0,5.0,2.0,1.0,5.0,11.0,6.0,1.0,1.0,0.0,0.0,5.0,3.8,1.67,5.09,4.17,1.71,5.02,4.14,1.72,4.82,3.9,1.71
1210,2017/18,2017-10-14,Burnley,West Ham,1.0,1.0,D,0.0,1.0,S Attwell,20.0,8.0,5.0,6.0,7.0,4.0,11.0,14.0,2.0,2.0,0.0,1.0,2.75,3.25,2.8,2.8,3.23,2.83,3.08,3.3,2.51,2.67,3.18,2.78
1211,2017/18,2017-10-14,Crystal Palace,Chelsea,2.0,1.0,H,2.0,1.0,A Marriner,14.0,15.0,5.0,5.0,5.0,8.0,7.0,6.0,2.0,1.0,0.0,0.0,9.0,5.0,1.4,8.5,4.92,1.43,7.65,4.62,1.49,8.46,4.67,1.4
1212,2017/18,2017-10-14,Liverpool,Man United,0.0,0.0,D,0.0,0.0,M Atkinson,19.0,6.0,5.0,1.0,7.0,3.0,7.0,13.0,0.0,2.0,0.0,0.0,2.8,3.25,2.8,2.77,3.32,2.79,2.75,3.29,2.82,2.71,3.26,2.7
1213,2017/18,2017-10-14,Man City,Stoke,7.0,2.0,H,3.0,1.0,C Pawson,20.0,5.0,11.0,1.0,5.0,0.0,5.0,8.0,0.0,1.0,0.0,0.0,1.14,9.5,21.0,1.16,9.0,19.9,1.14,10.5,20.0,1.14,8.69,18.5
1214,2017/18,2017-10-14,Swansea,Huddersfield,2.0,0.0,H,1.0,0.0,P Tierney,7.0,7.0,3.0,2.0,5.0,3.0,12.0,16.0,1.0,5.0,0.0,0.0,2.2,3.25,3.75,2.21,3.16,3.98,2.09,3.32,4.16,2.15,3.13,3.78
1215,2017/18,2017-10-14,Tottenham,Bournemouth,1.0,0.0,H,0.0,0.0,R Madley,18.0,5.0,6.0,1.0,9.0,5.0,9.0,7.0,1.0,3.0,0.0,0.0,1.2,8.0,15.0,1.21,7.92,14.37,1.27,7.25,11.5,1.2,7.1,13.4
1216,2017/18,2017-10-14,Watford,Arsenal,2.0,1.0,H,0.0,1.0,N Swarbrick,11.0,9.0,2.0,6.0,2.0,5.0,8.0,10.0,1.0,0.0,0.0,0.0,5.25,4.33,1.65,5.49,4.37,1.64,5.0,4.2,1.72,5.17,4.18,1.63
1217,2017/18,2017-10-15,Brighton,Everton,1.0,1.0,D,0.0,0.0,M Oliver,12.0,13.0,3.0,6.0,7.0,1.0,12.0,10.0,4.0,1.0,0.0,0.0,3.25,3.3,2.4,3.22,3.18,2.53,3.24,3.15,2.57,3.19,3.14,2.41
1218,2017/18,2017-10-15,Southampton,Newcastle,2.0,2.0,D,0.0,1.0,K Friend,12.0,19.0,2.0,5.0,3.0,8.0,11.0,12.0,1.0,2.0,0.0,0.0,1.91,3.6,4.5,1.87,3.58,4.85,1.86,3.57,4.92,1.85,3.49,4.5
1219,2017/18,2017-10-16,Leicester,West Brom,1.0,1.0,D,0.0,0.0,M Dean,11.0,5.0,3.0,1.0,4.0,1.0,13.0,6.0,2.0,2.0,0.0,0.0,2.05,3.4,4.2,2.03,3.4,4.28,2.0,3.38,4.45,2.01,3.32,3.99
1220,2017/18,2017-10-20,West Ham,Brighton,0.0,3.0,A,0.0,2.0,M Atkinson,16.0,7.0,2.0,5.0,10.0,3.0,5.0,13.0,1.0,0.0,0.0,0.0,1.83,3.5,5.25,1.82,3.53,5.34,1.79,3.57,5.54,1.82,3.42,4.96
1221,2017/18,2017-10-21,Chelsea,Watford,4.0,2.0,H,1.0,1.0,J Moss,14.0,16.0,8.0,5.0,6.0,6.0,13.0,16.0,2.0,3.0,0.0,0.0,1.36,5.25,10.0,1.4,5.08,8.95,1.37,5.35,9.6,1.36,5.02,8.7
1222,2017/18,2017-10-21,Huddersfield,Man United,2.0,1.0,H,2.0,0.0,L Mason,5.0,9.0,3.0,3.0,4.0,7.0,10.0,12.0,4.0,2.0,0.0,0.0,11.0,5.0,1.36,11.73,5.12,1.35,9.75,4.9,1.4,10.29,4.87,1.34
1223,2017/18,2017-10-21,Man City,Burnley,3.0,0.0,H,1.0,0.0,R East,15.0,6.0,10.0,0.0,4.0,5.0,10.0,6.0,2.0,3.0,0.0,0.0,1.11,12.0,26.0,1.12,12.2,23.0,1.12,11.5,24.0,1.1,10.5,23.54
1224,2017/18,2017-10-21,Newcastle,Crystal Palace,1.0,0.0,H,0.0,0.0,S Attwell,7.0,10.0,3.0,0.0,3.0,5.0,12.0,14.0,4.0,2.0,0.0,0.0,2.0,3.5,4.2,1.98,3.58,4.24,1.88,3.65,4.64,1.97,3.41,4.05
1225,2017/18,2017-10-21,Southampton,West Brom,1.0,0.0,H,0.0,0.0,G Scott,20.0,7.0,6.0,2.0,8.0,3.0,10.0,8.0,0.0,1.0,0.0,0.0,1.85,3.39,5.25,1.82,3.47,5.49,1.9,3.31,5.19,1.81,3.37,5.04
1226,2017/18,2017-10-21,Stoke,Bournemouth,1.0,2.0,A,0.0,2.0,L Probert,10.0,7.0,2.0,3.0,8.0,3.0,17.0,10.0,0.0,1.0,0.0,0.0,2.14,3.5,3.6,2.21,3.44,3.61,2.16,3.55,3.62,2.15,3.38,3.48
1227,2017/18,2017-10-21,Swansea,Leicester,1.0,2.0,A,0.0,1.0,M Oliver,19.0,11.0,4.0,6.0,7.0,6.0,6.0,9.0,0.0,1.0,0.0,0.0,2.79,3.25,2.75,2.83,3.31,2.74,2.89,3.27,2.71,2.77,3.21,2.65
1228,2017/18,2017-10-22,Everton,Arsenal,2.0,5.0,A,1.0,1.0,C Pawson,8.0,30.0,3.0,14.0,0.0,7.0,14.0,14.0,1.0,1.0,1.0,0.0,3.79,3.6,2.04,3.84,3.71,2.04,4.7,3.88,1.82,3.77,3.52,2.01
1229,2017/18,2017-10-22,Tottenham,Liverpool,4.0,1.0,H,3.0,1.0,A Marriner,14.0,12.0,6.0,7.0,3.0,5.0,2.0,8.0,0.0,1.0,0.0,0.0,2.25,3.5,3.39,2.22,3.62,3.4,2.24,3.62,3.36,2.18,3.48,3.32
1230,2017/18,2017-10-28,Arsenal,Swansea,2.0,1.0,H,0.0,1.0,L Mason,17.0,4.0,5.0,2.0,5.0,2.0,9.0,9.0,0.0,0.0,0.0,0.0,1.25,7.0,12.0,1.24,7.35,13.5,1.2,8.3,15.0,1.22,6.7,12.66
1231,2017/18,2017-10-28,Bournemouth,Chelsea,0.0,1.0,A,0.0,0.0,C Pawson,7.0,18.0,1.0,5.0,5.0,5.0,5.0,5.0,2.0,0.0,0.0,0.0,6.0,4.2,1.61,5.59,4.29,1.65,6.2,4.4,1.58,5.35,4.14,1.62
1232,2017/18,2017-10-28,Crystal Palace,West Ham,2.0,2.0,D,0.0,2.0,R Madley,19.0,6.0,9.0,2.0,11.0,2.0,18.0,15.0,1.0,2.0,0.0,0.0,2.39,3.29,3.29,2.36,3.34,3.37,2.56,3.19,3.16,2.34,3.27,3.2
1233,2017/18,2017-10-28,Liverpool,Huddersfield,3.0,0.0,H,0.0,0.0,K Friend,16.0,1.0,8.0,0.0,9.0,2.0,10.0,8.0,0.0,1.0,0.0,0.0,1.25,6.75,13.0,1.25,6.7,14.0,1.25,6.7,14.0,1.24,6.33,12.15
1234,2017/18,2017-10-28,Man United,Tottenham,1.0,0.0,H,0.0,0.0,J Moss,11.0,13.0,3.0,4.0,6.0,3.0,12.0,14.0,1.0,0.0,0.0,0.0,2.14,3.39,3.79,2.23,3.38,3.62,2.1,3.43,3.96,2.16,3.3,3.6
1235,2017/18,2017-10-28,Watford,Stoke,0.0,1.0,A,0.0,1.0,M Oliver,13.0,6.0,0.0,2.0,8.0,1.0,10.0,9.0,4.0,4.0,0.0,0.0,2.04,3.6,3.79,2.04,3.69,3.86,2.02,3.57,4.07,2.03,3.52,3.71
1236,2017/18,2017-10-28,West Brom,Man City,2.0,3.0,A,1.0,2.0,M Jones,6.0,15.0,4.0,5.0,1.0,2.0,10.0,7.0,2.0,3.0,0.0,0.0,11.0,6.5,1.28,12.41,6.83,1.26,11.0,6.4,1.29,11.86,6.18,1.25
1237,2017/18,2017-10-29,Brighton,Southampton,1.0,1.0,D,0.0,1.0,N Swarbrick,7.0,6.0,2.0,1.0,2.0,7.0,9.0,10.0,3.0,1.0,0.0,0.0,3.29,3.2,2.45,3.35,3.23,2.43,3.42,3.29,2.36,3.21,3.13,2.4
1238,2017/18,2017-10-29,Leicester,Everton,2.0,0.0,H,2.0,0.0,A Marriner,9.0,16.0,3.0,2.0,3.0,10.0,6.0,10.0,0.0,2.0,0.0,0.0,2.14,3.39,3.75,2.16,3.47,3.71,2.08,3.45,4.0,2.13,3.37,3.53
1239,2017/18,2017-10-30,Burnley,Newcastle,1.0,0.0,H,0.0,0.0,M Dean,12.0,12.0,5.0,5.0,5.0,3.0,9.0,10.0,3.0,0.0,0.0,0.0,2.89,3.2,2.7,3.05,3.13,2.69,3.22,3.13,2.56,2.9,3.12,2.6
1240,2017/18,2017-11-04,Huddersfield,West Brom,1.0,0.0,H,1.0,0.0,R East,7.0,9.0,3.0,3.0,3.0,5.0,8.0,15.0,1.0,4.0,1.0,0.0,2.79,3.0,3.0,2.78,3.01,3.04,2.99,2.92,2.91,2.73,2.96,2.93
1241,2017/18,2017-11-04,Newcastle,Bournemouth,0.0,1.0,A,0.0,0.0,P Tierney,16.0,16.0,4.0,6.0,11.0,9.0,11.0,12.0,2.0,2.0,0.0,0.0,2.0,3.5,4.2,1.99,3.47,4.36,1.83,3.63,5.0,1.98,3.42,4.05
1242,2017/18,2017-11-04,Southampton,Burnley,0.0,1.0,A,0.0,0.0,L Probert,13.0,5.0,3.0,1.0,9.0,1.0,4.0,4.0,0.0,0.0,0.0,0.0,1.66,3.75,6.5,1.64,3.76,6.91,1.67,3.7,6.58,1.64,3.64,6.2
1243,2017/18,2017-11-04,Stoke,Leicester,2.0,2.0,D,1.0,1.0,R Madley,11.0,14.0,7.0,4.0,4.0,10.0,12.0,8.0,0.0,0.0,0.0,0.0,2.7,3.29,2.87,2.74,3.33,2.82,2.65,3.26,2.97,2.65,3.25,2.77
1244,2017/18,2017-11-04,Swansea,Brighton,0.0,1.0,A,0.0,1.0,M Dean,12.0,5.0,2.0,2.0,8.0,7.0,13.0,12.0,2.0,1.0,0.0,0.0,2.39,3.2,3.39,2.47,3.13,3.38,2.72,2.99,3.14,2.38,3.1,3.29
1245,2017/18,2017-11-04,West Ham,Liverpool,1.0,4.0,A,0.0,2.0,N Swarbrick,6.0,15.0,1.0,7.0,2.0,3.0,9.0,13.0,3.0,0.0,0.0,0.0,5.25,4.33,1.66,5.53,4.29,1.65,6.29,4.68,1.54,5.17,4.13,1.64
1246,2017/18,2017-11-05,Chelsea,Man United,1.0,0.0,H,0.0,0.0,A Taylor,18.0,10.0,8.0,2.0,4.0,7.0,16.0,20.0,1.0,3.0,0.0,0.0,2.5,3.2,3.2,2.54,3.22,3.17,2.62,3.1,3.16,2.47,3.15,3.07
1247,2017/18,2017-11-05,Everton,Watford,3.0,2.0,H,0.0,0.0,G Scott,10.0,11.0,5.0,3.0,2.0,5.0,14.0,12.0,0.0,2.0,0.0,0.0,2.2,3.39,3.6,2.21,3.38,3.67,2.27,3.3,3.61,2.16,3.34,3.52
1248,2017/18,2017-11-05,Man City,Arsenal,3.0,1.0,H,1.0,0.0,M Oliver,9.0,6.0,5.0,3.0,5.0,5.0,15.0,15.0,1.0,6.0,0.0,0.0,1.39,5.5,7.5,1.43,5.2,7.69,1.41,5.65,7.5,1.42,5.02,7.0
1249,2017/18,2017-11-05,Tottenham,Crystal Palace,1.0,0.0,H,0.0,0.0,K Friend,12.0,11.0,2.0,3.0,10.0,9.0,6.0,7.0,0.0,2.0,0.0,0.0,1.28,6.0,12.0,1.31,6.11,10.98,1.34,5.5,10.6,1.28,5.87,10.96
1250,2017/18,2017-11-18,Arsenal,Tottenham,2.0,0.0,H,2.0,0.0,M Dean,14.0,14.0,5.0,4.0,7.0,4.0,11.0,16.0,4.0,1.0,0.0,0.0,2.5,3.6,2.89,2.5,3.62,2.92,2.49,3.5,3.0,2.43,3.51,2.85
1251,2017/18,2017-11-18,Bournemouth,Huddersfield,4.0,0.0,H,2.0,0.0,L Probert,11.0,20.0,5.0,3.0,8.0,11.0,13.0,10.0,3.0,2.0,1.0,0.0,1.83,3.5,5.25,1.84,3.49,5.23,1.81,3.66,5.16,1.82,3.42,4.85
1252,2017/18,2017-11-18,Burnley,Swansea,2.0,0.0,H,2.0,0.0,M Atkinson,16.0,13.0,7.0,1.0,8.0,6.0,12.0,12.0,1.0,1.0,0.0,0.0,2.14,3.2,4.0,2.13,3.17,4.24,2.41,2.98,3.71,2.11,3.12,3.96
1253,2017/18,2017-11-18,Crystal Palace,Everton,2.0,2.0,D,2.0,2.0,A Taylor,16.0,8.0,7.0,5.0,9.0,4.0,9.0,26.0,2.0,3.0,0.0,0.0,2.39,3.25,3.29,2.37,3.3,3.4,2.24,3.25,3.75,2.36,3.21,3.2
1254,2017/18,2017-11-18,Leicester,Man City,0.0,2.0,A,0.0,1.0,G Scott,2.0,12.0,0.0,4.0,1.0,7.0,8.0,10.0,1.0,1.0,0.0,0.0,9.5,5.75,1.33,9.06,5.89,1.35,8.26,5.65,1.38,8.54,5.49,1.34
1255,2017/18,2017-11-18,Liverpool,Southampton,3.0,0.0,H,2.0,0.0,M Jones,21.0,5.0,8.0,0.0,10.0,2.0,15.0,9.0,1.0,1.0,0.0,0.0,1.39,5.0,9.0,1.41,5.14,8.67,1.42,5.07,8.47,1.39,4.87,8.29
1256,2017/18,2017-11-18,Man United,Newcastle,4.0,1.0,H,2.0,1.0,C Pawson,16.0,12.0,7.0,5.0,11.0,4.0,10.0,9.0,1.0,1.0,0.0,0.0,1.28,5.75,13.0,1.29,5.7,15.0,1.27,6.0,15.0,1.28,5.43,12.54
1257,2017/18,2017-11-18,West Brom,Chelsea,0.0,4.0,A,0.0,3.0,J Moss,7.0,11.0,2.0,7.0,3.0,4.0,13.0,12.0,2.0,3.0,0.0,0.0,6.5,4.0,1.61,6.46,4.09,1.61,6.92,4.36,1.55,6.13,3.89,1.6
1258,2017/18,2017-11-19,Watford,West Ham,2.0,0.0,H,1.0,0.0,A Marriner,17.0,10.0,7.0,6.0,3.0,1.0,13.0,10.0,1.0,4.0,0.0,0.0,2.1,3.5,3.75,2.13,3.5,3.79,2.32,3.26,3.54,2.1,3.42,3.61
1259,2017/18,2017-11-20,Brighton,Stoke,2.0,2.0,D,1.0,2.0,L Mason,9.0,13.0,3.0,6.0,6.0,7.0,13.0,5.0,1.0,0.0,0.0,0.0,2.39,3.2,3.39,2.38,3.16,3.52,2.41,3.19,3.42,2.38,3.11,3.27
1260,2017/18,2017-11-24,West Ham,Leicester,1.0,1.0,D,1.0,1.0,M Atkinson,8.0,7.0,4.0,2.0,5.0,5.0,9.0,12.0,1.0,1.0,0.0,0.0,2.7,3.39,2.75,2.74,3.32,2.82,2.89,3.27,2.71,2.71,3.29,2.7
1261,2017/18,2017-11-25,Crystal Palace,Stoke,2.0,1.0,H,0.0,0.0,M Dean,10.0,9.0,5.0,3.0,5.0,2.0,9.0,5.0,1.0,1.0,0.0,0.0,2.04,3.5,4.0,2.08,3.44,4.03,1.95,3.63,4.29,2.04,3.35,3.85
1262,2017/18,2017-11-25,Liverpool,Chelsea,1.0,1.0,D,0.0,0.0,M Oliver,16.0,11.0,4.0,3.0,7.0,8.0,10.0,7.0,0.0,0.0,0.0,0.0,2.14,3.6,3.5,2.12,3.68,3.62,2.21,3.59,3.45,2.12,3.5,3.46
1263,2017/18,2017-11-25,Man United,Brighton,1.0,0.0,H,0.0,0.0,N Swarbrick,15.0,8.0,4.0,2.0,5.0,0.0,9.0,9.0,0.0,2.0,0.0,0.0,1.19,7.0,19.0,1.19,7.42,20.97,1.2,7.45,19.0,1.19,6.72,18.1
1264,2017/18,2017-11-25,Newcastle,Watford,0.0,3.0,A,0.0,2.0,C Kavanagh,12.0,12.0,2.0,4.0,6.0,3.0,8.0,13.0,1.0,2.0,0.0,0.0,2.2,3.5,3.5,2.18,3.48,3.59,2.4,3.37,3.26,2.2,3.34,3.42
1265,2017/18,2017-11-25,Swansea,Bournemouth,0.0,0.0,D,0.0,0.0,S Attwell,10.0,9.0,1.0,5.0,4.0,5.0,18.0,6.0,4.0,2.0,0.0,0.0,2.79,3.25,2.79,2.83,3.27,2.77,3.01,3.3,2.6,2.75,3.18,2.71
1266,2017/18,2017-11-25,Tottenham,West Brom,1.0,1.0,D,0.0,1.0,M Jones,24.0,5.0,5.0,2.0,8.0,0.0,10.0,13.0,1.0,4.0,0.0,0.0,1.25,6.0,16.0,1.27,6.2,14.35,1.26,6.6,13.65,1.25,5.83,13.89
1267,2017/18,2017-11-26,Burnley,Arsenal,0.0,1.0,A,0.0,0.0,L Mason,8.0,17.0,2.0,2.0,5.0,5.0,8.0,14.0,2.0,0.0,0.0,0.0,6.5,4.5,1.53,5.89,4.47,1.6,6.25,4.2,1.61,5.83,4.24,1.57
1268,2017/18,2017-11-26,Huddersfield,Man City,1.0,2.0,A,1.0,0.0,C Pawson,4.0,14.0,0.0,5.0,3.0,7.0,10.0,10.0,2.0,3.0,1.0,0.0,17.0,8.0,1.18,15.5,8.24,1.2,17.0,8.3,1.19,15.71,7.29,1.18
1269,2017/18,2017-11-26,Southampton,Everton,4.0,1.0,H,1.0,1.0,K Friend,17.0,5.0,5.0,2.0,7.0,2.0,6.0,13.0,0.0,0.0,0.0,0.0,1.9,3.39,4.75,1.88,3.49,4.98,1.81,3.72,5.0,1.87,3.39,4.64
1270,2017/18,2017-11-28,Brighton,Crystal Palace,0.0,0.0,D,0.0,0.0,A Marriner,10.0,10.0,4.0,4.0,10.0,5.0,13.0,8.0,2.0,0.0,0.0,0.0,2.7,3.1,3.0,2.68,3.17,3.01,2.77,3.1,2.97,2.64,3.07,2.93
1271,2017/18,2017-11-28,Leicester,Tottenham,2.0,1.0,H,2.0,0.0,A Taylor,7.0,18.0,4.0,6.0,4.0,9.0,7.0,10.0,1.0,2.0,0.0,0.0,5.0,3.89,1.75,4.86,3.98,1.78,5.05,3.7,1.81,4.75,3.82,1.75
1272,2017/18,2017-11-28,Watford,Man United,2.0,4.0,A,0.0,3.0,J Moss,12.0,15.0,3.0,7.0,5.0,5.0,12.0,10.0,2.0,1.0,0.0,0.0,5.25,3.89,1.72,5.34,4.05,1.71,5.25,3.75,1.78,5.09,3.88,1.7
1273,2017/18,2017-11-28,West Brom,Newcastle,2.0,2.0,D,1.0,0.0,L Probert,8.0,14.0,4.0,4.0,1.0,6.0,13.0,12.0,0.0,0.0,0.0,0.0,2.37,3.1,3.5,2.37,3.21,3.49,2.47,3.1,3.41,2.35,3.12,3.35
1274,2017/18,2017-11-29,Arsenal,Huddersfield,5.0,0.0,H,1.0,0.0,G Scott,21.0,7.0,7.0,2.0,7.0,2.0,10.0,12.0,0.0,1.0,0.0,0.0,1.19,7.5,17.0,1.23,7.23,14.43,1.18,8.3,18.5,1.2,6.88,14.72
1275,2017/18,2017-11-29,Bournemouth,Burnley,1.0,2.0,A,0.0,1.0,R East,10.0,10.0,2.0,4.0,4.0,6.0,9.0,11.0,0.0,1.0,0.0,0.0,2.0,3.39,4.33,2.0,3.39,4.47,2.21,3.22,3.88,1.98,3.34,4.13
1276,2017/18,2017-11-29,Chelsea,Swansea,1.0,0.0,H,0.0,0.0,N Swarbrick,21.0,2.0,10.0,0.0,15.0,1.0,10.0,7.0,1.0,0.0,0.0,0.0,1.18,8.0,17.0,1.2,7.85,17.11,1.21,7.55,17.0,1.19,7.16,16.0
1277,2017/18,2017-11-29,Everton,West Ham,4.0,0.0,H,2.0,0.0,M Oliver,8.0,7.0,5.0,3.0,2.0,6.0,16.0,6.0,2.0,1.0,0.0,0.0,2.37,3.29,3.29,2.33,3.38,3.39,2.6,3.24,3.06,2.31,3.27,3.25
1278,2017/18,2017-11-29,Man City,Southampton,2.0,1.0,H,0.0,0.0,P Tierney,26.0,7.0,12.0,2.0,6.0,5.0,12.0,11.0,1.0,1.0,0.0,0.0,1.19,8.0,15.0,1.2,8.2,15.02,1.25,6.7,13.57,1.19,7.39,14.99
1279,2017/18,2017-11-29,Stoke,Liverpool,0.0,3.0,A,0.0,1.0,M Atkinson,10.0,14.0,1.0,7.0,5.0,9.0,8.0,10.0,1.0,5.0,0.0,0.0,6.5,4.5,1.55,6.45,4.69,1.53,6.21,4.58,1.56,6.01,4.41,1.53
1280,2017/18,2017-12-02,Arsenal,Man United,1.0,3.0,A,0.0,2.0,A Marriner,33.0,8.0,15.0,4.0,12.0,1.0,11.0,10.0,3.0,2.0,0.0,1.0,2.5,3.39,3.0,2.44,3.42,3.14,2.32,3.43,3.36,2.44,3.31,2.99
1281,2017/18,2017-12-02,Brighton,Liverpool,1.0,5.0,A,0.0,2.0,G Scott,6.0,12.0,2.0,6.0,2.0,2.0,8.0,7.0,1.0,0.0,0.0,0.0,7.5,4.5,1.5,7.58,4.55,1.5,7.25,4.39,1.53,6.92,4.34,1.49
1282,2017/18,2017-12-02,Chelsea,Newcastle,3.0,1.0,H,2.0,1.0,K Friend,23.0,8.0,9.0,2.0,11.0,4.0,8.0,13.0,0.0,1.0,0.0,0.0,1.25,6.5,15.0,1.26,6.45,14.0,1.24,6.65,16.5,1.25,6.04,12.95
1283,2017/18,2017-12-02,Everton,Huddersfield,2.0,0.0,H,0.0,0.0,C Kavanagh,6.0,5.0,4.0,3.0,2.0,5.0,12.0,9.0,2.0,1.0,0.0,0.0,1.72,3.79,5.5,1.72,3.82,5.63,1.86,3.52,5.01,1.71,3.68,5.3
1284,2017/18,2017-12-02,Leicester,Burnley,1.0,0.0,H,1.0,0.0,P Tierney,16.0,14.0,3.0,4.0,10.0,7.0,3.0,11.0,0.0,2.0,0.0,0.0,1.83,3.6,5.0,1.83,3.64,5.05,2.1,3.27,4.2,1.8,3.54,4.77
1285,2017/18,2017-12-02,Stoke,Swansea,2.0,1.0,H,2.0,1.0,C Pawson,10.0,10.0,3.0,3.0,2.0,6.0,12.0,10.0,2.0,0.0,0.0,0.0,1.95,3.39,4.5,1.96,3.41,4.61,1.81,3.68,5.13,1.93,3.34,4.36
1286,2017/18,2017-12-02,Watford,Tottenham,1.0,1.0,D,1.0,1.0,M Atkinson,6.0,8.0,2.0,2.0,7.0,2.0,16.0,8.0,4.0,1.0,0.0,1.0,5.0,4.0,1.72,5.14,4.18,1.7,5.26,4.44,1.65,4.9,3.93,1.7
1287,2017/18,2017-12-02,West Brom,Crystal Palace,0.0,0.0,D,0.0,0.0,M Oliver,20.0,10.0,6.0,2.0,3.0,7.0,11.0,10.0,3.0,1.0,0.0,0.0,2.5,3.2,3.2,2.52,3.17,3.25,2.73,3.1,3.02,2.47,3.1,3.12
1288,2017/18,2017-12-03,Bournemouth,Southampton,1.0,1.0,D,1.0,0.0,J Moss,16.0,15.0,5.0,4.0,5.0,4.0,6.0,12.0,2.0,1.0,0.0,0.0,2.89,3.25,2.39,3.16,3.22,2.54,3.62,3.29,2.27,2.98,3.17,2.51
1289,2017/18,2017-12-03,Man City,West Ham,2.0,1.0,H,0.0,1.0,M Dean,24.0,7.0,8.0,4.0,10.0,4.0,5.0,7.0,2.0,2.0,0.0,0.0,1.08,11.0,21.0,1.12,13.0,19.5,1.11,12.5,26.0,1.1,10.73,22.34
1290,2017/18,2017-12-09,Burnley,Watford,1.0,0.0,H,1.0,0.0,L Probert,8.0,11.0,5.0,2.0,3.0,5.0,10.0,12.0,1.0,0.0,0.0,1.0,2.6,3.25,3.0,2.62,3.26,3.03,2.85,3.23,2.78,2.53,3.18,2.98
1291,2017/18,2017-12-09,Crystal Palace,Bournemouth,2.0,2.0,D,2.0,2.0,K Friend,24.0,11.0,8.0,5.0,6.0,3.0,14.0,14.0,5.0,2.0,0.0,0.0,2.04,3.5,4.0,2.04,3.47,4.16,1.97,3.62,4.23,2.01,3.41,3.89
1292,2017/18,2017-12-09,Huddersfield,Brighton,2.0,0.0,H,2.0,0.0,S Attwell,19.0,7.0,6.0,2.0,8.0,1.0,6.0,10.0,0.0,0.0,0.0,0.0,2.7,3.1,3.0,2.69,3.02,3.15,2.73,2.91,3.22,2.63,2.97,3.04
1293,2017/18,2017-12-09,Newcastle,Leicester,2.0,3.0,A,1.0,1.0,N Swarbrick,10.0,13.0,4.0,5.0,6.0,5.0,10.0,9.0,2.0,1.0,0.0,0.0,2.62,3.29,2.89,2.64,3.32,2.95,2.61,3.27,3.02,2.58,3.24,2.85
1294,2017/18,2017-12-09,Swansea,West Brom,1.0,0.0,H,0.0,0.0,M Dean,18.0,7.0,3.0,1.0,6.0,3.0,8.0,18.0,2.0,5.0,0.0,0.0,2.7,3.1,3.0,2.74,3.04,3.08,2.84,2.96,3.03,2.65,2.99,2.99
1295,2017/18,2017-12-09,Tottenham,Stoke,5.0,1.0,H,1.0,0.0,R East,20.0,4.0,11.0,3.0,12.0,6.0,12.0,9.0,1.0,0.0,0.0,0.0,1.28,6.5,11.0,1.3,6.24,10.68,1.28,6.45,11.7,1.28,5.93,10.61
1296,2017/18,2017-12-09,West Ham,Chelsea,1.0,0.0,H,1.0,0.0,A Taylor,5.0,19.0,2.0,2.0,4.0,3.0,10.0,10.0,6.0,1.0,0.0,0.0,7.5,4.5,1.5,7.45,4.67,1.49,7.55,4.68,1.48,6.98,4.4,1.49
1297,2017/18,2017-12-10,Liverpool,Everton,1.0,1.0,D,1.0,0.0,C Pawson,23.0,3.0,3.0,2.0,12.0,1.0,8.0,11.0,1.0,3.0,0.0,0.0,1.3,6.0,11.0,1.29,6.28,11.6,1.37,5.25,9.95,1.29,5.77,10.37
1298,2017/18,2017-12-10,Man United,Man City,1.0,2.0,A,1.0,1.0,M Oliver,8.0,14.0,5.0,7.0,2.0,8.0,16.0,10.0,4.0,2.0,0.0,0.0,3.39,3.5,2.25,3.44,3.56,2.23,3.42,3.57,2.23,3.32,3.45,2.2
1299,2017/18,2017-12-10,Southampton,Arsenal,1.0,1.0,D,1.0,0.0,R Madley,6.0,11.0,3.0,6.0,4.0,5.0,12.0,10.0,2.0,2.0,0.0,0.0,4.0,3.75,1.95,3.85,3.79,2.01,4.2,3.8,1.93,3.85,3.6,1.95
1300,2017/18,2017-12-12,Burnley,Stoke,1.0,0.0,H,0.0,0.0,M Jones,10.0,14.0,2.0,7.0,6.0,4.0,6.0,14.0,0.0,0.0,0.0,0.0,2.29,3.2,3.6,2.3,3.25,3.6,2.4,3.23,3.4,2.26,3.17,3.48
1301,2017/18,2017-12-12,Crystal Palace,Watford,2.0,1.0,H,0.0,1.0,L Mason,14.0,7.0,4.0,2.0,4.0,6.0,14.0,18.0,2.0,1.0,0.0,1.0,2.29,3.5,3.25,2.29,3.51,3.34,2.27,3.53,3.39,2.26,3.45,3.21
1302,2017/18,2017-12-12,Huddersfield,Chelsea,1.0,3.0,A,0.0,2.0,A Marriner,7.0,12.0,2.0,5.0,1.0,3.0,11.0,4.0,0.0,0.0,0.0,0.0,9.0,4.5,1.44,8.36,4.68,1.46,9.21,4.48,1.45,8.31,4.43,1.44
1303,2017/18,2017-12-13,Liverpool,West Brom,0.0,0.0,D,0.0,0.0,P Tierney,14.0,6.0,5.0,1.0,5.0,7.0,16.0,6.0,1.0,0.0,0.0,0.0,1.22,7.0,15.0,1.23,7.25,14.75,1.21,7.8,15.75,1.21,6.69,13.99
1304,2017/18,2017-12-13,Man United,Bournemouth,1.0,0.0,H,1.0,0.0,G Scott,9.0,14.0,2.0,7.0,4.0,9.0,14.0,12.0,1.0,2.0,0.0,0.0,1.28,6.0,12.0,1.29,6.26,11.64,1.3,6.2,11.05,1.28,5.75,11.73
1305,2017/18,2017-12-13,Newcastle,Everton,0.0,1.0,A,0.0,1.0,M Atkinson,16.0,7.0,4.0,4.0,4.0,1.0,10.0,11.0,1.0,2.0,1.0,0.0,2.39,3.29,3.25,2.41,3.29,3.32,2.19,3.32,3.81,2.38,3.25,3.17
1306,2017/18,2017-12-13,Southampton,Leicester,1.0,4.0,A,0.0,3.0,C Kavanagh,12.0,16.0,4.0,11.0,9.0,9.0,13.0,9.0,1.0,0.0,0.0,0.0,2.1,3.39,3.89,2.1,3.45,3.95,1.94,3.49,4.56,2.06,3.39,3.78
1307,2017/18,2017-12-13,Swansea,Man City,0.0,4.0,A,0.0,2.0,A Taylor,7.0,23.0,3.0,10.0,2.0,5.0,12.0,6.0,0.0,0.0,0.0,0.0,15.0,6.5,1.25,13.5,6.85,1.25,13.0,7.15,1.24,13.07,6.23,1.24
1308,2017/18,2017-12-13,Tottenham,Brighton,2.0,0.0,H,1.0,0.0,R Madley,25.0,7.0,8.0,4.0,10.0,2.0,5.0,10.0,1.0,1.0,0.0,0.0,1.25,6.5,15.0,1.25,6.8,13.55,1.22,7.2,16.5,1.24,6.18,13.29
1309,2017/18,2017-12-13,West Ham,Arsenal,0.0,0.0,D,0.0,0.0,J Moss,6.0,22.0,0.0,3.0,1.0,7.0,9.0,9.0,1.0,0.0,0.0,0.0,5.25,4.2,1.66,5.36,4.44,1.65,5.45,4.26,1.66,5.26,4.15,1.64
1310,2017/18,2017-12-16,Arsenal,Newcastle,1.0,0.0,H,1.0,0.0,S Attwell,23.0,10.0,5.0,2.0,7.0,5.0,13.0,9.0,2.0,1.0,0.0,0.0,1.25,6.5,14.0,1.27,6.8,11.75,1.26,6.9,12.45,1.25,6.15,12.08
1311,2017/18,2017-12-16,Brighton,Burnley,0.0,0.0,D,0.0,0.0,C Kavanagh,12.0,11.0,2.0,6.0,8.0,2.0,13.0,13.0,4.0,2.0,0.0,0.0,2.62,3.0,3.2,2.62,2.95,3.34,2.5,2.89,3.64,2.56,2.93,3.2
1312,2017/18,2017-12-16,Chelsea,Southampton,1.0,0.0,H,1.0,0.0,R East,24.0,6.0,8.0,2.0,8.0,4.0,8.0,16.0,1.0,3.0,0.0,0.0,1.39,5.0,9.0,1.41,5.1,8.78,1.4,5.09,9.0,1.38,4.86,8.55
1313,2017/18,2017-12-16,Leicester,Crystal Palace,0.0,3.0,A,0.0,2.0,M Atkinson,11.0,13.0,2.0,6.0,6.0,4.0,12.0,13.0,2.0,2.0,1.0,0.0,1.89,3.6,4.5,1.88,3.7,4.55,1.77,3.85,5.1,1.88,3.57,4.34
1314,2017/18,2017-12-16,Man City,Tottenham,4.0,1.0,H,1.0,0.0,C Pawson,20.0,7.0,11.0,2.0,5.0,1.0,13.0,20.0,2.0,4.0,0.0,0.0,1.55,4.59,6.0,1.57,4.6,6.0,1.64,4.41,5.41,1.54,4.45,5.8
1315,2017/18,2017-12-16,Stoke,West Ham,0.0,3.0,A,0.0,1.0,G Scott,17.0,14.0,0.0,7.0,7.0,9.0,12.0,13.0,2.0,1.0,0.0,0.0,2.29,3.29,3.5,2.31,3.35,3.46,2.46,3.26,3.26,2.26,3.28,3.38
1316,2017/18,2017-12-16,Watford,Huddersfield,1.0,4.0,A,0.0,2.0,M Oliver,13.0,15.0,3.0,9.0,8.0,7.0,12.0,17.0,2.0,1.0,1.0,1.0,1.8,3.75,5.0,1.79,3.78,5.08,1.73,3.83,5.5,1.76,3.67,4.87
1317,2017/18,2017-12-17,Bournemouth,Liverpool,0.0,4.0,A,0.0,3.0,A Marriner,6.0,21.0,2.0,7.0,2.0,3.0,5.0,10.0,1.0,1.0,0.0,0.0,6.5,4.5,1.53,6.65,4.81,1.51,7.35,5.25,1.44,6.27,4.52,1.5
1318,2017/18,2017-12-17,West Brom,Man United,1.0,2.0,A,0.0,2.0,A Taylor,12.0,8.0,5.0,3.0,6.0,3.0,14.0,7.0,1.0,3.0,0.0,0.0,6.5,4.0,1.6,6.35,4.09,1.62,6.0,3.75,1.7,6.11,3.9,1.6
1319,2017/18,2017-12-18,Everton,Swansea,3.0,1.0,H,1.0,1.0,J Moss,12.0,8.0,7.0,3.0,6.0,3.0,12.0,12.0,2.0,3.0,0.0,0.0,1.72,3.75,5.5,1.78,3.64,5.48,1.8,3.52,5.53,1.72,3.61,5.3
1320,2017/18,2017-12-22,Arsenal,Liverpool,3.0,3.0,D,0.0,1.0,M Atkinson,11.0,14.0,4.0,9.0,7.0,8.0,9.0,11.0,1.0,0.0,0.0,0.0,2.54,3.6,2.79,2.51,3.71,2.84,2.68,3.69,2.66,2.47,3.61,2.8
1321,2017/18,2017-12-23,Brighton,Watford,1.0,0.0,H,0.0,0.0,P Tierney,14.0,13.0,3.0,1.0,6.0,4.0,8.0,11.0,0.0,0.0,0.0,0.0,2.62,3.2,3.0,2.67,3.2,3.0,2.71,3.2,2.95,2.6,3.14,2.93
1322,2017/18,2017-12-23,Burnley,Tottenham,0.0,3.0,A,0.0,1.0,M Oliver,5.0,18.0,2.0,8.0,4.0,4.0,10.0,10.0,1.0,2.0,0.0,0.0,7.0,4.2,1.55,7.05,4.35,1.54,6.8,4.29,1.56,6.73,4.08,1.53
1323,2017/18,2017-12-23,Everton,Chelsea,0.0,0.0,D,0.0,0.0,R Madley,5.0,25.0,0.0,8.0,2.0,7.0,8.0,4.0,3.0,0.0,0.0,0.0,6.0,3.89,1.66,5.96,3.98,1.67,7.16,4.13,1.56,5.68,3.83,1.65
1324,2017/18,2017-12-23,Leicester,Man United,2.0,2.0,D,1.0,1.0,J Moss,11.0,19.0,3.0,6.0,4.0,6.0,19.0,8.0,2.0,2.0,1.0,0.0,4.5,3.6,1.9,4.4,3.71,1.91,4.27,3.67,1.95,4.29,3.6,1.87
1325,2017/18,2017-12-23,Man City,Bournemouth,4.0,0.0,H,1.0,0.0,M Jones,14.0,5.0,5.0,1.0,4.0,6.0,8.0,7.0,0.0,1.0,0.0,0.0,1.12,11.0,23.0,1.11,12.57,23.05,1.09,15.0,27.0,1.1,10.56,23.69
1326,2017/18,2017-12-23,Southampton,Huddersfield,1.0,1.0,D,1.0,0.0,L Probert,12.0,10.0,6.0,3.0,9.0,1.0,16.0,9.0,2.0,1.0,0.0,0.0,1.61,3.89,6.5,1.59,4.03,7.0,1.67,3.9,6.1,1.6,3.88,6.26
1327,2017/18,2017-12-23,Stoke,West Brom,3.0,1.0,H,2.0,0.0,N Swarbrick,9.0,17.0,5.0,7.0,1.0,11.0,9.0,11.0,1.0,0.0,0.0,0.0,2.29,3.25,3.5,2.34,3.21,3.55,2.37,3.17,3.53,2.29,3.18,3.41
1328,2017/18,2017-12-23,Swansea,Crystal Palace,1.0,1.0,D,0.0,0.0,C Pawson,7.0,13.0,2.0,5.0,6.0,3.0,13.0,11.0,2.0,3.0,0.0,0.0,3.29,3.2,2.45,3.34,3.27,2.41,3.4,3.32,2.35,3.24,3.13,2.4
1329,2017/18,2017-12-23,West Ham,Newcastle,2.0,3.0,A,1.0,1.0,L Mason,19.0,11.0,6.0,4.0,6.0,3.0,9.0,12.0,1.0,1.0,0.0,0.0,2.1,3.39,3.89,2.13,3.43,3.86,1.97,3.48,4.43,2.11,3.31,3.73
1330,2017/18,2017-12-26,Bournemouth,West Ham,3.0,3.0,D,1.0,1.0,S Attwell,26.0,10.0,10.0,5.0,7.0,4.0,12.0,14.0,3.0,4.0,0.0,0.0,2.79,3.29,2.75,2.8,3.25,2.81,2.56,3.22,3.13,2.74,3.23,2.7
1331,2017/18,2017-12-26,Chelsea,Brighton,2.0,0.0,H,0.0,0.0,M Dean,25.0,8.0,8.0,1.0,13.0,1.0,8.0,8.0,0.0,1.0,0.0,0.0,1.19,7.5,17.0,1.21,7.25,17.45,1.17,8.4,21.5,1.2,6.9,16.27
1332,2017/18,2017-12-26,Huddersfield,Stoke,1.0,1.0,D,1.0,0.0,A Taylor,18.0,15.0,8.0,7.0,8.0,5.0,9.0,12.0,2.0,4.0,0.0,0.0,2.5,3.2,3.2,2.51,3.27,3.17,2.35,3.23,3.51,2.49,3.15,3.07
1333,2017/18,2017-12-26,Liverpool,Swansea,5.0,0.0,H,1.0,0.0,K Friend,22.0,7.0,9.0,4.0,4.0,2.0,5.0,8.0,0.0,1.0,0.0,0.0,1.16,9.0,19.0,1.16,9.12,21.04,1.14,10.5,21.0,1.16,8.14,17.92
1334,2017/18,2017-12-26,Man United,Burnley,2.0,2.0,D,0.0,2.0,M Atkinson,23.0,3.0,6.0,2.0,12.0,2.0,10.0,14.0,3.0,7.0,0.0,0.0,1.25,6.5,15.0,1.24,6.67,15.84,1.26,6.3,14.5,1.24,6.01,13.97
1335,2017/18,2017-12-26,Tottenham,Southampton,5.0,2.0,H,2.0,0.0,G Scott,16.0,16.0,7.0,6.0,3.0,8.0,8.0,15.0,0.0,2.0,0.0,0.0,1.36,5.25,10.0,1.38,5.43,8.97,1.33,5.8,10.2,1.36,5.07,9.24
1336,2017/18,2017-12-26,Watford,Leicester,2.0,1.0,H,1.0,1.0,C Kavanagh,11.0,11.0,1.0,5.0,8.0,8.0,7.0,13.0,3.0,3.0,0.0,0.0,2.54,3.5,2.87,2.57,3.47,2.92,2.7,3.46,2.78,2.5,3.42,2.82
1337,2017/18,2017-12-26,West Brom,Everton,0.0,0.0,D,0.0,0.0,R East,17.0,7.0,3.0,3.0,10.0,2.0,14.0,13.0,2.0,0.0,0.0,0.0,2.54,3.2,3.1,2.47,3.22,3.28,2.25,3.16,3.85,2.47,3.12,3.13
1338,2017/18,2017-12-27,Newcastle,Man City,0.0,1.0,A,0.0,1.0,A Marriner,6.0,22.0,2.0,6.0,3.0,8.0,11.0,6.0,1.0,0.0,0.0,0.0,13.0,6.75,1.25,12.6,6.95,1.26,13.0,7.25,1.24,12.97,6.41,1.23
1339,2017/18,2017-12-28,Crystal Palace,Arsenal,2.0,3.0,A,0.0,1.0,M Oliver,16.0,16.0,2.0,9.0,5.0,4.0,12.0,7.0,0.0,1.0,0.0,0.0,4.5,4.0,1.8,4.54,4.0,1.8,4.82,4.33,1.72,4.47,3.88,1.77
1340,2017/18,2017-12-30,Bournemouth,Everton,2.0,1.0,H,1.0,0.0,L Probert,19.0,6.0,7.0,1.0,4.0,4.0,8.0,13.0,0.0,0.0,0.0,0.0,2.37,3.29,3.29,2.33,3.38,3.39,2.36,3.13,3.6,2.35,3.26,3.19
1341,2017/18,2017-12-30,Chelsea,Stoke,5.0,0.0,H,3.0,0.0,K Friend,21.0,1.0,12.0,1.0,7.0,0.0,5.0,10.0,1.0,1.0,0.0,0.0,1.16,8.5,19.0,1.18,8.01,20.06,1.15,9.75,21.0,1.17,7.45,17.16
1342,2017/18,2017-12-30,Huddersfield,Burnley,0.0,0.0,D,0.0,0.0,P Tierney,3.0,11.0,1.0,4.0,5.0,4.0,14.0,14.0,2.0,1.0,0.0,0.0,2.37,3.1,3.5,2.32,3.16,3.67,2.44,3.03,3.58,2.35,3.05,3.42
1343,2017/18,2017-12-30,Liverpool,Leicester,2.0,1.0,H,0.0,1.0,N Swarbrick,17.0,7.0,6.0,1.0,7.0,1.0,7.0,3.0,3.0,2.0,0.0,0.0,1.3,6.0,11.0,1.32,6.27,9.97,1.27,7.1,11.0,1.3,5.8,9.48
1344,2017/18,2017-12-30,Man United,Southampton,0.0,0.0,D,0.0,0.0,C Pawson,15.0,8.0,3.0,3.0,10.0,7.0,12.0,13.0,2.0,4.0,0.0,0.0,1.36,5.5,9.0,1.36,5.35,10.1,1.36,5.3,10.5,1.36,5.01,9.21
1345,2017/18,2017-12-30,Newcastle,Brighton,0.0,0.0,D,0.0,0.0,A Taylor,11.0,10.0,2.0,3.0,3.0,6.0,11.0,10.0,2.0,2.0,0.0,0.0,2.14,3.2,4.0,2.15,3.22,4.1,2.16,3.22,4.05,2.12,3.19,3.82
1346,2017/18,2017-12-30,Watford,Swansea,1.0,2.0,A,1.0,0.0,M Atkinson,9.0,9.0,4.0,4.0,1.0,8.0,14.0,13.0,4.0,2.0,0.0,0.0,1.66,3.79,6.0,1.7,3.85,5.81,1.85,3.57,5.01,1.69,3.69,5.39
1347,2017/18,2017-12-31,Crystal Palace,Man City,0.0,0.0,D,0.0,0.0,J Moss,10.0,15.0,1.0,4.0,7.0,8.0,14.0,11.0,5.0,4.0,0.0,0.0,11.0,6.5,1.28,12.96,6.73,1.26,10.85,5.8,1.32,11.16,6.18,1.26
1348,2017/18,2017-12-31,West Brom,Arsenal,1.0,1.0,D,0.0,0.0,M Dean,14.0,14.0,3.0,4.0,5.0,6.0,14.0,9.0,3.0,3.0,0.0,0.0,5.0,4.0,1.72,5.39,4.06,1.7,5.7,4.19,1.65,4.83,3.85,1.72
1349,2017/18,2018-01-01,Brighton,Bournemouth,2.0,2.0,D,1.0,1.0,M Oliver,15.0,26.0,6.0,8.0,5.0,12.0,13.0,9.0,2.0,1.0,0.0,0.0,2.37,3.2,3.39,2.46,3.11,3.44,2.47,3.05,3.48,2.39,3.1,3.29
1350,2017/18,2018-01-01,Burnley,Liverpool,1.0,2.0,A,0.0,0.0,R East,13.0,19.0,4.0,5.0,3.0,9.0,4.0,12.0,0.0,0.0,0.0,0.0,7.5,4.5,1.5,7.31,4.45,1.52,6.6,3.8,1.65,6.96,4.31,1.5
1351,2017/18,2018-01-01,Everton,Man United,0.0,2.0,A,0.0,0.0,A Marriner,12.0,21.0,0.0,6.0,6.0,6.0,11.0,10.0,2.0,0.0,0.0,0.0,5.5,3.5,1.8,5.49,3.59,1.79,5.6,3.89,1.71,5.17,3.49,1.78
1352,2017/18,2018-01-01,Leicester,Huddersfield,3.0,0.0,H,0.0,0.0,G Scott,11.0,6.0,5.0,1.0,4.0,1.0,7.0,9.0,1.0,1.0,0.0,0.0,1.66,3.79,6.0,1.65,4.08,6.01,1.83,3.52,5.23,1.65,3.85,5.63
1353,2017/18,2018-01-01,Stoke,Newcastle,0.0,1.0,A,0.0,0.0,C Kavanagh,11.0,14.0,4.0,6.0,10.0,5.0,10.0,11.0,3.0,1.0,0.0,0.0,2.29,3.29,3.5,2.36,3.26,3.44,2.31,3.28,3.54,2.3,3.28,3.28
1354,2017/18,2018-01-02,Man City,Watford,3.0,1.0,H,2.0,0.0,L Mason,17.0,7.0,7.0,4.0,9.0,1.0,8.0,12.0,1.0,1.0,0.0,0.0,1.12,8.5,19.0,1.18,8.7,16.95,1.13,10.8,21.5,1.16,8.1,17.55
1355,2017/18,2018-01-02,Southampton,Crystal Palace,1.0,2.0,A,1.0,0.0,S Attwell,10.0,11.0,3.0,4.0,4.0,7.0,8.0,11.0,0.0,1.0,0.0,0.0,1.9,3.39,4.0,2.05,3.43,4.16,2.07,3.37,4.16,1.98,3.42,3.99
1356,2017/18,2018-01-02,Swansea,Tottenham,0.0,2.0,A,0.0,1.0,R Madley,8.0,12.0,1.0,5.0,6.0,5.0,12.0,9.0,2.0,2.0,0.0,0.0,12.0,4.75,1.3,10.54,5.51,1.34,8.02,4.51,1.48,10.32,5.22,1.32
1357,2017/18,2018-01-02,West Ham,West Brom,2.0,1.0,H,0.0,1.0,M Jones,13.0,10.0,5.0,3.0,3.0,4.0,12.0,12.0,3.0,2.0,0.0,0.0,1.9,3.39,4.09,1.98,3.41,4.51,2.19,3.21,3.98,1.94,3.33,4.24
1358,2017/18,2018-01-03,Arsenal,Chelsea,2.0,2.0,D,0.0,0.0,A Taylor,14.0,19.0,6.0,6.0,10.0,8.0,11.0,11.0,3.0,2.0,0.0,0.0,2.6,3.39,2.6,2.8,3.51,2.64,3.32,3.42,2.34,2.68,3.4,2.62
1359,2017/18,2018-01-04,Tottenham,West Ham,1.0,1.0,D,0.0,0.0,M Dean,31.0,3.0,8.0,1.0,7.0,1.0,10.0,6.0,0.0,2.0,0.0,0.0,1.25,6.0,10.0,1.26,6.25,12.7,1.29,6.1,12.2,1.28,5.86,10.66
1360,2017/18,2018-01-13,Chelsea,Leicester,0.0,0.0,D,0.0,0.0,M Jones,17.0,14.0,7.0,1.0,6.0,3.0,14.0,13.0,2.0,2.0,0.0,1.0,1.3,5.75,12.0,1.3,5.95,11.85,1.3,5.72,13.0,1.29,5.65,10.82
1361,2017/18,2018-01-13,Crystal Palace,Burnley,1.0,0.0,H,1.0,0.0,M Oliver,17.0,8.0,2.0,2.0,3.0,2.0,16.0,10.0,0.0,3.0,0.0,0.0,2.0,3.29,4.5,2.02,3.3,4.51,2.18,3.22,3.98,2.01,3.25,4.18
1362,2017/18,2018-01-13,Huddersfield,West Ham,1.0,4.0,A,1.0,1.0,J Moss,8.0,8.0,2.0,6.0,7.0,3.0,7.0,9.0,1.0,1.0,0.0,0.0,2.62,3.1,3.1,2.67,3.14,3.06,2.94,3.11,2.79,2.64,3.05,2.96
1363,2017/18,2018-01-13,Newcastle,Swansea,1.0,1.0,D,0.0,0.0,G Scott,12.0,8.0,4.0,5.0,4.0,5.0,11.0,10.0,0.0,3.0,0.0,0.0,1.95,3.39,4.5,1.99,3.38,4.5,1.76,3.75,5.4,1.94,3.31,4.38
1364,2017/18,2018-01-13,Tottenham,Everton,4.0,0.0,H,1.0,0.0,C Pawson,20.0,7.0,10.0,0.0,3.0,3.0,11.0,15.0,0.0,2.0,0.0,0.0,1.28,6.0,13.0,1.28,6.02,13.69,1.28,6.12,12.61,1.28,5.67,12.11
1365,2017/18,2018-01-13,Watford,Southampton,2.0,2.0,D,0.0,2.0,R East,16.0,10.0,4.0,4.0,5.0,4.0,11.0,13.0,0.0,5.0,0.0,0.0,2.5,3.39,3.0,2.5,3.48,3.01,2.79,3.35,2.75,2.46,3.33,2.94
1366,2017/18,2018-01-13,West Brom,Brighton,2.0,0.0,H,1.0,0.0,M Atkinson,15.0,13.0,4.0,1.0,9.0,6.0,8.0,15.0,0.0,0.0,0.0,0.0,2.14,3.0,4.33,2.16,3.08,4.31,2.17,3.14,4.15,2.12,3.0,4.14
1367,2017/18,2018-01-14,Bournemouth,Arsenal,2.0,1.0,H,0.0,0.0,K Friend,13.0,12.0,5.0,3.0,4.0,5.0,8.0,10.0,2.0,2.0,0.0,0.0,4.75,4.2,1.75,4.63,4.22,1.76,3.81,3.61,2.08,4.49,4.02,1.73
1368,2017/18,2018-01-14,Liverpool,Man City,4.0,3.0,H,1.0,1.0,A Marriner,16.0,11.0,7.0,4.0,5.0,6.0,10.0,7.0,2.0,3.0,0.0,0.0,3.1,3.75,2.29,3.07,3.75,2.34,3.22,3.62,2.31,3.03,3.6,2.27
1369,2017/18,2018-01-15,Man United,Stoke,3.0,0.0,H,2.0,0.0,A Taylor,20.0,11.0,9.0,5.0,6.0,1.0,14.0,10.0,2.0,1.0,0.0,0.0,1.22,7.0,15.0,1.23,7.22,15.23,1.22,7.2,15.8,1.22,6.58,13.77
1370,2017/18,2018-01-20,Arsenal,Crystal Palace,4.0,1.0,H,4.0,0.0,C Kavanagh,16.0,9.0,10.0,5.0,5.0,10.0,6.0,8.0,0.0,0.0,0.0,0.0,1.5,4.75,7.0,1.49,4.73,7.19,1.44,4.97,7.85,1.5,4.46,6.55
1371,2017/18,2018-01-20,Brighton,Chelsea,0.0,4.0,A,0.0,2.0,J Moss,10.0,14.0,3.0,10.0,5.0,3.0,12.0,5.0,3.0,0.0,0.0,0.0,6.5,3.89,1.61,6.33,3.9,1.65,7.0,3.85,1.62,6.17,3.76,1.62
1372,2017/18,2018-01-20,Burnley,Man United,0.0,1.0,A,0.0,0.0,M Dean,13.0,12.0,2.0,2.0,5.0,4.0,7.0,12.0,3.0,3.0,0.0,0.0,7.5,3.89,1.57,6.98,3.95,1.6,7.5,4.05,1.56,6.64,3.82,1.58
1373,2017/18,2018-01-20,Everton,West Brom,1.0,1.0,D,0.0,1.0,S Attwell,9.0,15.0,4.0,5.0,0.0,3.0,15.0,10.0,2.0,1.0,0.0,0.0,2.14,3.2,4.0,2.16,3.3,3.93,2.59,2.97,3.37,2.14,3.14,3.82
1374,2017/18,2018-01-20,Leicester,Watford,2.0,0.0,H,1.0,0.0,L Probert,9.0,11.0,5.0,3.0,4.0,5.0,11.0,10.0,0.0,0.0,0.0,0.0,1.85,3.89,4.33,1.85,3.84,4.47,1.76,3.91,5.05,1.84,3.75,4.22
1375,2017/18,2018-01-20,Man City,Newcastle,3.0,1.0,H,1.0,0.0,P Tierney,21.0,6.0,9.0,4.0,18.0,0.0,5.0,10.0,0.0,1.0,0.0,0.0,1.12,10.0,26.0,1.14,10.21,22.56,1.12,11.0,28.5,1.13,9.22,21.28
1376,2017/18,2018-01-20,Stoke,Huddersfield,2.0,0.0,H,0.0,0.0,M Oliver,11.0,6.0,6.0,3.0,3.0,2.0,18.0,13.0,1.0,1.0,0.0,0.0,2.04,3.39,4.09,2.04,3.41,4.23,2.04,3.47,4.12,2.03,3.33,3.97
1377,2017/18,2018-01-20,West Ham,Bournemouth,1.0,1.0,D,0.0,0.0,M Atkinson,12.0,8.0,4.0,3.0,6.0,3.0,8.0,7.0,3.0,1.0,0.0,0.0,2.0,3.6,4.0,2.06,3.62,3.87,2.37,3.37,3.32,2.01,3.55,3.76
1378,2017/18,2018-01-21,Southampton,Tottenham,1.0,1.0,D,1.0,1.0,K Friend,10.0,17.0,4.0,2.0,2.0,9.0,8.0,15.0,2.0,3.0,0.0,0.0,5.75,4.09,1.64,5.72,4.14,1.66,4.6,3.76,1.86,5.37,3.94,1.65
1379,2017/18,2018-01-22,Swansea,Liverpool,1.0,0.0,H,1.0,0.0,N Swarbrick,3.0,21.0,2.0,4.0,3.0,9.0,5.0,9.0,0.0,2.0,0.0,0.0,12.0,5.75,1.3,11.96,5.8,1.31,11.68,5.87,1.31,10.75,5.37,1.31
1380,2017/18,2018-01-30,Huddersfield,Liverpool,0.0,3.0,A,0.0,2.0,K Friend,5.0,14.0,1.0,7.0,1.0,4.0,8.0,8.0,0.0,0.0,0.0,0.0,12.0,5.75,1.3,10.75,5.65,1.33,10.95,5.49,1.34,10.65,5.46,1.31
1381,2017/18,2018-01-30,Swansea,Arsenal,3.0,1.0,H,1.0,1.0,L Mason,12.0,9.0,4.0,4.0,4.0,3.0,4.0,8.0,0.0,3.0,0.0,0.0,7.0,4.59,1.5,7.0,4.62,1.51,7.1,4.3,1.55,6.93,4.37,1.5
1382,2017/18,2018-01-30,West Ham,Crystal Palace,1.0,1.0,D,1.0,1.0,N Swarbrick,8.0,9.0,3.0,3.0,5.0,3.0,11.0,15.0,1.0,3.0,0.0,0.0,3.1,3.25,2.54,3.06,3.32,2.55,3.1,3.2,2.59,2.99,3.23,2.51
1383,2017/18,2018-01-31,Chelsea,Bournemouth,0.0,3.0,A,0.0,0.0,L Probert,21.0,11.0,5.0,5.0,8.0,5.0,5.0,12.0,1.0,0.0,0.0,0.0,1.28,6.5,11.0,1.3,6.14,11.24,1.37,5.25,10.11,1.28,5.9,10.77
1384,2017/18,2018-01-31,Everton,Leicester,2.0,1.0,H,2.0,0.0,C Kavanagh,9.0,8.0,4.0,1.0,5.0,5.0,9.0,10.0,0.0,2.0,0.0,0.0,3.0,3.2,2.62,3.11,3.17,2.6,2.78,3.16,2.9,2.99,3.14,2.56
1385,2017/18,2018-01-31,Man City,West Brom,3.0,0.0,H,1.0,0.0,R Madley,19.0,3.0,10.0,1.0,9.0,1.0,10.0,10.0,1.0,3.0,0.0,0.0,1.14,10.0,21.0,1.16,9.0,21.8,1.15,9.1,23.5,1.15,8.47,18.91
1386,2017/18,2018-01-31,Newcastle,Burnley,1.0,1.0,D,0.0,0.0,S Hooper,14.0,11.0,4.0,2.0,7.0,4.0,15.0,15.0,1.0,2.0,0.0,0.0,2.2,3.2,3.89,2.19,3.15,4.05,2.21,3.19,3.95,2.17,3.13,3.83
1387,2017/18,2018-01-31,Southampton,Brighton,1.0,1.0,D,0.0,1.0,M Dean,18.0,9.0,3.0,2.0,7.0,2.0,8.0,10.0,3.0,1.0,0.0,0.0,1.75,3.5,6.0,1.77,3.48,5.99,1.85,3.42,5.27,1.75,3.43,5.49
1388,2017/18,2018-01-31,Stoke,Watford,0.0,0.0,D,0.0,0.0,J Moss,11.0,12.0,4.0,2.0,2.0,6.0,12.0,12.0,4.0,3.0,0.0,0.0,2.25,3.5,3.39,2.22,3.54,3.48,2.18,3.55,3.58,2.22,3.44,3.3
1389,2017/18,2018-01-31,Tottenham,Man United,2.0,0.0,H,2.0,0.0,A Marriner,22.0,6.0,6.0,3.0,6.0,3.0,10.0,13.0,2.0,2.0,0.0,0.0,2.35,3.29,3.39,2.32,3.42,3.38,2.42,3.4,3.19,2.29,3.33,3.28
1390,2017/18,2018-02-03,Arsenal,Everton,5.0,1.0,H,4.0,0.0,N Swarbrick,15.0,11.0,7.0,2.0,4.0,6.0,8.0,8.0,2.0,0.0,0.0,0.0,1.3,5.75,12.0,1.32,5.85,10.95,1.37,5.45,9.5,1.31,5.43,10.46
1391,2017/18,2018-02-03,Bournemouth,Stoke,2.0,1.0,H,0.0,1.0,P Tierney,15.0,13.0,8.0,4.0,8.0,1.0,14.0,19.0,2.0,3.0,0.0,0.0,1.9,3.7,4.33,1.92,3.66,4.43,1.93,3.65,4.41,1.91,3.58,4.12
1392,2017/18,2018-02-03,Brighton,West Ham,3.0,1.0,H,1.0,1.0,R East,21.0,4.0,5.0,1.0,4.0,1.0,11.0,7.0,3.0,1.0,0.0,0.0,2.35,3.0,3.7,2.37,3.07,3.66,2.26,3.08,3.95,2.32,3.02,3.53
1393,2017/18,2018-02-03,Burnley,Man City,1.0,1.0,D,0.0,1.0,M Atkinson,8.0,20.0,3.0,7.0,3.0,13.0,9.0,6.0,4.0,1.0,0.0,0.0,13.0,6.0,1.28,13.0,5.9,1.29,13.5,5.65,1.3,11.77,5.69,1.28
1394,2017/18,2018-02-03,Leicester,Swansea,1.0,1.0,D,1.0,0.0,A Taylor,13.0,3.0,5.0,1.0,3.0,3.0,9.0,8.0,1.0,0.0,0.0,0.0,1.8,3.6,5.25,1.81,3.59,5.3,1.85,3.49,5.18,1.78,3.56,4.97
1395,2017/18,2018-02-03,Man United,Huddersfield,2.0,0.0,H,0.0,0.0,S Attwell,16.0,4.0,7.0,0.0,5.0,2.0,5.0,19.0,2.0,4.0,0.0,0.0,1.16,8.5,19.0,1.17,8.19,23.45,1.22,7.2,17.0,1.16,7.59,20.1
1396,2017/18,2018-02-03,West Brom,Southampton,2.0,3.0,A,1.0,2.0,M Oliver,9.0,13.0,3.0,5.0,5.0,7.0,12.0,10.0,2.0,1.0,0.0,0.0,2.54,3.2,3.1,2.65,3.15,3.07,2.96,3.12,2.76,2.54,3.13,3.0
1397,2017/18,2018-02-04,Crystal Palace,Newcastle,1.0,1.0,D,0.0,1.0,A Marriner,21.0,11.0,6.0,8.0,5.0,6.0,11.0,8.0,1.0,1.0,0.0,0.0,2.04,3.39,4.2,2.05,3.4,4.19,2.12,3.31,4.06,2.03,3.35,3.93
1398,2017/18,2018-02-04,Liverpool,Tottenham,2.0,2.0,D,1.0,0.0,J Moss,9.0,13.0,3.0,6.0,3.0,7.0,15.0,9.0,3.0,1.0,0.0,0.0,2.1,3.75,3.6,2.13,3.71,3.55,2.01,3.84,3.81,2.08,3.69,3.44
1399,2017/18,2018-02-05,Watford,Chelsea,4.0,1.0,H,1.0,0.0,M Dean,21.0,7.0,8.0,3.0,6.0,2.0,11.0,8.0,2.0,2.0,0.0,1.0,6.25,4.0,1.61,6.15,4.05,1.64,6.95,4.5,1.53,5.78,3.96,1.61
1400,2017/18,2018-02-10,Everton,Crystal Palace,3.0,1.0,H,0.0,0.0,J Moss,11.0,16.0,5.0,4.0,8.0,7.0,14.0,15.0,1.0,1.0,0.0,0.0,2.25,3.25,3.2,2.26,3.26,3.68,2.11,3.32,4.09,2.24,3.2,3.47
1401,2017/18,2018-02-10,Man City,Leicester,5.0,1.0,H,1.0,1.0,M Jones,19.0,2.0,11.0,2.0,8.0,2.0,10.0,12.0,2.0,3.0,0.0,0.0,1.19,6.5,13.0,1.22,7.4,14.5,1.24,6.7,15.5,1.21,6.76,13.46
1402,2017/18,2018-02-10,Stoke,Brighton,1.0,1.0,D,0.0,1.0,R Madley,15.0,14.0,3.0,6.0,7.0,4.0,6.0,10.0,0.0,0.0,0.0,0.0,2.2,3.2,3.39,2.22,3.27,3.78,2.43,3.18,3.39,2.19,3.18,3.62
1403,2017/18,2018-02-10,Swansea,Burnley,1.0,0.0,H,0.0,0.0,A Marriner,12.0,13.0,4.0,1.0,5.0,2.0,10.0,9.0,2.0,1.0,0.0,0.0,2.37,3.0,3.25,2.5,2.99,3.5,2.37,3.03,3.71,2.45,2.98,3.28
1404,2017/18,2018-02-10,Tottenham,Arsenal,1.0,0.0,H,0.0,0.0,A Taylor,18.0,6.0,6.0,1.0,10.0,2.0,13.0,9.0,2.0,1.0,0.0,0.0,2.0,3.6,3.5,2.04,3.85,3.7,1.93,3.9,4.07,2.0,3.76,3.58
1405,2017/18,2018-02-10,West Ham,Watford,2.0,0.0,H,1.0,0.0,G Scott,8.0,11.0,4.0,4.0,8.0,7.0,11.0,7.0,1.0,1.0,0.0,0.0,2.5,3.29,2.79,2.57,3.32,3.03,2.38,3.36,3.3,2.48,3.28,2.93
1406,2017/18,2018-02-11,Huddersfield,Bournemouth,4.0,1.0,H,2.0,1.0,M Oliver,15.0,7.0,4.0,2.0,2.0,6.0,12.0,12.0,0.0,3.0,0.0,0.0,3.25,3.2,2.25,3.3,3.22,2.46,3.14,3.39,2.45,3.22,3.16,2.38
1407,2017/18,2018-02-11,Newcastle,Man United,1.0,0.0,H,0.0,0.0,C Pawson,10.0,13.0,3.0,6.0,0.0,10.0,12.0,15.0,0.0,2.0,0.0,0.0,5.5,3.75,1.61,5.86,4.03,1.66,6.35,4.15,1.61,5.56,3.8,1.65
1408,2017/18,2018-02-11,Southampton,Liverpool,0.0,2.0,A,0.0,2.0,M Atkinson,6.0,16.0,4.0,4.0,3.0,1.0,5.0,8.0,1.0,2.0,0.0,0.0,4.2,3.79,1.8,4.75,3.93,1.8,5.18,4.05,1.72,4.42,3.8,1.8
1409,2017/18,2018-02-12,Chelsea,West Brom,3.0,0.0,H,1.0,0.0,L Mason,20.0,8.0,8.0,1.0,8.0,7.0,11.0,11.0,0.0,2.0,0.0,0.0,1.36,4.75,8.0,1.4,5.1,9.05,1.33,5.3,12.0,1.37,4.89,8.71
1410,2017/18,2018-02-24,Bournemouth,Newcastle,2.0,2.0,D,0.0,2.0,R East,18.0,15.0,5.0,4.0,8.0,1.0,12.0,10.0,1.0,4.0,0.0,0.0,2.1,3.5,3.79,2.11,3.49,3.85,2.0,3.58,4.15,2.1,3.42,3.63
1411,2017/18,2018-02-24,Brighton,Swansea,4.0,1.0,H,1.0,0.0,M Dean,16.0,11.0,5.0,1.0,3.0,5.0,17.0,6.0,1.0,0.0,0.0,0.0,2.14,3.25,4.0,2.11,3.15,4.36,2.01,3.31,4.53,2.1,3.13,4.03
1412,2017/18,2018-02-24,Burnley,Southampton,1.0,1.0,D,0.0,0.0,R Madley,9.0,13.0,3.0,6.0,7.0,5.0,8.0,14.0,1.0,0.0,0.0,0.0,2.89,3.1,2.79,2.98,3.08,2.78,3.49,3.12,2.42,2.86,3.03,2.74
1413,2017/18,2018-02-24,Leicester,Stoke,1.0,1.0,D,0.0,1.0,M Oliver,19.0,6.0,9.0,2.0,13.0,1.0,10.0,16.0,1.0,3.0,0.0,0.0,1.72,3.89,5.25,1.71,3.89,5.62,1.7,3.95,5.55,1.72,3.76,5.13
1414,2017/18,2018-02-24,Liverpool,West Ham,4.0,1.0,H,1.0,0.0,S Attwell,21.0,7.0,12.0,4.0,8.0,2.0,7.0,7.0,0.0,2.0,0.0,0.0,1.22,7.5,13.0,1.23,7.14,14.61,1.24,7.0,14.0,1.23,6.71,12.67
1415,2017/18,2018-02-24,Watford,Everton,1.0,0.0,H,0.0,0.0,A Taylor,13.0,7.0,5.0,2.0,6.0,5.0,10.0,9.0,3.0,1.0,0.0,0.0,2.25,3.39,3.5,2.23,3.42,3.57,2.47,3.24,3.26,2.21,3.33,3.42
1416,2017/18,2018-02-24,West Brom,Huddersfield,1.0,2.0,A,0.0,0.0,J Moss,10.0,16.0,3.0,7.0,6.0,3.0,11.0,9.0,1.0,1.0,0.0,0.0,1.95,3.29,4.75,1.98,3.3,4.7,1.88,3.44,5.01,1.94,3.25,4.49
1417,2017/18,2018-02-25,Crystal Palace,Tottenham,0.0,1.0,A,0.0,0.0,K Friend,5.0,14.0,3.0,4.0,2.0,13.0,12.0,5.0,0.0,1.0,0.0,0.0,7.5,4.5,1.5,7.09,4.66,1.51,9.5,5.6,1.36,6.79,4.41,1.49
1418,2017/18,2018-02-25,Man United,Chelsea,2.0,1.0,H,1.0,1.0,M Atkinson,10.0,14.0,5.0,7.0,3.0,4.0,13.0,12.0,2.0,2.0,0.0,0.0,2.29,3.25,3.5,2.3,3.3,3.55,2.39,3.24,3.41,2.28,3.24,3.38
1419,2017/18,2018-03-01,Arsenal,Man City,0.0,3.0,A,0.0,3.0,A Marriner,10.0,9.0,5.0,5.0,6.0,1.0,11.0,11.0,1.0,1.0,0.0,0.0,4.5,4.0,1.72,4.58,4.06,1.8,4.75,4.33,1.72,4.35,3.95,1.78
1420,2017/18,2018-03-03,Burnley,Everton,2.0,1.0,H,0.0,1.0,C Kavanagh,21.0,10.0,8.0,4.0,10.0,4.0,9.0,12.0,1.0,1.0,0.0,1.0,2.5,3.1,3.29,2.5,3.04,3.43,2.62,2.97,3.3,2.48,3.04,3.26
1421,2017/18,2018-03-03,Leicester,Bournemouth,1.0,1.0,D,0.0,1.0,L Probert,23.0,8.0,4.0,3.0,13.0,1.0,11.0,7.0,2.0,1.0,0.0,0.0,1.85,3.75,4.5,1.88,3.72,4.57,1.9,3.6,4.62,1.85,3.7,4.32
1422,2017/18,2018-03-03,Liverpool,Newcastle,2.0,0.0,H,1.0,0.0,G Scott,14.0,7.0,3.0,2.0,8.0,3.0,7.0,9.0,0.0,0.0,0.0,0.0,1.22,7.0,15.0,1.22,7.6,14.1,1.2,7.8,16.0,1.21,6.95,13.84
1423,2017/18,2018-03-03,Southampton,Stoke,0.0,0.0,D,0.0,0.0,A Taylor,18.0,12.0,6.0,3.0,15.0,4.0,8.0,13.0,0.0,1.0,0.0,0.0,1.75,3.75,5.25,1.76,3.71,5.48,1.72,3.82,5.61,1.74,3.67,5.16
1424,2017/18,2018-03-03,Swansea,West Ham,4.0,1.0,H,2.0,0.0,M Atkinson,9.0,7.0,8.0,2.0,4.0,5.0,9.0,14.0,0.0,3.0,0.0,0.0,2.6,3.25,3.0,2.65,3.19,3.03,2.62,3.09,3.17,2.55,3.17,2.98
1425,2017/18,2018-03-03,Tottenham,Huddersfield,2.0,0.0,H,1.0,0.0,K Friend,15.0,3.0,7.0,3.0,8.0,1.0,6.0,8.0,1.0,1.0,0.0,0.0,1.19,7.5,17.0,1.19,8.05,18.5,1.17,7.75,24.5,1.19,7.18,16.27
1426,2017/18,2018-03-03,Watford,West Brom,1.0,0.0,H,0.0,0.0,P Tierney,15.0,9.0,4.0,2.0,4.0,6.0,11.0,12.0,2.0,0.0,0.0,0.0,2.14,3.29,3.89,2.2,3.3,3.8,2.41,3.18,3.43,2.13,3.29,3.73
1427,2017/18,2018-03-04,Brighton,Arsenal,2.0,1.0,H,2.0,1.0,S Attwell,13.0,15.0,6.0,7.0,6.0,11.0,13.0,12.0,3.0,3.0,0.0,0.0,4.2,3.79,1.9,4.04,3.7,1.99,4.25,3.7,1.94,3.94,3.67,1.93
1428,2017/18,2018-03-04,Man City,Chelsea,1.0,0.0,H,0.0,0.0,M Oliver,13.0,3.0,3.0,0.0,5.0,2.0,8.0,9.0,2.0,1.0,0.0,0.0,1.61,4.2,6.0,1.6,4.35,6.07,1.51,4.85,6.5,1.6,4.14,5.63
1429,2017/18,2018-03-05,Crystal Palace,Man United,2.0,3.0,A,1.0,0.0,N Swarbrick,10.0,17.0,4.0,8.0,3.0,7.0,10.0,8.0,1.0,3.0,0.0,0.0,7.0,4.0,1.57,6.63,4.24,1.58,7.85,4.7,1.47,6.47,4.05,1.56
1430,2017/18,2018-03-10,Chelsea,Crystal Palace,2.0,1.0,H,2.0,0.0,A Taylor,27.0,9.0,11.0,2.0,12.0,3.0,8.0,9.0,1.0,2.0,0.0,0.0,1.3,5.75,12.0,1.3,6.0,11.65,1.29,5.85,13.0,1.3,5.54,11.0
1431,2017/18,2018-03-10,Everton,Brighton,2.0,0.0,H,0.0,0.0,R East,13.0,10.0,3.0,4.0,10.0,3.0,10.0,14.0,0.0,1.0,0.0,1.0,2.2,3.2,3.89,2.22,3.24,3.83,2.25,3.32,3.64,2.19,3.19,3.65
1432,2017/18,2018-03-10,Huddersfield,Swansea,0.0,0.0,D,0.0,0.0,M Oliver,30.0,0.0,4.0,0.0,12.0,0.0,9.0,9.0,2.0,3.0,0.0,1.0,2.54,3.1,3.2,2.52,3.07,3.37,2.57,3.04,3.31,2.49,3.08,3.16
1433,2017/18,2018-03-10,Man United,Liverpool,2.0,1.0,H,2.0,0.0,C Pawson,5.0,14.0,2.0,2.0,1.0,13.0,10.0,16.0,2.0,1.0,0.0,0.0,2.75,3.39,2.75,2.79,3.34,2.76,3.2,3.26,2.49,2.7,3.3,2.71
1434,2017/18,2018-03-10,Newcastle,Southampton,3.0,0.0,H,2.0,0.0,A Marriner,7.0,6.0,5.0,2.0,2.0,6.0,10.0,10.0,0.0,2.0,0.0,0.0,2.79,3.2,2.79,2.8,3.16,2.88,2.63,3.2,3.05,2.74,3.12,2.79
1435,2017/18,2018-03-10,West Brom,Leicester,1.0,4.0,A,1.0,1.0,R Madley,6.0,14.0,2.0,6.0,7.0,6.0,6.0,7.0,1.0,3.0,0.0,0.0,3.0,3.25,2.6,3.07,3.28,2.57,3.39,3.44,2.3,2.97,3.19,2.54
1436,2017/18,2018-03-10,West Ham,Burnley,0.0,3.0,A,0.0,0.0,L Mason,13.0,7.0,4.0,4.0,5.0,1.0,13.0,7.0,2.0,2.0,0.0,0.0,2.29,3.2,3.6,2.32,3.21,3.6,2.25,3.16,3.85,2.27,3.15,3.51
1437,2017/18,2018-03-11,Arsenal,Watford,3.0,0.0,H,1.0,0.0,M Atkinson,11.0,11.0,7.0,4.0,4.0,9.0,12.0,9.0,2.0,1.0,0.0,0.0,1.44,5.0,7.5,1.48,4.81,7.4,1.52,4.55,7.0,1.47,4.62,6.67
1438,2017/18,2018-03-11,Bournemouth,Tottenham,1.0,4.0,A,1.0,1.0,M Dean,14.0,12.0,3.0,8.0,4.0,5.0,10.0,7.0,1.0,1.0,0.0,0.0,6.5,4.5,1.55,6.49,4.66,1.53,7.75,5.0,1.44,6.09,4.47,1.52
1439,2017/18,2018-03-12,Stoke,Man City,0.0,2.0,A,0.0,1.0,J Moss,3.0,17.0,0.0,6.0,3.0,10.0,6.0,8.0,1.0,0.0,0.0,0.0,15.0,6.5,1.25,13.25,6.89,1.25,13.75,6.95,1.24,13.18,6.47,1.23
1440,2017/18,2018-03-17,Bournemouth,West Brom,2.0,1.0,H,0.0,0.0,G Scott,17.0,11.0,5.0,6.0,3.0,2.0,6.0,9.0,1.0,2.0,0.0,0.0,1.83,3.6,5.0,1.85,3.6,4.94,1.8,3.84,4.9,1.84,3.54,4.56
1441,2017/18,2018-03-17,Huddersfield,Crystal Palace,0.0,2.0,A,0.0,1.0,M Dean,6.0,17.0,2.0,6.0,4.0,7.0,11.0,12.0,3.0,2.0,0.0,0.0,3.0,3.1,2.7,2.94,3.2,2.72,2.79,3.18,2.88,2.88,3.12,2.65
1442,2017/18,2018-03-17,Liverpool,Watford,5.0,0.0,H,2.0,0.0,A Taylor,13.0,4.0,10.0,1.0,6.0,1.0,5.0,4.0,1.0,0.0,0.0,0.0,1.19,8.0,15.0,1.2,7.85,15.95,1.17,9.0,18.45,1.19,7.39,15.4
1443,2017/18,2018-03-17,Stoke,Everton,1.0,2.0,A,0.0,0.0,M Atkinson,9.0,17.0,4.0,9.0,1.0,9.0,13.0,12.0,1.0,1.0,1.0,0.0,2.5,3.29,3.1,2.49,3.29,3.18,2.78,3.31,2.78,2.45,3.23,3.07
1444,2017/18,2018-03-31,Brighton,Leicester,0.0,2.0,A,0.0,0.0,C Kavanagh,15.0,6.0,3.0,4.0,6.0,1.0,11.0,13.0,2.0,4.0,0.0,1.0,2.7,3.2,2.62,2.82,3.2,2.84,2.7,3.34,2.85,2.75,3.15,2.73
1445,2017/18,2018-03-31,Crystal Palace,Liverpool,1.0,2.0,A,1.0,0.0,N Swarbrick,6.0,16.0,3.0,6.0,4.0,6.0,6.0,8.0,2.0,2.0,0.0,0.0,7.0,4.33,1.44,6.65,4.54,1.54,7.0,4.7,1.51,6.26,4.41,1.52
1446,2017/18,2018-03-31,Everton,Man City,1.0,3.0,A,0.0,3.0,P Tierney,6.0,18.0,2.0,4.0,2.0,11.0,10.0,8.0,0.0,0.0,0.0,0.0,9.0,5.0,1.33,10.3,5.47,1.35,10.55,5.63,1.34,9.14,5.12,1.35
1447,2017/18,2018-03-31,Man United,Swansea,2.0,0.0,H,2.0,0.0,R Madley,11.0,3.0,5.0,2.0,3.0,3.0,5.0,13.0,0.0,0.0,0.0,0.0,1.25,6.0,10.0,1.24,7.02,14.56,1.23,6.95,16.0,1.24,6.09,13.32
1448,2017/18,2018-03-31,Newcastle,Huddersfield,1.0,0.0,H,0.0,0.0,M Atkinson,18.0,4.0,3.0,0.0,3.0,3.0,9.0,10.0,1.0,4.0,0.0,0.0,1.75,3.39,5.0,1.78,3.62,5.55,1.78,3.63,5.45,1.75,3.52,5.19
1449,2017/18,2018-03-31,Watford,Bournemouth,2.0,2.0,D,1.0,1.0,A Marriner,16.0,13.0,5.0,6.0,7.0,4.0,16.0,6.0,4.0,0.0,0.0,0.0,2.29,3.29,3.1,2.35,3.47,3.26,2.22,3.48,3.53,2.32,3.39,3.12
1450,2017/18,2018-03-31,West Brom,Burnley,1.0,2.0,A,0.0,1.0,L Probert,8.0,11.0,3.0,4.0,1.0,6.0,12.0,9.0,1.0,3.0,0.0,0.0,2.5,3.0,3.1,2.67,3.07,3.13,2.62,3.1,3.16,2.59,3.03,3.02
1451,2017/18,2018-03-31,West Ham,Southampton,3.0,0.0,H,3.0,0.0,J Moss,13.0,9.0,5.0,0.0,5.0,9.0,9.0,16.0,0.0,3.0,0.0,0.0,2.7,3.25,2.6,2.97,3.25,2.66,2.91,3.26,2.71,2.85,3.19,2.62
1452,2017/18,2018-04-01,Arsenal,Stoke,3.0,0.0,H,0.0,0.0,C Pawson,24.0,8.0,11.0,2.0,6.0,5.0,9.0,13.0,1.0,2.0,0.0,0.0,1.28,5.5,10.0,1.31,6.1,10.47,1.31,6.05,11.0,1.31,5.64,9.57
1453,2017/18,2018-04-01,Chelsea,Tottenham,1.0,3.0,A,1.0,1.0,A Marriner,14.0,12.0,4.0,7.0,5.0,5.0,4.0,11.0,0.0,1.0,0.0,0.0,2.29,3.29,3.1,2.43,3.4,3.18,2.3,3.43,3.4,2.36,3.29,3.12
1454,2017/18,2018-04-07,Bournemouth,Crystal Palace,2.0,2.0,D,0.0,0.0,J Moss,20.0,13.0,5.0,6.0,11.0,3.0,8.0,9.0,2.0,2.0,0.0,0.0,2.5,3.39,3.0,2.48,3.47,3.04,2.67,3.54,2.76,2.45,3.39,2.93
1455,2017/18,2018-04-07,Brighton,Huddersfield,1.0,1.0,D,1.0,1.0,A Taylor,13.0,14.0,4.0,5.0,5.0,3.0,13.0,7.0,1.0,0.0,1.0,0.0,1.85,3.5,5.0,1.88,3.48,4.95,1.76,3.7,5.46,1.86,3.4,4.76
1456,2017/18,2018-04-07,Everton,Liverpool,0.0,0.0,D,0.0,0.0,M Oliver,6.0,10.0,1.0,3.0,3.0,2.0,12.0,7.0,0.0,0.0,0.0,0.0,4.2,3.75,1.9,4.25,3.71,1.94,3.78,3.39,2.17,4.06,3.65,1.92
1457,2017/18,2018-04-07,Leicester,Newcastle,1.0,2.0,A,0.0,1.0,S Attwell,8.0,8.0,1.0,4.0,7.0,5.0,7.0,14.0,1.0,3.0,0.0,0.0,1.95,3.6,4.2,1.97,3.54,4.32,1.86,3.58,4.89,1.95,3.45,4.13
1458,2017/18,2018-04-07,Man City,Man United,2.0,3.0,A,2.0,0.0,M Atkinson,20.0,5.0,6.0,4.0,8.0,4.0,17.0,9.0,6.0,3.0,0.0,0.0,1.89,3.79,4.2,1.88,3.85,4.37,1.86,3.72,4.66,1.88,3.69,4.17
1459,2017/18,2018-04-07,Stoke,Tottenham,1.0,2.0,A,0.0,0.0,G Scott,10.0,15.0,4.0,4.0,6.0,3.0,19.0,8.0,4.0,3.0,0.0,0.0,11.0,5.5,1.33,11.07,5.54,1.34,11.3,6.15,1.3,9.98,5.28,1.33
1460,2017/18,2018-04-07,Watford,Burnley,1.0,2.0,A,0.0,0.0,P Tierney,14.0,7.0,5.0,4.0,11.0,1.0,18.0,12.0,2.0,2.0,0.0,0.0,2.39,3.2,3.39,2.32,3.05,3.49,2.33,3.23,3.55,2.33,3.15,3.36
1461,2017/18,2018-04-07,West Brom,Swansea,1.0,1.0,D,0.0,0.0,R East,15.0,7.0,3.0,1.0,5.0,1.0,15.0,5.0,3.0,2.0,0.0,0.0,2.37,3.2,3.39,2.35,3.25,3.49,2.53,3.15,3.25,2.37,3.15,3.29
1462,2017/18,2018-04-08,Arsenal,Southampton,3.0,2.0,H,2.0,1.0,A Marriner,13.0,15.0,7.0,8.0,8.0,6.0,11.0,7.0,2.0,1.0,1.0,1.0,1.57,4.5,6.0,1.56,4.45,6.44,1.79,3.82,4.97,1.56,4.32,5.86
1463,2017/18,2018-04-08,Chelsea,West Ham,1.0,1.0,D,1.0,0.0,K Friend,23.0,5.0,6.0,2.0,10.0,6.0,7.0,11.0,0.0,1.0,0.0,0.0,1.28,6.0,12.0,1.28,6.34,11.91,1.31,5.85,11.4,1.27,5.83,11.34
1464,2017/18,2018-04-14,Burnley,Leicester,2.0,1.0,H,2.0,0.0,M Atkinson,8.0,15.0,3.0,6.0,4.0,8.0,9.0,10.0,2.0,1.0,0.0,0.0,2.62,3.2,3.0,2.67,3.19,3.01,2.63,3.2,3.05,2.63,3.12,2.91
1465,2017/18,2018-04-14,Crystal Palace,Brighton,3.0,2.0,H,3.0,2.0,A Marriner,15.0,12.0,8.0,3.0,5.0,6.0,12.0,16.0,3.0,2.0,0.0,0.0,1.9,3.5,4.75,1.91,3.56,4.64,1.89,3.51,4.82,1.89,3.42,4.54
1466,2017/18,2018-04-14,Huddersfield,Watford,1.0,0.0,H,0.0,0.0,C Pawson,9.0,4.0,1.0,2.0,9.0,6.0,9.0,8.0,2.0,2.0,0.0,0.0,2.62,3.25,3.0,2.72,3.14,2.9,2.57,3.18,3.15,2.63,3.15,2.88
1467,2017/18,2018-04-14,Liverpool,Bournemouth,3.0,0.0,H,1.0,0.0,C Kavanagh,20.0,6.0,7.0,1.0,7.0,5.0,9.0,9.0,1.0,1.0,0.0,0.0,1.25,7.0,12.0,1.25,7.15,12.89,1.24,7.3,13.5,1.24,6.52,12.5
1468,2017/18,2018-04-14,Southampton,Chelsea,2.0,3.0,A,1.0,0.0,M Dean,10.0,17.0,7.0,5.0,4.0,7.0,13.0,14.0,5.0,3.0,0.0,0.0,4.5,3.75,1.85,4.48,3.74,1.88,4.81,3.85,1.81,4.37,3.61,1.86
1469,2017/18,2018-04-14,Swansea,Everton,1.0,1.0,D,0.0,1.0,L Mason,17.0,12.0,7.0,3.0,6.0,3.0,10.0,11.0,1.0,1.0,0.0,0.0,2.54,3.25,3.1,2.61,3.13,3.15,2.77,3.17,2.9,2.53,3.15,3.04
1470,2017/18,2018-04-14,Tottenham,Man City,1.0,3.0,A,1.0,2.0,J Moss,8.0,17.0,3.0,6.0,5.0,7.0,11.0,12.0,3.0,4.0,0.0,0.0,2.62,3.6,2.7,2.7,3.61,2.68,2.8,3.66,2.56,2.65,3.52,2.63
1471,2017/18,2018-04-15,Man United,West Brom,0.0,1.0,A,0.0,0.0,P Tierney,14.0,10.0,4.0,4.0,4.0,4.0,8.0,13.0,1.0,1.0,0.0,0.0,1.18,8.0,19.0,1.22,7.05,17.85,1.2,7.4,18.0,1.19,6.97,17.38
1472,2017/18,2018-04-15,Newcastle,Arsenal,2.0,1.0,H,1.0,1.0,A Taylor,8.0,15.0,4.0,3.0,2.0,5.0,11.0,9.0,1.0,0.0,0.0,0.0,3.29,3.6,2.25,3.27,3.65,2.27,2.9,3.55,2.54,3.24,3.54,2.22
1473,2017/18,2018-04-16,West Ham,Stoke,1.0,1.0,D,0.0,0.0,M Oliver,18.0,11.0,6.0,7.0,10.0,1.0,15.0,21.0,2.0,3.0,0.0,0.0,2.0,3.6,4.0,2.01,3.52,4.19,2.01,3.51,4.2,2.0,3.41,3.91
1474,2017/18,2018-04-17,Brighton,Tottenham,1.0,1.0,D,0.0,0.0,K Friend,8.0,16.0,5.0,6.0,3.0,4.0,6.0,5.0,1.0,0.0,0.0,0.0,6.5,4.33,1.55,6.56,4.35,1.57,6.59,4.35,1.56,6.27,4.24,1.55
1475,2017/18,2018-04-18,Bournemouth,Man United,0.0,2.0,A,0.0,1.0,G Scott,13.0,13.0,2.0,4.0,8.0,5.0,9.0,8.0,3.0,1.0,0.0,0.0,5.0,3.89,1.75,4.99,4.07,1.74,4.65,3.85,1.83,4.84,3.88,1.73
1476,2017/18,2018-04-19,Burnley,Chelsea,1.0,2.0,A,0.0,1.0,R Madley,5.0,16.0,2.0,5.0,3.0,2.0,9.0,11.0,1.0,0.0,0.0,0.0,4.0,3.39,1.9,4.64,3.55,1.91,4.58,3.59,1.91,4.31,3.44,1.9
1477,2017/18,2018-04-19,Leicester,Southampton,0.0,0.0,D,0.0,0.0,R East,11.0,6.0,3.0,2.0,11.0,3.0,10.0,10.0,0.0,0.0,0.0,0.0,2.25,3.29,3.2,2.42,3.53,3.08,2.42,3.45,3.15,2.35,3.4,3.08
1478,2017/18,2018-04-21,Watford,Crystal Palace,0.0,0.0,D,0.0,0.0,C Kavanagh,14.0,6.0,4.0,1.0,4.0,3.0,17.0,13.0,3.0,5.0,0.0,0.0,2.89,3.39,2.54,2.96,3.44,2.55,3.1,3.35,2.5,2.9,3.33,2.5
1479,2017/18,2018-04-21,West Brom,Liverpool,2.0,2.0,D,0.0,1.0,S Attwell,13.0,9.0,6.0,3.0,7.0,4.0,12.0,5.0,0.0,1.0,0.0,0.0,7.5,4.5,1.5,7.57,4.45,1.51,6.55,4.13,1.6,6.79,4.3,1.51
1480,2017/18,2018-04-22,Arsenal,West Ham,4.0,1.0,H,0.0,0.0,L Mason,20.0,11.0,8.0,4.0,8.0,6.0,11.0,9.0,3.0,2.0,0.0,0.0,1.55,4.59,6.0,1.55,4.65,6.28,1.53,4.55,6.88,1.54,4.49,5.87
1481,2017/18,2018-04-22,Man City,Swansea,5.0,0.0,H,2.0,0.0,C Pawson,19.0,4.0,12.0,1.0,5.0,1.0,6.0,8.0,0.0,1.0,0.0,0.0,1.14,9.0,23.0,1.14,9.66,23.8,1.13,10.25,19.5,1.13,8.89,21.51
1482,2017/18,2018-04-22,Stoke,Burnley,1.0,1.0,D,1.0,0.0,M Dean,8.0,16.0,3.0,7.0,3.0,8.0,15.0,5.0,2.0,1.0,0.0,0.0,2.29,3.29,3.5,2.27,3.29,3.65,2.22,3.46,3.56,2.28,3.2,3.42
1483,2017/18,2018-04-23,Everton,Newcastle,1.0,0.0,H,0.0,0.0,R Madley,9.0,9.0,1.0,2.0,4.0,6.0,10.0,11.0,2.0,1.0,0.0,0.0,2.29,3.39,3.39,2.31,3.35,3.46,2.18,3.35,3.8,2.29,3.25,3.32
1484,2017/18,2018-04-28,Burnley,Brighton,0.0,0.0,D,0.0,0.0,R East,10.0,9.0,4.0,1.0,3.0,4.0,5.0,17.0,0.0,2.0,0.0,0.0,2.25,3.2,3.7,2.28,3.2,3.71,2.32,3.18,3.63,2.22,3.16,3.6
1485,2017/18,2018-04-28,Crystal Palace,Leicester,5.0,0.0,H,2.0,0.0,M Dean,15.0,6.0,9.0,1.0,8.0,2.0,11.0,9.0,1.0,1.0,0.0,1.0,2.04,3.6,3.79,2.08,3.57,3.85,2.1,3.53,3.83,2.05,3.5,3.65
1486,2017/18,2018-04-28,Huddersfield,Everton,0.0,2.0,A,0.0,1.0,L Probert,9.0,7.0,2.0,5.0,4.0,3.0,9.0,8.0,1.0,0.0,0.0,0.0,2.62,3.1,3.1,2.63,3.1,3.15,2.77,3.06,3.01,2.56,3.02,3.09
1487,2017/18,2018-04-28,Liverpool,Stoke,0.0,0.0,D,0.0,0.0,A Marriner,20.0,5.0,2.0,1.0,9.0,2.0,7.0,14.0,1.0,2.0,0.0,0.0,1.33,5.75,10.0,1.32,5.85,10.1,1.29,6.0,11.5,1.31,5.54,9.73
1488,2017/18,2018-04-28,Newcastle,West Brom,0.0,1.0,A,0.0,1.0,D Coote,17.0,9.0,2.0,2.0,5.0,1.0,8.0,13.0,1.0,3.0,0.0,0.0,1.85,3.6,4.75,1.93,3.47,4.69,1.97,3.38,4.61,1.86,3.47,4.58
1489,2017/18,2018-04-28,Southampton,Bournemouth,2.0,1.0,H,1.0,1.0,A Taylor,14.0,14.0,6.0,7.0,5.0,8.0,12.0,11.0,5.0,1.0,0.0,0.0,1.72,4.0,5.0,1.71,4.11,5.15,1.68,4.16,5.34,1.71,3.9,4.88
1490,2017/18,2018-04-28,Swansea,Chelsea,0.0,1.0,A,0.0,1.0,J Moss,10.0,11.0,3.0,3.0,1.0,2.0,13.0,9.0,1.0,1.0,0.0,0.0,7.0,4.33,1.53,7.49,4.5,1.51,7.8,4.85,1.44,6.97,4.23,1.5
1491,2017/18,2018-04-29,Man United,Arsenal,2.0,1.0,H,1.0,0.0,K Friend,17.0,8.0,3.0,3.0,9.0,0.0,12.0,7.0,0.0,1.0,0.0,0.0,1.44,4.75,8.0,1.45,4.83,8.14,1.41,5.3,7.9,1.44,4.64,7.64
1492,2017/18,2018-04-29,West Ham,Man City,1.0,4.0,A,1.0,2.0,N Swarbrick,4.0,19.0,1.0,7.0,0.0,7.0,5.0,11.0,0.0,1.0,0.0,0.0,10.0,5.75,1.33,11.03,5.72,1.32,10.0,5.7,1.33,9.79,5.44,1.32
1493,2017/18,2018-04-30,Tottenham,Watford,2.0,0.0,H,1.0,0.0,M Oliver,13.0,13.0,3.0,5.0,4.0,0.0,11.0,10.0,1.0,0.0,0.0,0.0,1.16,8.5,21.0,1.16,8.65,21.0,1.17,8.7,17.5,1.15,8.03,18.87
1494,2017/18,2018-05-04,Brighton,Man United,1.0,0.0,H,0.0,0.0,C Pawson,11.0,16.0,4.0,3.0,5.0,6.0,5.0,3.0,2.0,0.0,0.0,0.0,4.75,3.6,1.85,4.8,3.59,1.88,5.2,3.43,1.86,4.54,3.53,1.86
1495,2017/18,2018-05-05,Bournemouth,Swansea,1.0,0.0,H,1.0,0.0,K Friend,13.0,12.0,5.0,3.0,11.0,6.0,10.0,10.0,1.0,4.0,0.0,0.0,2.1,3.6,3.7,2.11,3.62,3.69,2.01,3.66,4.0,2.1,3.5,3.54
1496,2017/18,2018-05-05,Everton,Southampton,1.0,1.0,D,0.0,0.0,J Moss,9.0,11.0,3.0,5.0,3.0,4.0,14.0,12.0,2.0,4.0,0.0,1.0,2.89,3.29,2.62,2.9,3.35,2.66,2.84,3.34,2.71,2.88,3.24,2.58
1497,2017/18,2018-05-05,Leicester,West Ham,0.0,2.0,A,0.0,1.0,C Kavanagh,13.0,13.0,2.0,3.0,8.0,3.0,8.0,9.0,1.0,2.0,0.0,0.0,2.25,3.5,3.39,2.28,3.41,3.48,2.21,3.56,3.48,2.23,3.39,3.3
1498,2017/18,2018-05-05,Stoke,Crystal Palace,1.0,2.0,A,1.0,0.0,M Atkinson,7.0,13.0,2.0,2.0,1.0,7.0,18.0,12.0,5.0,2.0,0.0,0.0,2.7,3.39,2.79,2.74,3.4,2.77,2.58,3.51,2.87,2.65,3.31,2.74
1499,2017/18,2018-05-05,Watford,Newcastle,2.0,1.0,H,2.0,0.0,R East,11.0,9.0,8.0,1.0,2.0,5.0,9.0,11.0,2.0,1.0,0.0,0.0,2.37,3.39,3.2,2.41,3.39,3.22,2.18,3.33,3.82,2.37,3.29,3.14
1500,2017/18,2018-05-05,West Brom,Tottenham,1.0,0.0,H,0.0,0.0,M Jones,9.0,18.0,1.0,5.0,5.0,9.0,13.0,12.0,4.0,1.0,0.0,0.0,8.0,4.75,1.44,7.56,4.82,1.46,7.95,4.55,1.47,7.54,4.66,1.43
1501,2017/18,2018-05-06,Arsenal,Burnley,5.0,0.0,H,2.0,0.0,A Marriner,16.0,6.0,8.0,2.0,4.0,5.0,6.0,7.0,0.0,1.0,0.0,0.0,1.57,4.2,6.5,1.57,4.35,6.47,1.47,4.79,7.45,1.55,4.21,6.14
1502,2017/18,2018-05-06,Chelsea,Liverpool,1.0,0.0,H,1.0,0.0,A Taylor,12.0,10.0,4.0,5.0,3.0,1.0,12.0,9.0,3.0,2.0,0.0,0.0,2.25,3.6,3.29,2.29,3.66,3.22,2.24,3.61,3.37,2.23,3.51,3.23
1503,2017/18,2018-05-06,Man City,Huddersfield,0.0,0.0,D,0.0,0.0,M Dean,15.0,5.0,2.0,3.0,10.0,1.0,9.0,4.0,0.0,3.0,0.0,0.0,1.08,13.0,34.0,1.09,13.5,26.0,1.08,14.4,26.0,1.09,11.57,28.0
1504,2017/18,2018-05-08,Swansea,Southampton,0.0,1.0,A,0.0,0.0,M Oliver,11.0,13.0,3.0,8.0,7.0,6.0,7.0,15.0,2.0,1.0,0.0,0.0,3.1,3.25,2.54,3.09,3.31,2.53,3.34,3.19,2.45,3.04,3.2,2.5
1505,2017/18,2018-05-09,Chelsea,Huddersfield,1.0,1.0,D,0.0,0.0,L Mason,22.0,3.0,5.0,2.0,9.0,0.0,7.0,10.0,0.0,1.0,0.0,0.0,1.16,8.5,19.0,1.19,7.77,20.17,1.25,6.0,15.25,1.18,7.37,17.21
1506,2017/18,2018-05-09,Leicester,Arsenal,3.0,1.0,H,1.0,0.0,G Scott,19.0,14.0,10.0,7.0,6.0,6.0,7.0,12.0,2.0,2.0,0.0,1.0,3.75,3.79,2.0,3.75,3.9,2.01,3.89,3.91,1.97,3.62,3.78,1.98
1507,2017/18,2018-05-09,Man City,Brighton,3.0,1.0,H,2.0,1.0,P Tierney,19.0,6.0,7.0,3.0,4.0,3.0,5.0,7.0,0.0,1.0,0.0,0.0,1.12,10.0,27.0,1.13,9.71,24.81,1.2,7.6,15.25,1.13,9.25,21.8
1508,2017/18,2018-05-09,Tottenham,Newcastle,1.0,0.0,H,0.0,0.0,N Swarbrick,11.0,14.0,7.0,3.0,6.0,4.0,10.0,8.0,2.0,3.0,0.0,0.0,1.18,8.5,17.0,1.19,7.8,17.0,1.22,6.95,14.2,1.18,7.57,15.42
1509,2017/18,2018-05-10,West Ham,Man United,0.0,0.0,D,0.0,0.0,J Moss,9.0,16.0,2.0,6.0,1.0,6.0,12.0,12.0,1.0,1.0,0.0,0.0,4.75,3.79,1.8,4.65,3.88,1.83,4.61,3.84,1.84,4.46,3.74,1.8
1510,2017/18,2018-05-13,Burnley,Bournemouth,1.0,2.0,A,1.0,0.0,P Tierney,12.0,16.0,4.0,5.0,7.0,8.0,14.0,9.0,0.0,0.0,0.0,0.0,2.14,3.5,3.6,2.21,3.57,3.41,2.35,3.52,3.16,2.18,3.42,3.37
1511,2017/18,2018-05-13,Crystal Palace,West Brom,2.0,0.0,H,0.0,0.0,J Moss,11.0,7.0,5.0,1.0,4.0,2.0,10.0,11.0,2.0,3.0,0.0,0.0,1.8,3.79,4.75,1.75,4.01,4.86,1.79,3.85,4.82,1.75,3.82,4.63
1512,2017/18,2018-05-13,Huddersfield,Arsenal,0.0,1.0,A,0.0,1.0,M Oliver,18.0,9.0,3.0,4.0,7.0,4.0,11.0,7.0,1.0,0.0,0.0,0.0,6.0,4.33,1.6,5.88,4.48,1.58,5.7,4.74,1.56,5.58,4.31,1.58
1513,2017/18,2018-05-13,Liverpool,Brighton,4.0,0.0,H,2.0,0.0,K Friend,22.0,2.0,11.0,1.0,7.0,3.0,3.0,6.0,0.0,0.0,0.0,0.0,1.19,8.0,15.0,1.21,7.65,15.44,1.22,7.12,14.03,1.19,7.25,14.69
1514,2017/18,2018-05-13,Man United,Watford,1.0,0.0,H,1.0,0.0,L Mason,7.0,7.0,1.0,3.0,6.0,5.0,6.0,11.0,4.0,0.0,0.0,0.0,1.39,5.25,8.5,1.4,5.46,7.98,1.53,4.27,7.11,1.37,5.12,8.21
1515,2017/18,2018-05-13,Newcastle,Chelsea,3.0,0.0,H,1.0,0.0,M Atkinson,16.0,6.0,6.0,2.0,4.0,2.0,11.0,10.0,0.0,1.0,0.0,0.0,6.5,4.2,1.6,5.96,4.22,1.61,4.85,3.72,1.8,5.83,4.05,1.59
1516,2017/18,2018-05-13,Southampton,Man City,0.0,1.0,A,0.0,0.0,A Marriner,8.0,13.0,3.0,2.0,1.0,12.0,8.0,10.0,3.0,1.0,0.0,0.0,9.0,5.0,1.39,8.06,5.11,1.42,6.32,4.78,1.51,7.39,4.82,1.42
1517,2017/18,2018-05-13,Swansea,Stoke,1.0,2.0,A,1.0,2.0,A Taylor,26.0,8.0,11.0,5.0,6.0,0.0,12.0,9.0,1.0,2.0,0.0,0.0,1.9,3.79,4.2,1.91,3.72,4.29,2.08,3.56,3.82,1.89,3.67,4.08
1518,2017/18,2018-05-13,Tottenham,Leicester,5.0,4.0,H,1.0,2.0,C Pawson,14.0,16.0,6.0,9.0,4.0,4.0,9.0,13.0,1.0,2.0,0.0,0.0,1.33,6.0,9.0,1.33,5.95,9.56,1.38,5.5,8.15,1.31,5.74,9.13
1519,2017/18,2018-05-13,West Ham,Everton,3.0,1.0,H,1.0,0.0,G Scott,15.0,14.0,4.0,7.0,6.0,6.0,10.0,13.0,0.0,1.0,0.0,0.0,2.45,3.5,3.0,2.36,3.51,3.17,2.35,3.4,3.28,2.37,3.39,3.04
1520,2018/19,2018-08-10,Man United,Leicester,2.0,1.0,H,1.0,0.0,A Marriner,8.0,13.0,6.0,4.0,2.0,5.0,11.0,8.0,2.0,1.0,0.0,0.0,1.57,3.9,7.5,1.58,3.93,7.5,1.55,4.07,7.69,1.56,3.92,7.06
1521,2018/19,2018-08-11,Bournemouth,Cardiff,2.0,0.0,H,1.0,0.0,K Friend,12.0,10.0,4.0,1.0,7.0,4.0,11.0,9.0,1.0,1.0,0.0,0.0,1.9,3.6,4.5,1.89,3.63,4.58,1.88,3.61,4.7,1.88,3.53,4.37
1522,2018/19,2018-08-11,Fulham,Crystal Palace,0.0,2.0,A,0.0,1.0,M Dean,15.0,10.0,6.0,9.0,5.0,5.0,9.0,11.0,1.0,2.0,0.0,0.0,2.5,3.4,3.0,2.5,3.46,3.0,2.62,3.38,2.9,2.47,3.35,2.92
1523,2018/19,2018-08-11,Huddersfield,Chelsea,0.0,3.0,A,0.0,2.0,C Kavanagh,6.0,13.0,1.0,4.0,2.0,5.0,9.0,8.0,2.0,1.0,0.0,0.0,6.5,4.0,1.61,6.41,4.02,1.62,7.24,3.95,1.58,6.09,3.9,1.61
1524,2018/19,2018-08-11,Newcastle,Tottenham,1.0,2.0,A,1.0,2.0,M Atkinson,15.0,15.0,2.0,5.0,3.0,5.0,11.0,12.0,2.0,2.0,0.0,0.0,3.9,3.5,2.04,3.83,3.57,2.08,4.74,3.53,1.89,3.83,3.4,2.05
1525,2018/19,2018-08-11,Watford,Brighton,2.0,0.0,H,1.0,0.0,J Moss,19.0,6.0,5.0,0.0,8.0,2.0,10.0,16.0,2.0,2.0,0.0,0.0,2.37,3.2,3.4,2.43,3.22,3.33,2.58,3.08,3.22,2.36,3.14,3.31
1526,2018/19,2018-08-11,Wolves,Everton,2.0,2.0,D,1.0,1.0,C Pawson,11.0,6.0,4.0,5.0,3.0,6.0,8.0,7.0,0.0,1.0,0.0,1.0,2.37,3.3,3.3,2.36,3.4,3.28,2.44,3.23,3.32,2.33,3.27,3.23
1527,2018/19,2018-08-12,Arsenal,Man City,0.0,2.0,A,0.0,1.0,M Oliver,9.0,17.0,3.0,8.0,2.0,9.0,11.0,14.0,2.0,2.0,0.0,0.0,4.0,3.8,1.95,4.0,3.97,1.93,4.43,4.13,1.81,3.83,3.8,1.92
1528,2018/19,2018-08-12,Liverpool,West Ham,4.0,0.0,H,2.0,0.0,A Taylor,18.0,5.0,8.0,2.0,5.0,4.0,14.0,9.0,1.0,2.0,0.0,0.0,1.25,6.5,14.0,1.27,6.35,13.25,1.25,6.95,12.0,1.25,6.22,12.3
1529,2018/19,2018-08-12,Southampton,Burnley,0.0,0.0,D,0.0,0.0,G Scott,18.0,16.0,3.0,6.0,8.0,5.0,10.0,9.0,0.0,1.0,0.0,0.0,1.85,3.5,5.0,1.86,3.51,4.99,2.03,3.19,4.65,1.84,3.43,4.8
1530,2018/19,2018-08-18,Cardiff,Newcastle,0.0,0.0,D,0.0,0.0,C Pawson,12.0,12.0,1.0,6.0,5.0,5.0,14.0,16.0,2.0,2.0,0.0,1.0,3.25,3.1,2.54,3.25,3.12,2.54,3.27,3.21,2.47,3.14,3.07,2.5
1531,2018/19,2018-08-18,Chelsea,Arsenal,3.0,2.0,H,2.0,2.0,M Atkinson,24.0,15.0,11.0,6.0,5.0,1.0,12.0,9.0,0.0,2.0,0.0,0.0,1.8,4.0,4.5,1.83,3.97,4.46,1.83,3.84,4.64,1.81,3.85,4.29
1532,2018/19,2018-08-18,Everton,Southampton,2.0,1.0,H,2.0,0.0,L Mason,13.0,15.0,7.0,4.0,2.0,5.0,8.0,20.0,0.0,5.0,0.0,0.0,1.9,3.5,4.75,1.89,3.56,4.71,1.84,3.63,4.92,1.89,3.44,4.41
1533,2018/19,2018-08-18,Leicester,Wolves,2.0,0.0,H,2.0,0.0,M Dean,6.0,11.0,2.0,3.0,1.0,9.0,10.0,8.0,2.0,1.0,1.0,0.0,2.04,3.5,3.9,2.05,3.56,3.9,2.14,3.41,3.81,2.05,3.44,3.77
1534,2018/19,2018-08-18,Tottenham,Fulham,3.0,1.0,H,1.0,0.0,A Taylor,25.0,10.0,11.0,3.0,5.0,2.0,9.0,5.0,0.0,0.0,0.0,0.0,1.28,6.0,12.0,1.28,6.29,12.44,1.27,6.5,11.96,1.28,5.88,10.92
1535,2018/19,2018-08-18,West Ham,Bournemouth,1.0,2.0,A,1.0,0.0,S Attwell,11.0,12.0,5.0,5.0,6.0,4.0,14.0,10.0,6.0,2.0,0.0,0.0,2.1,3.6,3.7,2.09,3.65,3.69,2.1,3.6,3.74,2.08,3.53,3.56
1536,2018/19,2018-08-19,Brighton,Man United,3.0,2.0,H,3.0,1.0,K Friend,6.0,9.0,3.0,3.0,3.0,5.0,16.0,13.0,1.0,1.0,0.0,0.0,5.5,3.6,1.75,5.37,3.56,1.81,5.9,3.7,1.71,5.19,3.53,1.76
1537,2018/19,2018-08-19,Burnley,Watford,1.0,3.0,A,1.0,1.0,P Tierney,8.0,9.0,3.0,6.0,5.0,2.0,8.0,19.0,1.0,2.0,0.0,0.0,2.45,3.1,3.4,2.47,3.08,3.37,2.48,3.11,3.36,2.39,3.04,3.34
1538,2018/19,2018-08-19,Man City,Huddersfield,6.0,1.0,H,3.0,1.0,A Marriner,32.0,5.0,14.0,1.0,10.0,3.0,9.0,4.0,0.0,2.0,0.0,0.0,1.1,13.0,26.0,1.1,12.39,32.7,1.08,13.93,36.05,1.09,11.35,28.36
1539,2018/19,2018-08-20,Crystal Palace,Liverpool,0.0,2.0,A,0.0,1.0,M Oliver,8.0,16.0,2.0,6.0,6.0,7.0,6.0,13.0,1.0,1.0,1.0,0.0,7.0,5.0,1.44,7.34,5.09,1.45,8.01,5.28,1.41,6.79,4.83,1.44
1540,2018/19,2018-08-25,Arsenal,West Ham,3.0,1.0,H,1.0,1.0,G Scott,17.0,13.0,10.0,5.0,10.0,2.0,16.0,13.0,1.0,3.0,0.0,0.0,1.36,5.5,9.0,1.38,5.52,8.77,1.37,5.65,8.67,1.37,5.32,8.1
1541,2018/19,2018-08-25,Bournemouth,Everton,2.0,2.0,D,0.0,0.0,L Probert,17.0,11.0,5.0,3.0,6.0,2.0,12.0,10.0,0.0,3.0,1.0,1.0,2.62,3.6,2.75,2.63,3.58,2.77,2.68,3.51,2.75,2.59,3.49,2.7
1542,2018/19,2018-08-25,Huddersfield,Cardiff,0.0,0.0,D,0.0,0.0,M Oliver,5.0,14.0,1.0,4.0,7.0,7.0,8.0,10.0,0.0,1.0,1.0,0.0,2.37,3.0,3.7,2.34,3.1,3.68,2.46,3.03,3.5,2.32,3.04,3.53
1543,2018/19,2018-08-25,Liverpool,Brighton,1.0,0.0,H,1.0,0.0,C Kavanagh,22.0,6.0,8.0,2.0,8.0,5.0,8.0,14.0,1.0,1.0,0.0,0.0,1.16,8.5,19.0,1.17,8.54,21.13,1.15,9.48,22.0,1.16,8.05,18.81
1544,2018/19,2018-08-25,Southampton,Leicester,1.0,2.0,A,0.0,0.0,J Moss,11.0,8.0,5.0,5.0,10.0,3.0,13.0,11.0,1.0,1.0,1.0,0.0,2.45,3.2,3.25,2.45,3.34,3.18,2.35,3.28,3.44,2.42,3.22,3.12
1545,2018/19,2018-08-25,Wolves,Man City,1.0,1.0,D,0.0,0.0,M Atkinson,11.0,18.0,2.0,6.0,5.0,9.0,13.0,8.0,1.0,2.0,0.0,0.0,11.0,6.5,1.28,12.1,6.52,1.27,12.01,5.82,1.3,10.84,6.18,1.27
1546,2018/19,2018-08-26,Fulham,Burnley,4.0,2.0,H,3.0,2.0,D Coote,25.0,12.0,12.0,2.0,6.0,4.0,11.0,8.0,2.0,1.0,0.0,0.0,2.0,3.4,4.33,1.97,3.47,4.4,2.26,3.23,3.71,1.98,3.36,4.14
1547,2018/19,2018-08-26,Newcastle,Chelsea,1.0,2.0,A,0.0,0.0,P Tierney,6.0,15.0,2.0,3.0,4.0,5.0,16.0,8.0,3.0,1.0,0.0,0.0,5.75,4.0,1.66,5.49,4.06,1.68,6.66,4.25,1.57,5.25,3.9,1.67
1548,2018/19,2018-08-26,Watford,Crystal Palace,2.0,1.0,H,0.0,0.0,A Taylor,13.0,9.0,5.0,3.0,6.0,3.0,14.0,11.0,4.0,2.0,0.0,0.0,2.6,3.25,3.0,2.61,3.33,2.96,2.37,3.37,3.3,2.55,3.22,2.92
1549,2018/19,2018-08-27,Man United,Tottenham,0.0,3.0,A,0.0,0.0,C Pawson,23.0,9.0,5.0,5.0,5.0,2.0,11.0,16.0,2.0,4.0,0.0,0.0,2.62,3.3,2.9,2.61,3.36,2.93,2.62,3.35,2.93,2.56,3.27,2.86
1550,2018/19,2018-09-01,Brighton,Fulham,2.0,2.0,D,0.0,1.0,L Probert,15.0,10.0,5.0,5.0,7.0,1.0,12.0,14.0,3.0,3.0,0.0,0.0,2.3,3.4,3.4,2.24,3.45,3.47,2.17,3.52,3.61,2.23,3.37,3.33
1551,2018/19,2018-09-01,Chelsea,Bournemouth,2.0,0.0,H,0.0,0.0,L Mason,24.0,8.0,6.0,1.0,7.0,6.0,10.0,7.0,2.0,2.0,0.0,0.0,1.3,6.0,11.0,1.3,6.3,10.73,1.32,5.98,10.48,1.29,5.88,9.9
1552,2018/19,2018-09-01,Crystal Palace,Southampton,0.0,2.0,A,0.0,0.0,M Atkinson,20.0,19.0,6.0,6.0,7.0,4.0,11.0,12.0,1.0,1.0,0.0,0.0,2.0,3.5,4.2,1.95,3.5,4.47,2.58,3.18,3.11,1.95,3.42,4.16
1553,2018/19,2018-09-01,Everton,Huddersfield,1.0,1.0,D,1.0,1.0,S Attwell,11.0,9.0,1.0,6.0,4.0,3.0,13.0,14.0,3.0,3.0,0.0,0.0,1.53,4.2,7.5,1.5,4.3,8.06,1.57,3.96,7.47,1.51,4.1,7.26
1554,2018/19,2018-09-01,Leicester,Liverpool,1.0,2.0,A,0.0,2.0,P Tierney,12.0,10.0,5.0,4.0,4.0,4.0,9.0,12.0,3.0,2.0,0.0,0.0,7.5,5.0,1.44,7.5,4.96,1.45,8.17,4.75,1.45,7.32,4.76,1.43
1555,2018/19,2018-09-01,Man City,Newcastle,2.0,1.0,H,1.0,1.0,K Friend,24.0,3.0,8.0,2.0,4.0,0.0,5.0,13.0,0.0,0.0,0.0,0.0,1.11,11.0,26.0,1.12,10.57,27.95,1.12,10.43,29.28,1.11,9.76,24.64
1556,2018/19,2018-09-01,West Ham,Wolves,0.0,1.0,A,0.0,0.0,C Kavanagh,13.0,15.0,3.0,6.0,4.0,4.0,10.0,11.0,2.0,1.0,0.0,0.0,2.6,3.4,2.87,2.58,3.44,2.91,2.6,3.26,3.02,2.51,3.37,2.86
1557,2018/19,2018-09-02,Burnley,Man United,0.0,2.0,A,0.0,2.0,J Moss,9.0,21.0,2.0,9.0,2.0,5.0,7.0,13.0,2.0,3.0,0.0,1.0,6.0,3.75,1.7,5.94,3.85,1.68,6.72,4.02,1.6,5.73,3.72,1.67
1558,2018/19,2018-09-02,Cardiff,Arsenal,2.0,3.0,A,1.0,1.0,A Taylor,14.0,17.0,3.0,11.0,3.0,9.0,12.0,14.0,3.0,4.0,0.0,0.0,6.5,4.33,1.57,6.35,4.54,1.55,6.34,4.47,1.56,6.0,4.22,1.56
1559,2018/19,2018-09-02,Watford,Tottenham,2.0,1.0,H,0.0,0.0,A Marriner,7.0,11.0,3.0,2.0,3.0,10.0,9.0,8.0,2.0,1.0,0.0,0.0,5.5,4.2,1.64,5.5,4.19,1.66,5.6,3.97,1.69,5.38,4.13,1.62
1560,2018/19,2018-09-15,Bournemouth,Leicester,4.0,2.0,H,3.0,0.0,C Pawson,10.0,14.0,5.0,8.0,4.0,6.0,13.0,15.0,3.0,2.0,0.0,1.0,2.45,3.5,3.0,2.43,3.46,3.13,2.46,3.35,3.17,2.42,3.41,2.98
1561,2018/19,2018-09-15,Chelsea,Cardiff,4.0,1.0,H,2.0,1.0,J Moss,18.0,6.0,7.0,2.0,5.0,4.0,8.0,10.0,0.0,0.0,0.0,0.0,1.18,8.0,19.0,1.19,7.4,18.5,1.14,8.85,23.0,1.18,7.2,17.53
1562,2018/19,2018-09-15,Huddersfield,Crystal Palace,0.0,1.0,A,0.0,1.0,L Mason,15.0,7.0,2.0,2.0,5.0,3.0,11.0,17.0,1.0,2.0,0.0,0.0,3.3,3.1,2.5,3.25,3.23,2.48,3.47,3.22,2.37,3.19,3.11,2.45
1563,2018/19,2018-09-15,Man City,Fulham,3.0,0.0,H,2.0,0.0,S Attwell,28.0,9.0,9.0,3.0,10.0,4.0,7.0,7.0,0.0,0.0,0.0,0.0,1.12,10.0,26.0,1.13,10.17,20.82,1.1,12.75,25.0,1.12,9.54,21.93
1564,2018/19,2018-09-15,Newcastle,Arsenal,1.0,2.0,A,0.0,0.0,L Probert,4.0,12.0,2.0,2.0,10.0,4.0,13.0,11.0,0.0,0.0,0.0,0.0,4.2,3.8,1.9,4.2,3.83,1.92,4.46,3.86,1.86,4.01,3.72,1.91
1565,2018/19,2018-09-15,Tottenham,Liverpool,1.0,2.0,A,0.0,1.0,M Oliver,11.0,17.0,3.0,10.0,5.0,4.0,17.0,16.0,0.0,0.0,0.0,0.0,3.0,3.6,2.4,3.03,3.71,2.37,3.14,3.57,2.37,2.97,3.62,2.33
1566,2018/19,2018-09-15,Watford,Man United,1.0,2.0,A,0.0,2.0,M Dean,14.0,9.0,5.0,6.0,6.0,8.0,9.0,11.0,2.0,1.0,0.0,1.0,4.33,3.6,1.95,4.18,3.65,1.97,4.8,3.68,1.85,4.16,3.55,1.93
1567,2018/19,2018-09-16,Everton,West Ham,1.0,3.0,A,1.0,2.0,M Atkinson,16.0,9.0,4.0,4.0,4.0,2.0,15.0,12.0,2.0,5.0,0.0,0.0,2.0,3.75,3.9,2.07,3.69,3.76,2.17,3.42,3.74,2.03,3.58,3.68
1568,2018/19,2018-09-16,Wolves,Burnley,1.0,0.0,H,0.0,0.0,A Marriner,30.0,7.0,7.0,2.0,8.0,2.0,10.0,9.0,2.0,4.0,0.0,0.0,1.75,3.6,5.75,1.74,3.65,5.82,1.75,3.65,5.75,1.74,3.55,5.42
1569,2018/19,2018-09-17,Southampton,Brighton,2.0,2.0,D,1.0,0.0,A Taylor,14.0,12.0,5.0,4.0,1.0,4.0,10.0,13.0,2.0,3.0,0.0,0.0,2.1,3.4,3.9,2.12,3.36,3.98,2.06,3.34,4.17,2.12,3.28,3.75
1570,2018/19,2018-09-22,Brighton,Tottenham,1.0,2.0,A,0.0,1.0,C Kavanagh,8.0,16.0,4.0,7.0,5.0,7.0,15.0,9.0,2.0,1.0,0.0,0.0,5.0,4.0,1.75,4.99,3.93,1.76,5.52,3.99,1.7,4.76,3.81,1.75
1571,2018/19,2018-09-22,Burnley,Bournemouth,4.0,0.0,H,2.0,0.0,A Taylor,12.0,19.0,5.0,5.0,3.0,8.0,17.0,6.0,2.0,0.0,0.0,0.0,3.0,3.4,2.5,2.95,3.42,2.59,3.38,3.38,2.34,2.87,3.32,2.55
1572,2018/19,2018-09-22,Cardiff,Man City,0.0,5.0,A,0.0,3.0,M Oliver,2.0,21.0,2.0,10.0,1.0,9.0,6.0,4.0,1.0,1.0,0.0,0.0,23.0,8.0,1.16,21.06,7.97,1.18,21.63,8.65,1.15,18.84,7.85,1.16
1573,2018/19,2018-09-22,Crystal Palace,Newcastle,0.0,0.0,D,0.0,0.0,A Marriner,16.0,6.0,4.0,3.0,9.0,5.0,8.0,11.0,1.0,1.0,0.0,0.0,2.14,3.4,3.75,2.18,3.38,3.77,2.15,3.29,3.9,2.14,3.32,3.68
1574,2018/19,2018-09-22,Fulham,Watford,1.0,1.0,D,0.0,1.0,M Atkinson,15.0,11.0,3.0,6.0,8.0,8.0,11.0,9.0,2.0,1.0,0.0,0.0,2.54,3.5,2.9,2.48,3.49,2.92,2.86,3.45,2.64,2.46,3.43,2.9
1575,2018/19,2018-09-22,Leicester,Huddersfield,3.0,1.0,H,1.0,1.0,D Coote,18.0,9.0,8.0,2.0,3.0,1.0,10.0,16.0,2.0,1.0,0.0,0.0,1.61,4.0,6.5,1.62,3.91,6.72,1.72,3.67,5.91,1.61,3.82,6.35
1576,2018/19,2018-09-22,Liverpool,Southampton,3.0,0.0,H,3.0,0.0,P Tierney,12.0,7.0,4.0,1.0,5.0,4.0,7.0,10.0,0.0,2.0,0.0,0.0,1.2,7.5,17.0,1.2,7.42,18.51,1.2,7.28,15.97,1.2,7.06,15.75
1577,2018/19,2018-09-22,Man United,Wolves,1.0,1.0,D,1.0,0.0,K Friend,15.0,11.0,6.0,8.0,5.0,4.0,5.0,17.0,1.0,1.0,0.0,0.0,1.57,4.33,6.5,1.59,4.19,6.52,1.6,3.85,6.81,1.57,4.12,6.09
1578,2018/19,2018-09-23,Arsenal,Everton,2.0,0.0,H,0.0,0.0,J Moss,9.0,9.0,5.0,6.0,5.0,9.0,17.0,12.0,2.0,1.0,0.0,0.0,1.44,5.0,7.5,1.49,4.93,6.88,1.4,5.46,7.94,1.46,4.83,6.54
1579,2018/19,2018-09-23,West Ham,Chelsea,0.0,0.0,D,0.0,0.0,M Dean,6.0,17.0,1.0,6.0,1.0,8.0,11.0,9.0,2.0,1.0,0.0,0.0,6.0,4.5,1.57,5.72,4.41,1.61,6.86,4.73,1.5,5.61,4.33,1.58
1580,2018/19,2018-09-29,Arsenal,Watford,2.0,0.0,H,0.0,0.0,A Taylor,9.0,13.0,2.0,4.0,6.0,6.0,11.0,17.0,2.0,2.0,0.0,0.0,1.44,5.1,7.0,1.5,4.85,6.75,1.49,4.88,6.75,1.47,4.77,6.41
1581,2018/19,2018-09-29,Chelsea,Liverpool,1.0,1.0,D,1.0,0.0,A Marriner,10.0,13.0,4.0,6.0,4.0,4.0,7.0,9.0,0.0,2.0,0.0,0.0,2.8,3.6,2.54,2.86,3.55,2.58,2.83,3.51,2.63,2.81,3.52,2.49
1582,2018/19,2018-09-29,Everton,Fulham,3.0,0.0,H,0.0,0.0,R East,19.0,6.0,6.0,0.0,12.0,1.0,13.0,13.0,0.0,3.0,0.0,0.0,1.75,4.2,4.75,1.76,4.05,4.82,1.65,4.32,5.49,1.74,3.99,4.58
1583,2018/19,2018-09-29,Huddersfield,Tottenham,0.0,2.0,A,0.0,2.0,C Pawson,9.0,10.0,5.0,6.0,3.0,0.0,17.0,16.0,2.0,2.0,0.0,0.0,8.5,4.5,1.44,8.01,4.5,1.48,6.19,3.88,1.66,7.61,4.48,1.46
1584,2018/19,2018-09-29,Man City,Brighton,2.0,0.0,H,1.0,0.0,L Mason,28.0,4.0,8.0,1.0,10.0,3.0,4.0,10.0,0.0,3.0,0.0,0.0,1.1,12.0,34.0,1.1,12.59,24.79,1.1,11.74,28.42,1.09,11.16,27.87
1585,2018/19,2018-09-29,Newcastle,Leicester,0.0,2.0,A,0.0,1.0,S Hooper,6.0,12.0,1.0,5.0,5.0,9.0,11.0,5.0,0.0,0.0,0.0,0.0,2.6,3.3,3.0,2.61,3.3,3.01,2.86,3.13,2.82,2.56,3.22,2.93
1586,2018/19,2018-09-29,West Ham,Man United,3.0,1.0,H,2.0,0.0,M Oliver,8.0,9.0,3.0,4.0,4.0,9.0,12.0,12.0,0.0,1.0,0.0,0.0,4.5,3.8,1.85,4.53,3.78,1.87,4.08,3.56,2.03,4.41,3.71,1.84
1587,2018/19,2018-09-29,Wolves,Southampton,2.0,0.0,H,0.0,0.0,S Attwell,14.0,17.0,6.0,6.0,8.0,6.0,11.0,7.0,3.0,1.0,0.0,0.0,1.8,3.6,5.25,1.85,3.56,5.04,1.96,3.48,4.5,1.82,3.54,4.79
1588,2018/19,2018-09-30,Cardiff,Burnley,1.0,2.0,A,0.0,0.0,M Atkinson,19.0,3.0,5.0,2.0,10.0,2.0,11.0,15.0,1.0,3.0,0.0,0.0,2.62,3.0,3.2,2.63,3.13,3.14,2.5,3.16,3.32,2.56,3.06,3.09
1589,2018/19,2018-10-01,Bournemouth,Crystal Palace,2.0,1.0,H,1.0,0.0,M Dean,11.0,10.0,5.0,2.0,3.0,3.0,9.0,12.0,3.0,4.0,0.0,0.0,2.25,3.5,3.4,2.3,3.52,3.33,2.33,3.52,3.27,2.25,3.43,3.24
1590,2018/19,2018-10-05,Brighton,West Ham,1.0,0.0,H,1.0,0.0,K Friend,9.0,17.0,4.0,4.0,2.0,9.0,12.0,8.0,3.0,2.0,0.0,0.0,2.7,3.3,2.87,2.72,3.3,2.87,2.77,3.24,2.87,2.67,3.26,2.8
1591,2018/19,2018-10-06,Burnley,Huddersfield,1.0,1.0,D,1.0,0.0,C Kavanagh,6.0,19.0,3.0,2.0,1.0,10.0,8.0,11.0,2.0,2.0,0.0,0.0,2.14,3.1,4.2,2.16,3.04,4.33,2.39,2.99,3.75,2.12,3.06,4.11
1592,2018/19,2018-10-06,Crystal Palace,Wolves,0.0,1.0,A,0.0,0.0,M Oliver,11.0,7.0,4.0,2.0,6.0,3.0,11.0,13.0,3.0,4.0,0.0,0.0,3.0,3.2,2.62,2.99,3.21,2.65,2.85,3.26,2.77,2.92,3.18,2.6
1593,2018/19,2018-10-06,Leicester,Everton,1.0,2.0,A,1.0,1.0,A Marriner,8.0,17.0,2.0,8.0,2.0,10.0,10.0,11.0,2.0,1.0,1.0,0.0,2.2,3.4,3.6,2.17,3.52,3.6,2.32,3.28,3.49,2.19,3.4,3.44
1594,2018/19,2018-10-06,Man United,Newcastle,3.0,2.0,H,0.0,2.0,A Taylor,18.0,13.0,10.0,8.0,10.0,6.0,16.0,8.0,2.0,2.0,0.0,0.0,1.44,4.5,9.0,1.46,4.54,8.56,1.4,4.75,10.06,1.45,4.44,7.86
1595,2018/19,2018-10-06,Tottenham,Cardiff,1.0,0.0,H,1.0,0.0,M Dean,19.0,8.0,7.0,6.0,6.0,2.0,7.0,11.0,2.0,1.0,0.0,1.0,1.22,7.0,15.0,1.22,6.74,15.07,1.25,6.6,12.33,1.23,6.51,13.14
1596,2018/19,2018-10-06,Watford,Bournemouth,0.0,4.0,A,0.0,3.0,J Moss,14.0,10.0,2.0,7.0,10.0,7.0,11.0,9.0,3.0,1.0,1.0,0.0,2.14,3.6,3.5,2.15,3.59,3.58,2.17,3.47,3.69,2.13,3.55,3.45
1597,2018/19,2018-10-07,Fulham,Arsenal,1.0,5.0,A,1.0,1.0,P Tierney,21.0,9.0,4.0,7.0,4.0,2.0,11.0,12.0,2.0,0.0,0.0,0.0,5.25,4.33,1.66,5.0,4.33,1.69,5.01,4.48,1.67,4.85,4.31,1.66
1598,2018/19,2018-10-07,Liverpool,Man City,0.0,0.0,D,0.0,0.0,M Atkinson,7.0,6.0,2.0,2.0,2.0,6.0,10.0,10.0,1.0,3.0,0.0,0.0,2.54,3.6,2.8,2.56,3.56,2.85,2.84,3.55,2.6,2.52,3.54,2.77
1599,2018/19,2018-10-07,Southampton,Chelsea,0.0,3.0,A,0.0,1.0,C Pawson,15.0,21.0,6.0,6.0,4.0,12.0,13.0,11.0,6.0,0.0,0.0,0.0,6.0,4.1,1.61,6.02,4.13,1.63,6.92,4.19,1.56,5.75,4.07,1.61
1600,2018/19,2018-10-20,Bournemouth,Southampton,0.0,0.0,D,0.0,0.0,L Probert,10.0,8.0,2.0,4.0,6.0,4.0,10.0,14.0,1.0,2.0,0.0,0.0,2.04,3.7,3.75,2.07,3.67,3.79,2.22,3.51,3.53,2.03,3.58,3.69
1601,2018/19,2018-10-20,Cardiff,Fulham,4.0,2.0,H,2.0,2.0,K Friend,22.0,9.0,5.0,4.0,4.0,4.0,15.0,16.0,3.0,3.0,0.0,0.0,2.5,3.5,2.95,2.51,3.46,3.02,2.62,3.45,2.88,2.46,3.42,2.91
1602,2018/19,2018-10-20,Chelsea,Man United,2.0,2.0,D,1.0,0.0,M Dean,21.0,7.0,6.0,4.0,5.0,3.0,9.0,17.0,2.0,5.0,0.0,0.0,1.75,3.8,5.25,1.74,3.93,5.26,1.77,3.9,5.01,1.73,3.86,4.94
1603,2018/19,2018-10-20,Huddersfield,Liverpool,0.0,1.0,A,0.0,1.0,M Oliver,13.0,11.0,1.0,2.0,2.0,4.0,9.0,6.0,0.0,2.0,0.0,0.0,11.0,5.5,1.33,11.49,5.36,1.33,12.75,6.18,1.26,11.1,5.18,1.31
1604,2018/19,2018-10-20,Man City,Burnley,5.0,0.0,H,1.0,0.0,J Moss,24.0,5.0,10.0,0.0,10.0,1.0,11.0,5.0,2.0,2.0,0.0,0.0,1.08,13.0,34.0,1.1,11.96,32.7,1.07,14.92,32.36,1.08,12.2,30.98
1605,2018/19,2018-10-20,Newcastle,Brighton,0.0,1.0,A,0.0,1.0,A Marriner,27.0,8.0,6.0,2.0,10.0,2.0,13.0,17.0,0.0,2.0,0.0,0.0,2.2,3.25,3.8,2.22,3.21,3.9,2.22,3.25,3.82,2.19,3.16,3.71
1606,2018/19,2018-10-20,West Ham,Tottenham,0.0,1.0,A,0.0,1.0,M Atkinson,13.0,10.0,4.0,2.0,10.0,6.0,8.0,10.0,3.0,0.0,0.0,0.0,4.1,3.9,1.9,4.07,3.89,1.93,3.89,3.73,2.02,4.02,3.8,1.89
1607,2018/19,2018-10-20,Wolves,Watford,0.0,2.0,A,0.0,2.0,L Mason,10.0,9.0,1.0,3.0,8.0,2.0,23.0,13.0,3.0,1.0,0.0,0.0,1.75,3.75,5.25,1.76,3.68,5.47,1.86,3.38,5.36,1.74,3.63,5.18
1608,2018/19,2018-10-21,Everton,Crystal Palace,2.0,0.0,H,0.0,0.0,A Taylor,20.0,7.0,4.0,3.0,10.0,5.0,13.0,17.0,2.0,1.0,0.0,0.0,1.85,3.6,4.75,1.88,3.67,4.66,1.78,3.67,5.35,1.86,3.56,4.49
1609,2018/19,2018-10-22,Arsenal,Leicester,3.0,1.0,H,1.0,1.0,C Kavanagh,19.0,8.0,6.0,2.0,6.0,4.0,10.0,10.0,2.0,2.0,0.0,0.0,1.53,4.5,6.5,1.56,4.36,6.51,1.63,4.13,6.03,1.53,4.45,5.99
1610,2018/19,2018-10-27,Brighton,Wolves,1.0,0.0,H,0.0,0.0,A Taylor,2.0,25.0,1.0,7.0,1.0,10.0,11.0,8.0,3.0,0.0,0.0,0.0,3.2,3.2,2.5,3.27,3.19,2.5,3.48,3.19,2.39,3.15,3.13,2.46
1611,2018/19,2018-10-27,Fulham,Bournemouth,0.0,3.0,A,0.0,1.0,A Marriner,11.0,12.0,1.0,5.0,5.0,5.0,16.0,3.0,2.0,1.0,1.0,0.0,2.9,3.75,2.4,2.95,3.75,2.42,2.85,3.71,2.51,2.85,3.69,2.38
1612,2018/19,2018-10-27,Leicester,West Ham,1.0,1.0,D,0.0,1.0,M Oliver,21.0,11.0,7.0,3.0,8.0,0.0,17.0,5.0,1.0,1.0,0.0,1.0,2.1,3.5,3.8,2.16,3.45,3.75,1.98,3.6,4.21,2.11,3.4,3.64
1613,2018/19,2018-10-27,Liverpool,Cardiff,4.0,1.0,H,1.0,0.0,S Attwell,19.0,2.0,7.0,1.0,8.0,0.0,6.0,4.0,0.0,0.0,0.0,0.0,1.11,11.0,26.0,1.11,10.86,27.28,1.12,9.84,28.98,1.11,10.13,26.13
1614,2018/19,2018-10-27,Southampton,Newcastle,0.0,0.0,D,0.0,0.0,C Kavanagh,22.0,6.0,4.0,0.0,7.0,2.0,9.0,12.0,0.0,1.0,0.0,0.0,2.1,3.4,3.9,2.14,3.37,3.91,2.01,3.55,4.15,2.11,3.27,3.8
1615,2018/19,2018-10-27,Watford,Huddersfield,3.0,0.0,H,2.0,0.0,M Dean,12.0,13.0,6.0,7.0,3.0,3.0,9.0,13.0,1.0,2.0,0.0,0.0,1.75,3.75,5.25,1.76,3.74,5.37,1.78,3.53,5.73,1.75,3.65,5.1
1616,2018/19,2018-10-28,Burnley,Chelsea,0.0,4.0,A,0.0,1.0,C Pawson,7.0,24.0,1.0,8.0,4.0,4.0,14.0,10.0,4.0,2.0,0.0,0.0,11.0,5.0,1.36,10.84,4.89,1.37,9.53,4.52,1.43,10.06,4.84,1.36
1617,2018/19,2018-10-28,Crystal Palace,Arsenal,2.0,2.0,D,1.0,0.0,M Atkinson,16.0,7.0,3.0,2.0,6.0,4.0,10.0,16.0,1.0,2.0,0.0,0.0,4.75,4.1,1.75,4.56,4.26,1.76,4.57,3.86,1.84,4.39,4.07,1.76
1618,2018/19,2018-10-28,Man United,Everton,2.0,1.0,H,1.0,0.0,J Moss,14.0,14.0,10.0,6.0,8.0,4.0,15.0,12.0,2.0,1.0,0.0,0.0,1.72,3.9,5.25,1.75,3.91,5.16,1.81,3.74,4.95,1.73,3.8,4.93
1619,2018/19,2018-10-29,Tottenham,Man City,0.0,1.0,A,0.0,1.0,K Friend,4.0,13.0,1.0,6.0,3.0,6.0,13.0,13.0,2.0,2.0,0.0,0.0,4.75,4.1,1.75,4.76,4.24,1.74,5.42,4.29,1.66,4.51,4.1,1.72
1620,2018/19,2018-11-03,Arsenal,Liverpool,1.0,1.0,D,0.0,0.0,A Marriner,12.0,13.0,4.0,4.0,5.0,8.0,7.0,7.0,1.0,1.0,0.0,0.0,3.9,3.9,1.95,3.92,3.77,2.0,3.91,3.94,1.96,3.67,3.77,1.98
1621,2018/19,2018-11-03,Bournemouth,Man United,1.0,2.0,A,1.0,1.0,P Tierney,18.0,18.0,7.0,8.0,9.0,5.0,12.0,12.0,4.0,3.0,0.0,0.0,3.6,3.7,2.1,3.62,3.64,2.14,3.9,3.98,1.95,3.54,3.57,2.1
1622,2018/19,2018-11-03,Cardiff,Leicester,0.0,1.0,A,0.0,0.0,L Probert,11.0,13.0,2.0,5.0,6.0,12.0,13.0,12.0,2.0,2.0,0.0,0.0,3.8,3.4,2.14,3.85,3.37,2.16,3.45,3.47,2.27,3.65,3.31,2.15
1623,2018/19,2018-11-03,Everton,Brighton,3.0,1.0,H,1.0,1.0,D Coote,14.0,5.0,3.0,3.0,6.0,4.0,9.0,17.0,0.0,1.0,0.0,0.0,1.61,4.0,6.5,1.58,4.07,7.01,1.57,4.04,7.24,1.59,3.94,6.28
1624,2018/19,2018-11-03,Newcastle,Watford,1.0,0.0,H,0.0,0.0,C Pawson,10.0,16.0,2.0,1.0,8.0,9.0,12.0,11.0,1.0,5.0,0.0,0.0,2.75,3.25,2.8,2.78,3.25,2.85,2.85,3.29,2.74,2.69,3.19,2.79
1625,2018/19,2018-11-03,West Ham,Burnley,4.0,2.0,H,1.0,1.0,R East,22.0,6.0,10.0,3.0,10.0,4.0,7.0,9.0,1.0,4.0,0.0,0.0,1.75,3.75,5.25,1.76,3.74,5.42,1.57,4.17,6.85,1.74,3.68,5.1
1626,2018/19,2018-11-03,Wolves,Tottenham,2.0,3.0,A,0.0,2.0,M Dean,16.0,10.0,7.0,8.0,5.0,1.0,11.0,8.0,1.0,2.0,0.0,0.0,3.1,3.4,2.45,3.13,3.36,2.49,3.43,3.38,2.32,3.05,3.33,2.41
1627,2018/19,2018-11-04,Chelsea,Crystal Palace,3.0,1.0,H,1.0,0.0,M Oliver,15.0,7.0,6.0,2.0,4.0,2.0,6.0,13.0,0.0,1.0,0.0,0.0,1.25,6.75,13.0,1.27,6.18,11.51,1.33,5.53,10.76,1.27,6.07,11.34
1628,2018/19,2018-11-04,Man City,Southampton,6.0,1.0,H,4.0,1.0,L Mason,18.0,12.0,8.0,6.0,4.0,4.0,14.0,9.0,1.0,1.0,0.0,0.0,1.11,11.0,29.0,1.11,10.68,28.68,1.12,10.04,27.35,1.11,9.93,24.64
1629,2018/19,2018-11-05,Huddersfield,Fulham,1.0,0.0,H,1.0,0.0,A Taylor,10.0,7.0,2.0,1.0,5.0,4.0,11.0,8.0,1.0,2.0,0.0,0.0,2.3,3.5,3.3,2.33,3.45,3.34,2.34,3.44,3.32,2.28,3.35,3.25
1630,2018/19,2018-11-10,Cardiff,Brighton,2.0,1.0,H,1.0,1.0,M Atkinson,20.0,7.0,6.0,3.0,4.0,1.0,7.0,21.0,2.0,1.0,0.0,1.0,2.6,3.1,3.1,2.61,3.19,3.11,2.58,3.15,3.19,2.56,3.11,3.05
1631,2018/19,2018-11-10,Crystal Palace,Tottenham,0.0,1.0,A,0.0,0.0,J Moss,11.0,11.0,4.0,2.0,10.0,6.0,12.0,9.0,1.0,1.0,0.0,0.0,4.5,3.75,1.85,4.48,3.67,1.91,5.48,3.96,1.7,4.34,3.67,1.86
1632,2018/19,2018-11-10,Huddersfield,West Ham,1.0,1.0,D,1.0,0.0,C Kavanagh,15.0,12.0,7.0,5.0,5.0,6.0,9.0,8.0,1.0,1.0,0.0,0.0,3.4,3.25,2.35,3.46,3.33,2.33,3.27,3.27,2.46,3.39,3.21,2.3
1633,2018/19,2018-11-10,Leicester,Burnley,0.0,0.0,D,0.0,0.0,M Dean,22.0,6.0,5.0,1.0,12.0,1.0,13.0,10.0,2.0,0.0,0.0,0.0,1.5,4.33,8.0,1.49,4.45,7.95,1.49,4.47,7.93,1.49,4.28,7.24
1634,2018/19,2018-11-10,Newcastle,Bournemouth,2.0,1.0,H,2.0,1.0,L Probert,18.0,14.0,6.0,4.0,7.0,10.0,9.0,11.0,2.0,1.0,0.0,0.0,2.9,3.4,2.6,2.89,3.43,2.62,2.94,3.5,2.55,2.81,3.33,2.59
1635,2018/19,2018-11-10,Southampton,Watford,1.0,1.0,D,1.0,0.0,S Hooper,14.0,12.0,4.0,6.0,7.0,6.0,13.0,13.0,3.0,2.0,0.0,0.0,2.5,3.3,3.1,2.53,3.34,3.09,2.34,3.44,3.32,2.47,3.28,3.0
1636,2018/19,2018-11-11,Arsenal,Wolves,1.0,1.0,D,0.0,1.0,S Attwell,10.0,12.0,3.0,5.0,11.0,2.0,9.0,16.0,2.0,2.0,0.0,0.0,1.66,4.2,5.25,1.68,4.14,5.41,1.65,4.15,5.71,1.65,4.11,5.19
1637,2018/19,2018-11-11,Chelsea,Everton,0.0,0.0,D,0.0,0.0,K Friend,15.0,6.0,4.0,1.0,5.0,5.0,7.0,11.0,4.0,3.0,0.0,0.0,1.4,5.25,8.5,1.42,5.17,7.89,1.4,5.04,8.94,1.42,4.89,7.45
1638,2018/19,2018-11-11,Liverpool,Fulham,2.0,0.0,H,1.0,0.0,P Tierney,20.0,8.0,7.0,3.0,6.0,3.0,11.0,9.0,1.0,1.0,0.0,0.0,1.11,11.0,26.0,1.11,10.9,24.65,1.1,11.92,26.16,1.11,10.48,23.87
1639,2018/19,2018-11-11,Man City,Man United,3.0,1.0,H,1.0,0.0,A Taylor,17.0,6.0,5.0,1.0,5.0,1.0,12.0,12.0,1.0,1.0,0.0,0.0,1.4,5.25,8.5,1.39,5.4,8.32,1.36,5.42,9.53,1.39,5.14,7.77
1640,2018/19,2018-11-24,Brighton,Leicester,1.0,1.0,D,1.0,0.0,C Kavanagh,14.0,8.0,3.0,3.0,6.0,1.0,10.0,7.0,3.0,1.0,0.0,1.0,2.9,3.4,2.6,2.89,3.25,2.74,2.9,3.15,2.81,2.87,3.18,2.63
1641,2018/19,2018-11-24,Everton,Cardiff,1.0,0.0,H,0.0,0.0,P Tierney,16.0,7.0,8.0,1.0,7.0,3.0,12.0,13.0,0.0,3.0,0.0,0.0,1.4,5.0,9.0,1.43,4.78,8.61,1.47,4.34,8.88,1.42,4.66,8.12
1642,2018/19,2018-11-24,Fulham,Southampton,3.0,2.0,H,2.0,1.0,M Oliver,10.0,19.0,5.0,8.0,2.0,5.0,10.0,6.0,2.0,3.0,0.0,0.0,2.62,3.5,2.8,2.68,3.45,2.82,2.8,3.31,2.78,2.61,3.35,2.77
1643,2018/19,2018-11-24,Man United,Crystal Palace,0.0,0.0,D,0.0,0.0,L Mason,12.0,13.0,5.0,2.0,10.0,3.0,13.0,12.0,1.0,2.0,0.0,0.0,1.4,5.25,8.0,1.42,4.88,8.79,1.46,4.47,8.65,1.4,4.81,8.13
1644,2018/19,2018-11-24,Tottenham,Chelsea,3.0,1.0,H,2.0,0.0,M Atkinson,18.0,13.0,9.0,2.0,4.0,4.0,19.0,12.0,0.0,3.0,0.0,0.0,2.8,3.5,2.6,2.87,3.5,2.6,3.09,3.44,2.47,2.78,3.42,2.56
1645,2018/19,2018-11-24,Watford,Liverpool,0.0,3.0,A,0.0,0.0,J Moss,5.0,10.0,1.0,7.0,5.0,5.0,12.0,13.0,0.0,0.0,0.0,1.0,6.5,4.33,1.55,6.31,4.28,1.59,6.29,4.46,1.56,6.03,4.28,1.55
1646,2018/19,2018-11-24,West Ham,Man City,0.0,4.0,A,0.0,3.0,A Marriner,9.0,9.0,1.0,6.0,8.0,1.0,6.0,3.0,0.0,0.0,0.0,0.0,13.0,6.5,1.25,12.46,6.58,1.25,12.2,6.9,1.24,11.55,6.3,1.25
1647,2018/19,2018-11-25,Bournemouth,Arsenal,1.0,2.0,A,1.0,1.0,C Pawson,11.0,20.0,5.0,4.0,5.0,8.0,6.0,9.0,2.0,1.0,0.0,0.0,3.5,3.75,1.95,3.53,3.84,2.1,3.38,3.7,2.21,3.5,3.77,2.03
1648,2018/19,2018-11-25,Wolves,Huddersfield,0.0,2.0,A,0.0,1.0,K Friend,12.0,14.0,3.0,6.0,3.0,5.0,9.0,8.0,1.0,2.0,0.0,0.0,1.5,4.33,8.0,1.51,4.16,8.2,1.61,3.71,7.73,1.49,4.08,7.75
1649,2018/19,2018-11-26,Burnley,Newcastle,1.0,2.0,A,1.0,2.0,A Taylor,14.0,17.0,4.0,3.0,5.0,5.0,6.0,11.0,0.0,1.0,0.0,0.0,2.9,3.2,2.75,2.93,3.16,2.77,3.03,3.18,2.67,2.84,3.1,2.7
1650,2018/19,2018-11-30,Cardiff,Wolves,2.0,1.0,H,0.0,1.0,A Marriner,17.0,15.0,3.0,4.0,7.0,6.0,3.0,12.0,1.0,2.0,0.0,0.0,3.8,3.25,2.2,3.76,3.32,2.22,3.63,3.28,2.28,3.64,3.2,2.21
1651,2018/19,2018-12-01,Crystal Palace,Burnley,2.0,0.0,H,1.0,0.0,L Probert,29.0,4.0,9.0,0.0,10.0,2.0,9.0,10.0,1.0,1.0,0.0,0.0,1.61,3.9,6.5,1.62,3.92,6.65,1.56,4.07,7.28,1.62,3.82,6.21
1652,2018/19,2018-12-01,Huddersfield,Brighton,1.0,2.0,A,1.0,1.0,M Oliver,7.0,14.0,2.0,6.0,2.0,6.0,10.0,12.0,0.0,2.0,1.0,0.0,2.5,3.0,3.4,2.5,3.06,3.42,2.43,2.93,3.76,2.47,2.97,3.31
1653,2018/19,2018-12-01,Leicester,Watford,2.0,0.0,H,2.0,0.0,G Scott,7.0,8.0,3.0,0.0,4.0,8.0,7.0,6.0,2.0,1.0,0.0,1.0,2.25,3.3,3.6,2.28,3.35,3.54,2.36,3.3,3.41,2.25,3.3,3.4
1654,2018/19,2018-12-01,Man City,Bournemouth,3.0,1.0,H,1.0,1.0,S Attwell,16.0,4.0,6.0,1.0,8.0,4.0,9.0,3.0,0.0,0.0,0.0,0.0,1.11,11.0,26.0,1.11,10.98,23.72,1.13,9.87,22.77,1.11,10.11,22.4
1655,2018/19,2018-12-01,Newcastle,West Ham,0.0,3.0,A,0.0,1.0,P Tierney,16.0,7.0,4.0,4.0,7.0,3.0,10.0,10.0,3.0,3.0,0.0,0.0,2.5,3.3,3.1,2.5,3.38,3.1,2.59,3.37,2.98,2.47,3.25,3.03
1656,2018/19,2018-12-01,Southampton,Man United,2.0,2.0,D,2.0,2.0,K Friend,16.0,11.0,6.0,5.0,3.0,5.0,12.0,13.0,4.0,4.0,0.0,0.0,4.33,3.6,1.95,4.3,3.52,1.99,4.29,3.58,1.97,4.2,3.53,1.92
1657,2018/19,2018-12-02,Arsenal,Tottenham,4.0,2.0,H,1.0,2.0,M Dean,22.0,11.0,7.0,6.0,8.0,5.0,15.0,17.0,3.0,3.0,0.0,1.0,2.62,3.6,2.75,2.63,3.73,2.7,2.94,3.53,2.53,2.56,3.57,2.69
1658,2018/19,2018-12-02,Chelsea,Fulham,2.0,0.0,H,1.0,0.0,C Pawson,16.0,9.0,9.0,4.0,4.0,6.0,8.0,17.0,2.0,1.0,0.0,0.0,1.18,8.0,17.0,1.18,7.92,15.58,1.2,7.59,14.82,1.18,7.65,15.63
1659,2018/19,2018-12-02,Liverpool,Everton,1.0,0.0,H,0.0,0.0,C Kavanagh,16.0,9.0,3.0,3.0,8.0,1.0,12.0,7.0,3.0,2.0,0.0,0.0,1.4,5.0,9.0,1.41,5.05,8.47,1.47,4.49,8.31,1.39,4.94,8.28
1660,2018/19,2018-12-04,Bournemouth,Huddersfield,2.0,1.0,H,2.0,1.0,R East,6.0,23.0,2.0,6.0,4.0,8.0,14.0,11.0,4.0,2.0,0.0,0.0,1.66,3.8,6.0,1.7,3.82,5.82,1.74,3.72,5.65,1.69,3.77,5.45
1661,2018/19,2018-12-04,Brighton,Crystal Palace,3.0,1.0,H,3.0,0.0,K Friend,9.0,18.0,3.0,5.0,4.0,5.0,14.0,12.0,2.0,3.0,1.0,0.0,3.0,3.1,2.7,2.98,3.14,2.74,3.14,2.95,2.77,2.9,3.06,2.72
1662,2018/19,2018-12-04,Watford,Man City,1.0,2.0,A,0.0,1.0,P Tierney,11.0,15.0,7.0,7.0,3.0,11.0,4.0,8.0,0.0,1.0,0.0,0.0,11.0,6.0,1.3,9.74,5.98,1.31,9.33,5.38,1.37,10.09,5.8,1.3
1663,2018/19,2018-12-04,West Ham,Cardiff,3.0,1.0,H,0.0,0.0,G Scott,17.0,9.0,11.0,5.0,10.0,4.0,10.0,10.0,1.0,2.0,0.0,0.0,1.66,4.0,5.75,1.66,4.09,5.76,1.7,3.94,5.59,1.65,3.95,5.55
1664,2018/19,2018-12-05,Burnley,Liverpool,1.0,3.0,A,0.0,0.0,S Attwell,10.0,18.0,6.0,12.0,5.0,9.0,10.0,3.0,1.0,0.0,0.0,0.0,14.0,5.75,1.28,11.09,5.9,1.29,11.43,5.21,1.33,11.64,5.7,1.28
1665,2018/19,2018-12-05,Everton,Newcastle,1.0,1.0,D,1.0,1.0,L Mason,19.0,8.0,3.0,5.0,14.0,2.0,7.0,18.0,0.0,5.0,0.0,0.0,1.6,4.0,6.5,1.6,3.94,6.98,1.49,4.37,8.17,1.58,3.9,6.4
1666,2018/19,2018-12-05,Fulham,Leicester,1.0,1.0,D,1.0,0.0,D Coote,25.0,13.0,7.0,5.0,10.0,8.0,12.0,7.0,0.0,0.0,0.0,0.0,3.0,3.5,2.45,3.06,3.51,2.45,2.75,3.36,2.8,2.97,3.43,2.41
1667,2018/19,2018-12-05,Man United,Arsenal,2.0,2.0,D,1.0,1.0,A Marriner,10.0,9.0,7.0,4.0,4.0,4.0,13.0,10.0,3.0,3.0,0.0,0.0,2.45,3.5,3.0,2.45,3.59,3.01,2.44,3.52,3.07,2.4,3.48,2.93
1668,2018/19,2018-12-05,Tottenham,Southampton,3.0,1.0,H,1.0,0.0,A Taylor,13.0,18.0,8.0,5.0,8.0,6.0,7.0,5.0,0.0,0.0,0.0,0.0,1.36,5.25,9.5,1.38,5.11,9.52,1.34,5.45,10.73,1.37,4.96,8.82
1669,2018/19,2018-12-05,Wolves,Chelsea,2.0,1.0,H,0.0,1.0,J Moss,6.0,17.0,2.0,3.0,1.0,5.0,18.0,10.0,4.0,4.0,0.0,0.0,5.0,3.75,1.8,4.85,3.82,1.81,6.01,3.94,1.66,4.7,3.71,1.78
1670,2018/19,2018-12-08,Arsenal,Huddersfield,1.0,0.0,H,0.0,0.0,P Tierney,14.0,6.0,2.0,0.0,7.0,1.0,13.0,20.0,5.0,4.0,0.0,0.0,1.28,6.0,12.0,1.27,6.13,11.66,1.3,5.74,12.4,1.28,5.88,11.2
1671,2018/19,2018-12-08,Bournemouth,Liverpool,0.0,4.0,A,0.0,1.0,L Mason,8.0,10.0,2.0,4.0,6.0,6.0,9.0,11.0,2.0,1.0,0.0,0.0,5.75,4.5,1.6,5.94,4.52,1.58,7.43,4.72,1.48,5.53,4.33,1.59
1672,2018/19,2018-12-08,Burnley,Brighton,1.0,0.0,H,1.0,0.0,M Atkinson,14.0,14.0,4.0,1.0,2.0,7.0,11.0,11.0,2.0,0.0,0.0,0.0,2.9,3.2,2.75,2.87,3.15,2.84,2.98,3.11,2.77,2.84,3.08,2.73
1673,2018/19,2018-12-08,Cardiff,Southampton,1.0,0.0,H,0.0,0.0,J Moss,13.0,12.0,4.0,1.0,7.0,7.0,9.0,10.0,2.0,2.0,0.0,0.0,2.9,3.25,2.7,2.92,3.33,2.66,3.3,3.28,2.44,2.86,3.21,2.62
1674,2018/19,2018-12-08,Chelsea,Man City,2.0,0.0,H,1.0,0.0,M Oliver,8.0,14.0,5.0,4.0,1.0,13.0,12.0,11.0,2.0,0.0,0.0,0.0,4.0,3.8,1.95,4.0,3.75,1.99,3.56,3.47,2.22,3.85,3.67,1.95
1675,2018/19,2018-12-08,Leicester,Tottenham,0.0,2.0,A,0.0,1.0,C Pawson,11.0,7.0,3.0,2.0,6.0,5.0,12.0,7.0,3.0,1.0,0.0,0.0,3.8,3.75,2.0,3.94,3.55,2.07,4.34,3.49,1.99,3.79,3.55,2.0
1676,2018/19,2018-12-08,Man United,Fulham,4.0,1.0,H,3.0,0.0,L Probert,20.0,10.0,11.0,4.0,10.0,3.0,11.0,15.0,1.0,1.0,0.0,1.0,1.33,5.75,10.0,1.36,5.29,9.84,1.39,5.09,9.42,1.35,5.24,9.11
1677,2018/19,2018-12-08,West Ham,Crystal Palace,3.0,2.0,H,0.0,1.0,A Taylor,13.0,8.0,6.0,4.0,5.0,3.0,10.0,8.0,1.0,2.0,0.0,0.0,2.3,3.4,3.4,2.29,3.43,3.45,2.32,3.54,3.27,2.26,3.34,3.32
1678,2018/19,2018-12-09,Newcastle,Wolves,1.0,2.0,A,1.0,1.0,M Dean,12.0,13.0,4.0,6.0,4.0,6.0,10.0,17.0,2.0,5.0,1.0,0.0,2.9,3.2,2.7,3.01,3.16,2.7,2.97,3.05,2.83,2.91,3.08,2.65
1679,2018/19,2018-12-10,Everton,Watford,2.0,2.0,D,1.0,0.0,K Friend,12.0,15.0,5.0,3.0,6.0,6.0,13.0,13.0,1.0,1.0,0.0,0.0,1.8,3.75,5.0,1.77,3.93,4.99,1.69,3.92,5.7,1.75,3.74,4.77
1680,2018/19,2018-12-15,Crystal Palace,Leicester,1.0,0.0,H,1.0,0.0,M Oliver,8.0,12.0,1.0,2.0,4.0,4.0,10.0,8.0,2.0,1.0,0.0,0.0,2.62,3.2,3.0,2.72,3.15,2.99,2.73,3.2,2.94,2.64,3.12,2.92
1681,2018/19,2018-12-15,Fulham,West Ham,0.0,2.0,A,0.0,2.0,M Dean,16.0,6.0,4.0,3.0,6.0,4.0,14.0,10.0,2.0,1.0,0.0,0.0,2.9,3.6,2.5,3.03,3.59,2.44,3.12,3.56,2.4,2.9,3.51,2.42
1682,2018/19,2018-12-15,Huddersfield,Newcastle,0.0,1.0,A,0.0,0.0,A Taylor,15.0,8.0,5.0,5.0,10.0,1.0,5.0,13.0,1.0,1.0,0.0,0.0,2.6,3.1,3.1,2.73,3.05,3.08,2.64,3.07,3.19,2.63,3.01,3.05
1683,2018/19,2018-12-15,Man City,Everton,3.0,1.0,H,1.0,0.0,C Pawson,13.0,9.0,5.0,2.0,6.0,2.0,7.0,9.0,1.0,2.0,0.0,0.0,1.22,7.5,13.0,1.22,7.01,13.26,1.23,6.83,13.15,1.22,6.83,12.85
1684,2018/19,2018-12-15,Tottenham,Burnley,1.0,0.0,H,0.0,0.0,G Scott,15.0,4.0,3.0,0.0,8.0,3.0,7.0,8.0,0.0,2.0,0.0,0.0,1.18,8.0,19.0,1.18,7.74,18.36,1.2,6.92,18.03,1.18,7.45,16.85
1685,2018/19,2018-12-15,Watford,Cardiff,3.0,2.0,H,1.0,0.0,A Madley,17.0,10.0,8.0,3.0,5.0,0.0,7.0,5.0,0.0,0.0,0.0,0.0,1.64,3.9,6.0,1.63,3.99,6.37,1.68,3.9,5.86,1.64,3.87,5.81
1686,2018/19,2018-12-15,Wolves,Bournemouth,2.0,0.0,H,1.0,0.0,S Hooper,9.0,13.0,3.0,3.0,5.0,3.0,15.0,7.0,1.0,2.0,0.0,0.0,1.95,3.6,4.33,2.02,3.48,4.2,2.02,3.45,4.24,1.96,3.51,4.09
1687,2018/19,2018-12-16,Brighton,Chelsea,1.0,2.0,A,0.0,2.0,S Attwell,6.0,10.0,2.0,3.0,4.0,1.0,14.0,6.0,2.0,2.0,0.0,0.0,7.5,4.5,1.5,7.64,4.37,1.51,8.63,4.58,1.45,7.4,4.31,1.48
1688,2018/19,2018-12-16,Liverpool,Man United,3.0,1.0,H,1.0,1.0,M Atkinson,36.0,6.0,11.0,2.0,13.0,2.0,6.0,14.0,0.0,2.0,0.0,0.0,1.57,4.5,6.0,1.53,4.51,6.76,1.55,4.26,7.09,1.54,4.31,6.29
1689,2018/19,2018-12-16,Southampton,Arsenal,3.0,2.0,H,2.0,1.0,C Kavanagh,12.0,13.0,7.0,4.0,4.0,5.0,12.0,10.0,3.0,1.0,0.0,0.0,4.1,3.9,1.9,3.87,3.9,1.98,4.52,4.0,1.82,3.84,3.8,1.93
1690,2018/19,2018-12-21,Wolves,Liverpool,0.0,2.0,A,0.0,1.0,C Pawson,11.0,15.0,5.0,6.0,1.0,10.0,7.0,3.0,0.0,0.0,0.0,0.0,7.0,4.0,1.57,6.85,4.04,1.59,7.49,4.16,1.54,6.61,3.97,1.58
1691,2018/19,2018-12-22,Arsenal,Burnley,3.0,1.0,H,1.0,0.0,K Friend,10.0,7.0,6.0,2.0,1.0,3.0,10.0,14.0,2.0,5.0,0.0,0.0,1.25,6.5,15.0,1.23,6.4,14.96,1.2,7.15,15.42,1.24,6.29,13.63
1692,2018/19,2018-12-22,Bournemouth,Brighton,2.0,0.0,H,1.0,0.0,M Dean,14.0,10.0,3.0,5.0,6.0,5.0,8.0,18.0,2.0,0.0,0.0,1.0,1.9,3.7,4.33,1.95,3.55,4.4,2.03,3.5,4.14,1.91,3.54,4.27
1693,2018/19,2018-12-22,Cardiff,Man United,1.0,5.0,A,1.0,3.0,M Oliver,9.0,17.0,3.0,9.0,4.0,7.0,13.0,13.0,2.0,1.0,0.0,0.0,6.5,4.2,1.57,6.27,4.1,1.62,6.9,4.32,1.55,6.06,4.05,1.59
1694,2018/19,2018-12-22,Chelsea,Leicester,0.0,1.0,A,0.0,0.0,L Probert,17.0,8.0,5.0,3.0,9.0,5.0,10.0,9.0,0.0,2.0,0.0,0.0,1.33,5.5,11.0,1.33,5.42,11.37,1.34,5.48,10.52,1.33,5.23,10.39
1695,2018/19,2018-12-22,Huddersfield,Southampton,1.0,3.0,A,0.0,2.0,S Attwell,16.0,13.0,5.0,6.0,8.0,2.0,12.0,9.0,2.0,3.0,0.0,0.0,3.1,3.1,2.6,3.08,3.11,2.68,2.9,3.1,2.85,3.05,3.07,2.58
1696,2018/19,2018-12-22,Man City,Crystal Palace,2.0,3.0,A,1.0,2.0,A Marriner,19.0,5.0,5.0,3.0,13.0,0.0,7.0,6.0,0.0,4.0,0.0,0.0,1.14,10.0,21.0,1.14,9.39,21.47,1.17,7.9,19.72,1.14,8.79,19.89
1697,2018/19,2018-12-22,Newcastle,Fulham,0.0,0.0,D,0.0,0.0,M Atkinson,9.0,4.0,0.0,2.0,6.0,0.0,9.0,12.0,1.0,2.0,0.0,0.0,2.0,3.6,4.0,2.03,3.58,4.06,2.39,3.26,3.41,1.99,3.52,3.94
1698,2018/19,2018-12-22,West Ham,Watford,0.0,2.0,A,0.0,1.0,L Mason,18.0,11.0,7.0,5.0,10.0,4.0,9.0,11.0,3.0,2.0,0.0,0.0,2.37,3.5,3.1,2.37,3.57,3.16,2.5,3.53,2.98,2.33,3.48,3.07
1699,2018/19,2018-12-23,Everton,Tottenham,2.0,6.0,A,1.0,3.0,P Tierney,10.0,17.0,3.0,8.0,2.0,1.0,13.0,9.0,0.0,2.0,0.0,0.0,3.25,3.5,2.3,3.27,3.47,2.35,3.48,3.76,2.15,3.19,3.42,2.29
1700,2018/19,2018-12-26,Brighton,Arsenal,1.0,1.0,D,1.0,1.0,A Taylor,12.0,7.0,3.0,4.0,4.0,9.0,10.0,4.0,2.0,1.0,0.0,0.0,5.25,3.9,1.72,5.26,3.84,1.75,5.48,3.89,1.72,5.04,3.84,1.71
1701,2018/19,2018-12-26,Burnley,Everton,1.0,5.0,A,1.0,3.0,M Oliver,11.0,13.0,4.0,6.0,5.0,7.0,11.0,19.0,2.0,4.0,0.0,0.0,4.33,3.5,1.95,4.51,3.5,1.95,4.38,3.65,1.93,4.33,3.44,1.93
1702,2018/19,2018-12-26,Crystal Palace,Cardiff,0.0,0.0,D,0.0,0.0,L Probert,31.0,9.0,5.0,4.0,12.0,1.0,9.0,11.0,0.0,3.0,0.0,0.0,1.66,4.0,5.75,1.65,3.96,6.08,1.66,3.79,6.44,1.65,3.92,5.59
1703,2018/19,2018-12-26,Fulham,Wolves,1.0,1.0,D,0.0,0.0,A Marriner,11.0,14.0,9.0,5.0,2.0,0.0,9.0,6.0,2.0,1.0,0.0,0.0,3.25,3.4,2.37,3.25,3.3,2.45,2.96,3.15,2.76,3.19,3.28,2.36
1704,2018/19,2018-12-26,Leicester,Man City,2.0,1.0,H,1.0,1.0,M Dean,10.0,11.0,5.0,4.0,3.0,7.0,5.0,8.0,2.0,2.0,0.0,1.0,9.5,5.25,1.36,9.66,5.31,1.36,9.58,5.9,1.33,9.0,5.13,1.36
1705,2018/19,2018-12-26,Liverpool,Newcastle,4.0,0.0,H,1.0,0.0,G Scott,16.0,6.0,8.0,2.0,10.0,2.0,7.0,9.0,0.0,0.0,0.0,0.0,1.16,8.5,19.0,1.16,8.26,19.61,1.16,8.43,19.78,1.16,8.05,17.73
1706,2018/19,2018-12-26,Man United,Huddersfield,3.0,1.0,H,1.0,0.0,J Moss,16.0,10.0,10.0,2.0,5.0,3.0,9.0,13.0,1.0,1.0,0.0,0.0,1.25,6.5,15.0,1.23,6.79,13.8,1.27,6.13,13.45,1.23,6.34,13.66
1707,2018/19,2018-12-26,Tottenham,Bournemouth,5.0,0.0,H,3.0,0.0,C Kavanagh,10.0,14.0,7.0,4.0,3.0,4.0,4.0,8.0,2.0,1.0,0.0,0.0,1.36,5.5,9.0,1.37,5.18,10.01,1.37,5.38,9.25,1.35,5.23,9.12
1708,2018/19,2018-12-26,Watford,Chelsea,1.0,2.0,A,1.0,1.0,M Atkinson,10.0,10.0,2.0,4.0,3.0,4.0,15.0,5.0,1.0,0.0,0.0,0.0,5.25,3.8,1.75,5.08,3.92,1.76,5.74,4.01,1.67,4.89,3.8,1.74
1709,2018/19,2018-12-27,Southampton,West Ham,1.0,2.0,A,0.0,0.0,C Pawson,11.0,16.0,5.0,5.0,4.0,5.0,10.0,3.0,2.0,0.0,0.0,0.0,2.3,3.5,3.3,2.28,3.56,3.32,2.32,3.37,3.43,2.25,3.46,3.24
1710,2018/19,2018-12-29,Brighton,Everton,1.0,0.0,H,0.0,0.0,A Madley,11.0,13.0,3.0,4.0,6.0,6.0,10.0,11.0,0.0,2.0,0.0,0.0,3.25,3.4,2.14,3.54,3.41,2.26,3.27,3.34,2.41,3.44,3.36,2.21
1711,2018/19,2018-12-29,Fulham,Huddersfield,1.0,0.0,H,0.0,0.0,K Friend,14.0,9.0,5.0,5.0,4.0,3.0,12.0,10.0,3.0,1.0,0.0,0.0,2.0,3.4,3.75,2.09,3.32,4.16,2.07,3.26,4.33,2.06,3.27,3.97
1712,2018/19,2018-12-29,Leicester,Cardiff,0.0,1.0,A,0.0,0.0,S Hooper,16.0,12.0,7.0,3.0,10.0,4.0,14.0,16.0,0.0,2.0,0.0,0.0,1.55,4.0,6.0,1.58,4.31,6.4,1.6,3.81,7.44,1.57,4.13,6.18
1713,2018/19,2018-12-29,Liverpool,Arsenal,5.0,1.0,H,4.0,1.0,M Oliver,15.0,8.0,10.0,2.0,5.0,3.0,8.0,13.0,1.0,2.0,0.0,0.0,1.5,4.5,5.75,1.5,4.93,6.59,1.39,5.54,7.97,1.49,4.74,6.25
1714,2018/19,2018-12-29,Tottenham,Wolves,1.0,3.0,A,1.0,0.0,S Attwell,10.0,11.0,3.0,4.0,6.0,7.0,7.0,7.0,3.0,2.0,0.0,0.0,1.33,5.0,8.5,1.37,5.12,9.98,1.47,4.47,8.39,1.36,5.01,9.16
1715,2018/19,2018-12-29,Watford,Newcastle,1.0,1.0,D,0.0,1.0,R East,12.0,8.0,5.0,2.0,3.0,6.0,17.0,16.0,1.0,2.0,0.0,0.0,1.85,3.6,4.0,1.81,3.78,4.9,1.79,3.67,5.26,1.81,3.67,4.59
1716,2018/19,2018-12-30,Burnley,West Ham,2.0,0.0,H,2.0,0.0,D Coote,17.0,11.0,5.0,4.0,5.0,5.0,15.0,11.0,1.0,4.0,0.0,0.0,3.3,3.2,2.25,3.39,3.53,2.27,3.86,3.57,2.08,3.25,3.4,2.27
1717,2018/19,2018-12-30,Crystal Palace,Chelsea,0.0,1.0,A,0.0,0.0,C Pawson,4.0,12.0,0.0,4.0,3.0,4.0,11.0,8.0,0.0,1.0,0.0,0.0,4.75,4.0,1.66,5.17,3.87,1.76,5.19,3.79,1.77,4.96,3.8,1.73
1718,2018/19,2018-12-30,Man United,Bournemouth,4.0,1.0,H,3.0,1.0,L Mason,11.0,7.0,8.0,3.0,4.0,5.0,10.0,7.0,2.0,0.0,1.0,0.0,1.33,4.75,10.0,1.37,5.45,8.96,1.39,5.35,8.55,1.36,5.26,8.67
1719,2018/19,2018-12-30,Southampton,Man City,1.0,3.0,A,1.0,3.0,P Tierney,5.0,14.0,4.0,6.0,3.0,8.0,11.0,10.0,2.0,3.0,1.0,0.0,10.0,5.25,1.3,9.96,5.8,1.33,12.58,7.05,1.23,9.54,5.47,1.33
1720,2018/19,2019-01-01,Arsenal,Fulham,4.0,1.0,H,1.0,0.0,G Scott,16.0,9.0,9.0,4.0,8.0,3.0,7.0,12.0,0.0,1.0,0.0,0.0,1.33,5.75,9.5,1.34,5.58,9.02,1.39,5.24,8.13,1.34,5.44,8.84
1721,2018/19,2019-01-01,Cardiff,Tottenham,0.0,3.0,A,0.0,3.0,K Friend,6.0,13.0,3.0,4.0,5.0,3.0,6.0,6.0,1.0,0.0,0.0,0.0,7.5,4.5,1.5,7.19,4.45,1.5,8.88,4.84,1.4,6.95,4.43,1.49
1722,2018/19,2019-01-01,Everton,Leicester,0.0,1.0,A,0.0,0.0,M Atkinson,17.0,8.0,2.0,4.0,6.0,5.0,5.0,8.0,3.0,1.0,0.0,0.0,2.0,3.5,4.2,2.01,3.57,4.14,2.0,3.58,4.15,2.01,3.46,3.94
1723,2018/19,2019-01-02,Bournemouth,Watford,3.0,3.0,D,3.0,3.0,D Coote,25.0,11.0,12.0,3.0,4.0,2.0,9.0,15.0,1.0,4.0,0.0,0.0,2.6,3.6,2.75,2.63,3.54,2.81,2.6,3.47,2.89,2.55,3.48,2.75
1724,2018/19,2019-01-02,Chelsea,Southampton,0.0,0.0,D,0.0,0.0,J Moss,17.0,6.0,6.0,2.0,7.0,2.0,8.0,11.0,1.0,2.0,0.0,0.0,1.28,6.5,11.0,1.27,6.08,12.2,1.26,6.11,12.48,1.27,5.94,11.58
1725,2018/19,2019-01-02,Huddersfield,Burnley,1.0,2.0,A,1.0,1.0,M Dean,9.0,16.0,2.0,8.0,5.0,2.0,11.0,9.0,0.0,4.0,1.0,1.0,2.14,3.1,4.2,2.17,3.18,4.08,2.49,3.04,3.47,2.15,3.12,3.92
1726,2018/19,2019-01-02,Newcastle,Man United,0.0,2.0,A,0.0,0.0,A Marriner,14.0,16.0,3.0,7.0,1.0,2.0,10.0,9.0,1.0,2.0,0.0,0.0,6.0,4.2,1.61,5.87,4.3,1.6,5.93,4.1,1.62,5.78,4.22,1.58
1727,2018/19,2019-01-02,West Ham,Brighton,2.0,2.0,D,0.0,0.0,C Kavanagh,13.0,13.0,6.0,6.0,1.0,5.0,9.0,11.0,0.0,1.0,0.0,0.0,1.95,3.75,4.0,1.99,3.62,4.14,2.05,3.55,4.01,1.96,3.56,3.96
1728,2018/19,2019-01-02,Wolves,Crystal Palace,0.0,2.0,A,0.0,0.0,R East,9.0,17.0,1.0,4.0,3.0,10.0,9.0,7.0,4.0,1.0,0.0,0.0,2.0,3.4,4.33,2.04,3.41,4.24,2.34,3.17,3.62,2.0,3.33,4.13
1729,2018/19,2019-01-03,Man City,Liverpool,2.0,1.0,H,1.0,0.0,A Taylor,9.0,7.0,4.0,5.0,2.0,1.0,12.0,7.0,4.0,2.0,0.0,0.0,2.04,3.8,3.6,2.06,3.87,3.61,2.0,3.86,3.84,2.04,3.79,3.45
1730,2018/19,2019-01-12,Brighton,Liverpool,0.0,1.0,A,0.0,0.0,K Friend,7.0,10.0,0.0,3.0,2.0,7.0,15.0,5.0,0.0,0.0,0.0,0.0,11.0,6.0,1.3,9.78,5.39,1.34,10.06,5.37,1.34,10.09,5.39,1.32
1731,2018/19,2019-01-12,Burnley,Fulham,2.0,1.0,H,2.0,1.0,M Atkinson,11.0,12.0,0.0,4.0,2.0,6.0,5.0,9.0,1.0,2.0,0.0,0.0,2.4,3.3,3.25,2.39,3.26,3.36,2.47,3.27,3.22,2.37,3.25,3.22
1732,2018/19,2019-01-12,Cardiff,Huddersfield,0.0,0.0,D,0.0,0.0,L Mason,3.0,14.0,0.0,2.0,3.0,10.0,12.0,14.0,3.0,1.0,0.0,0.0,2.25,3.25,3.6,2.26,3.23,3.71,2.16,3.24,4.0,2.25,3.17,3.56
1733,2018/19,2019-01-12,Chelsea,Newcastle,2.0,1.0,H,1.0,1.0,C Kavanagh,10.0,9.0,6.0,2.0,8.0,5.0,6.0,13.0,1.0,1.0,0.0,0.0,1.22,7.0,15.0,1.22,6.67,15.97,1.2,6.8,19.3,1.23,6.35,14.63
1734,2018/19,2019-01-12,Crystal Palace,Watford,1.0,2.0,A,1.0,0.0,P Tierney,15.0,16.0,6.0,2.0,7.0,7.0,11.0,11.0,1.0,4.0,0.0,0.0,2.25,3.4,3.5,2.27,3.44,3.44,2.36,3.36,3.32,2.23,3.35,3.4
1735,2018/19,2019-01-12,Leicester,Southampton,1.0,2.0,A,0.0,2.0,M Oliver,23.0,8.0,6.0,3.0,10.0,3.0,7.0,9.0,2.0,1.0,0.0,1.0,1.95,3.5,4.33,1.93,3.59,4.43,1.96,3.39,4.56,1.94,3.48,4.24
1736,2018/19,2019-01-12,West Ham,Arsenal,1.0,0.0,H,0.0,0.0,J Moss,11.0,11.0,3.0,2.0,7.0,3.0,7.0,10.0,0.0,2.0,0.0,0.0,3.5,4.0,2.05,3.53,3.85,2.1,3.58,3.95,2.05,3.43,3.8,2.06
1737,2018/19,2019-01-13,Everton,Bournemouth,2.0,0.0,H,0.0,0.0,A Taylor,15.0,16.0,3.0,7.0,5.0,9.0,17.0,8.0,5.0,0.0,0.0,0.0,1.75,4.0,4.8,1.76,4.0,4.91,1.71,4.01,5.32,1.76,3.89,4.64
1738,2018/19,2019-01-13,Tottenham,Man United,0.0,1.0,A,0.0,1.0,M Dean,21.0,13.0,11.0,8.0,7.0,4.0,8.0,8.0,1.0,2.0,0.0,0.0,2.05,3.7,3.75,2.07,3.7,3.75,2.11,3.53,3.8,2.06,3.64,3.58
1739,2018/19,2019-01-14,Man City,Wolves,3.0,0.0,H,2.0,0.0,C Pawson,24.0,3.0,9.0,0.0,12.0,1.0,6.0,3.0,1.0,0.0,0.0,1.0,1.18,8.0,17.0,1.19,7.47,16.79,1.2,7.16,17.03,1.19,7.34,15.63
1740,2018/19,2019-01-19,Arsenal,Chelsea,2.0,0.0,H,2.0,0.0,A Taylor,13.0,13.0,5.0,1.0,5.0,6.0,13.0,15.0,0.0,2.0,0.0,0.0,3.1,3.6,2.37,3.09,3.65,2.37,3.36,3.49,2.3,3.01,3.54,2.34
1741,2018/19,2019-01-19,Bournemouth,West Ham,2.0,0.0,H,0.0,0.0,S Hooper,10.0,9.0,4.0,1.0,2.0,3.0,6.0,10.0,0.0,1.0,0.0,0.0,2.37,3.7,3.0,2.34,3.71,3.08,2.14,3.7,3.52,2.35,3.59,2.96
1742,2018/19,2019-01-19,Liverpool,Crystal Palace,4.0,3.0,H,0.0,1.0,J Moss,19.0,9.0,9.0,3.0,8.0,3.0,6.0,8.0,0.0,1.0,1.0,0.0,1.2,7.5,17.0,1.19,7.45,16.08,1.24,6.86,12.02,1.19,7.18,15.52
1743,2018/19,2019-01-19,Man United,Brighton,2.0,1.0,H,2.0,0.0,P Tierney,20.0,7.0,5.0,3.0,6.0,5.0,11.0,11.0,1.0,0.0,0.0,0.0,1.3,5.75,12.0,1.32,5.62,10.92,1.38,5.02,9.59,1.3,5.49,10.75
1744,2018/19,2019-01-19,Newcastle,Cardiff,3.0,0.0,H,1.0,0.0,S Attwell,16.0,9.0,6.0,1.0,7.0,10.0,11.0,6.0,0.0,1.0,0.0,0.0,1.95,3.4,4.5,1.97,3.39,4.53,2.13,3.15,4.24,1.96,3.3,4.4
1745,2018/19,2019-01-19,Southampton,Everton,2.0,1.0,H,0.0,0.0,G Scott,11.0,7.0,4.0,2.0,7.0,6.0,12.0,11.0,2.0,1.0,0.0,0.0,2.75,3.4,2.7,2.76,3.41,2.73,2.94,3.41,2.57,2.7,3.34,2.7
1746,2018/19,2019-01-19,Watford,Burnley,0.0,0.0,D,0.0,0.0,M Oliver,9.0,11.0,4.0,3.0,1.0,7.0,14.0,9.0,1.0,2.0,0.0,0.0,1.65,4.0,5.75,1.64,4.15,5.72,1.78,3.77,5.09,1.64,3.95,5.54
1747,2018/19,2019-01-19,Wolves,Leicester,4.0,3.0,H,2.0,0.0,C Kavanagh,12.0,16.0,7.0,6.0,5.0,9.0,11.0,10.0,3.0,3.0,0.0,0.0,2.37,3.2,3.4,2.38,3.21,3.48,2.35,3.23,3.53,2.33,3.16,3.4
1748,2018/19,2019-01-20,Fulham,Tottenham,1.0,2.0,A,1.0,0.0,C Pawson,12.0,14.0,4.0,5.0,7.0,10.0,10.0,8.0,2.0,3.0,0.0,0.0,5.25,3.8,1.75,5.49,3.69,1.74,5.58,3.71,1.72,5.28,3.64,1.73
1749,2018/19,2019-01-20,Huddersfield,Man City,0.0,3.0,A,0.0,1.0,A Marriner,5.0,12.0,2.0,4.0,1.0,4.0,10.0,9.0,2.0,2.0,0.0,0.0,21.0,8.5,1.16,21.51,8.28,1.15,24.77,9.86,1.12,20.84,8.34,1.15
1750,2018/19,2019-01-29,Arsenal,Cardiff,2.0,1.0,H,0.0,0.0,M Dean,15.0,19.0,4.0,2.0,4.0,7.0,14.0,12.0,3.0,3.0,0.0,0.0,1.22,7.0,15.0,1.22,6.92,13.58,1.22,6.98,13.34,1.23,6.77,13.42
1751,2018/19,2019-01-29,Fulham,Brighton,4.0,2.0,H,0.0,2.0,L Probert,24.0,15.0,7.0,6.0,10.0,1.0,10.0,5.0,2.0,3.0,0.0,0.0,2.37,3.3,3.3,2.42,3.23,3.35,2.5,3.24,3.2,2.39,3.2,3.28
1752,2018/19,2019-01-29,Huddersfield,Everton,0.0,1.0,A,0.0,1.0,S Attwell,10.0,10.0,2.0,5.0,3.0,4.0,13.0,10.0,1.0,4.0,0.0,1.0,4.0,3.3,2.1,4.06,3.31,2.11,3.72,3.21,2.27,3.96,3.28,2.08
1753,2018/19,2019-01-29,Man United,Burnley,2.0,2.0,D,0.0,0.0,J Moss,28.0,6.0,9.0,4.0,11.0,3.0,10.0,9.0,1.0,3.0,0.0,0.0,1.28,6.0,12.0,1.29,5.73,11.91,1.34,5.22,10.33,1.28,5.83,11.77
1754,2018/19,2019-01-29,Newcastle,Man City,2.0,1.0,H,0.0,1.0,P Tierney,6.0,12.0,2.0,4.0,1.0,8.0,9.0,7.0,2.0,3.0,0.0,0.0,19.0,8.0,1.18,14.57,7.67,1.2,15.43,8.13,1.18,16.18,7.41,1.19
1755,2018/19,2019-01-29,Wolves,West Ham,3.0,0.0,H,0.0,0.0,D Coote,20.0,4.0,9.0,0.0,5.0,1.0,8.0,10.0,4.0,1.0,0.0,0.0,2.1,3.5,3.75,2.1,3.49,3.84,1.99,3.54,4.18,2.08,3.45,3.77
1756,2018/19,2019-01-30,Bournemouth,Chelsea,4.0,0.0,H,0.0,0.0,R East,12.0,11.0,7.0,7.0,3.0,7.0,8.0,6.0,1.0,0.0,0.0,0.0,5.25,4.2,1.66,5.55,4.26,1.64,5.71,4.15,1.64,5.42,4.1,1.63
1757,2018/19,2019-01-30,Liverpool,Leicester,1.0,1.0,D,1.0,1.0,M Atkinson,10.0,5.0,3.0,2.0,7.0,1.0,13.0,6.0,1.0,3.0,0.0,0.0,1.22,7.0,15.0,1.24,6.55,13.11,1.24,6.8,12.34,1.23,6.41,13.41
1758,2018/19,2019-01-30,Southampton,Crystal Palace,1.0,1.0,D,0.0,1.0,A Marriner,13.0,15.0,4.0,3.0,3.0,8.0,11.0,8.0,2.0,2.0,0.0,1.0,2.4,3.4,3.2,2.39,3.38,3.25,2.52,3.3,3.1,2.35,3.32,3.18
1759,2018/19,2019-01-30,Tottenham,Watford,2.0,1.0,H,0.0,1.0,G Scott,17.0,9.0,3.0,1.0,9.0,5.0,6.0,9.0,0.0,4.0,0.0,0.0,1.66,4.0,5.75,1.65,3.98,5.9,1.58,4.2,6.48,1.64,3.95,5.54
1760,2018/19,2019-02-02,Brighton,Watford,0.0,0.0,D,0.0,0.0,S Hooper,21.0,5.0,4.0,0.0,7.0,0.0,15.0,10.0,1.0,0.0,0.0,0.0,2.55,3.3,3.0,2.65,3.27,2.95,2.5,3.24,3.2,2.55,3.23,2.94
1761,2018/19,2019-02-02,Burnley,Southampton,1.0,1.0,D,0.0,0.0,A Taylor,15.0,10.0,6.0,4.0,4.0,2.0,10.0,9.0,3.0,1.0,0.0,0.0,2.55,3.5,2.87,2.59,3.43,2.91,2.59,3.36,2.95,2.54,3.32,2.88
1762,2018/19,2019-02-02,Cardiff,Bournemouth,2.0,0.0,H,1.0,0.0,J Moss,12.0,9.0,5.0,2.0,6.0,7.0,17.0,14.0,1.0,2.0,0.0,0.0,3.25,3.5,2.3,3.31,3.48,2.33,3.43,3.53,2.25,3.15,3.41,2.32
1763,2018/19,2019-02-02,Chelsea,Huddersfield,5.0,0.0,H,2.0,0.0,P Tierney,23.0,5.0,7.0,2.0,11.0,2.0,8.0,5.0,0.0,0.0,0.0,0.0,1.2,7.5,19.0,1.22,6.93,14.33,1.23,6.54,15.2,1.2,6.81,15.53
1764,2018/19,2019-02-02,Crystal Palace,Fulham,2.0,0.0,H,1.0,0.0,M Oliver,17.0,8.0,6.0,0.0,11.0,1.0,9.0,12.0,2.0,3.0,0.0,0.0,2.05,3.5,4.0,2.05,3.59,3.9,2.06,3.45,4.03,2.02,3.47,3.84
1765,2018/19,2019-02-02,Everton,Wolves,1.0,3.0,A,1.0,2.0,L Mason,13.0,8.0,4.0,4.0,3.0,1.0,12.0,14.0,3.0,1.0,0.0,0.0,2.37,3.4,3.25,2.44,3.33,3.21,2.74,3.21,2.9,2.36,3.31,3.16
1766,2018/19,2019-02-02,Tottenham,Newcastle,1.0,0.0,H,0.0,0.0,A Marriner,21.0,8.0,4.0,2.0,6.0,3.0,6.0,6.0,0.0,1.0,0.0,0.0,1.44,4.5,9.0,1.43,4.47,9.35,1.44,4.39,9.48,1.43,4.41,8.72
1767,2018/19,2019-02-03,Leicester,Man United,0.0,1.0,A,0.0,1.0,M Dean,17.0,10.0,6.0,6.0,7.0,2.0,14.0,9.0,4.0,4.0,0.0,0.0,3.6,3.5,2.15,3.84,3.37,2.17,3.9,3.61,2.06,3.63,3.41,2.11
1768,2018/19,2019-02-03,Man City,Arsenal,3.0,1.0,H,2.0,1.0,M Atkinson,19.0,4.0,12.0,2.0,4.0,2.0,11.0,8.0,1.0,1.0,0.0,0.0,1.33,6.0,9.0,1.32,6.24,9.06,1.26,7.19,10.35,1.3,6.0,9.23
1769,2018/19,2019-02-04,West Ham,Liverpool,1.0,1.0,D,1.0,1.0,K Friend,13.0,11.0,2.0,6.0,2.0,5.0,9.0,11.0,1.0,1.0,0.0,0.0,8.0,5.25,1.4,7.52,5.27,1.41,8.97,5.93,1.33,7.95,5.14,1.38
1770,2018/19,2019-02-06,Everton,Man City,0.0,2.0,A,0.0,1.0,C Pawson,4.0,15.0,1.0,4.0,5.0,6.0,12.0,6.0,1.0,1.0,0.0,0.0,10.0,6.25,1.3,9.59,5.84,1.33,9.95,6.15,1.3,9.41,5.78,1.31
1771,2018/19,2019-02-09,Brighton,Burnley,1.0,3.0,A,0.0,1.0,S Attwell,16.0,9.0,6.0,5.0,9.0,3.0,8.0,7.0,1.0,1.0,0.0,0.0,2.05,3.3,4.2,2.06,3.41,4.14,2.05,3.34,4.29,2.04,3.28,4.05
1772,2018/19,2019-02-09,Crystal Palace,West Ham,1.0,1.0,D,0.0,1.0,C Pawson,25.0,6.0,5.0,4.0,10.0,4.0,12.0,9.0,3.0,0.0,0.0,0.0,2.1,3.5,3.75,2.13,3.46,3.77,1.98,3.6,4.17,2.11,3.4,3.65
1773,2018/19,2019-02-09,Fulham,Man United,0.0,3.0,A,0.0,2.0,P Tierney,15.0,15.0,3.0,7.0,5.0,4.0,14.0,9.0,3.0,2.0,0.0,0.0,5.5,4.4,1.61,5.57,4.36,1.63,5.1,3.98,1.74,5.31,4.25,1.62
1774,2018/19,2019-02-09,Huddersfield,Arsenal,1.0,2.0,A,0.0,2.0,J Moss,15.0,9.0,6.0,4.0,5.0,0.0,17.0,12.0,3.0,2.0,0.0,0.0,5.75,4.4,1.6,5.69,4.24,1.63,5.65,3.99,1.67,5.6,4.14,1.61
1775,2018/19,2019-02-09,Liverpool,Bournemouth,3.0,0.0,H,2.0,0.0,A Taylor,20.0,12.0,9.0,2.0,8.0,5.0,14.0,6.0,2.0,2.0,0.0,0.0,1.22,7.5,14.0,1.2,7.34,15.64,1.17,8.75,16.0,1.2,7.17,14.53
1776,2018/19,2019-02-09,Southampton,Cardiff,1.0,2.0,A,0.0,0.0,M Atkinson,14.0,6.0,7.0,3.0,8.0,2.0,15.0,12.0,3.0,3.0,0.0,0.0,1.75,3.9,5.0,1.78,3.77,5.06,1.86,3.46,5.08,1.76,3.7,4.89
1777,2018/19,2019-02-09,Watford,Everton,1.0,0.0,H,0.0,0.0,L Probert,7.0,9.0,2.0,4.0,8.0,2.0,21.0,10.0,2.0,0.0,0.0,1.0,2.35,3.5,3.2,2.41,3.35,3.24,2.56,3.33,3.03,2.34,3.37,3.15
1778,2018/19,2019-02-10,Man City,Chelsea,6.0,0.0,H,4.0,0.0,M Dean,15.0,12.0,9.0,4.0,2.0,2.0,9.0,13.0,1.0,2.0,0.0,0.0,1.5,4.75,7.0,1.51,4.63,6.91,1.58,4.25,6.44,1.5,4.45,6.57
1779,2018/19,2019-02-10,Tottenham,Leicester,3.0,1.0,H,1.0,0.0,M Oliver,12.0,20.0,5.0,9.0,2.0,9.0,11.0,4.0,3.0,1.0,0.0,0.0,1.7,3.9,5.5,1.72,3.76,5.7,1.78,3.68,5.37,1.69,3.81,5.32
1780,2018/19,2019-02-11,Wolves,Newcastle,1.0,1.0,D,0.0,0.0,G Scott,22.0,9.0,6.0,3.0,13.0,1.0,7.0,9.0,1.0,3.0,0.0,0.0,1.7,3.75,5.75,1.69,3.82,5.96,1.81,3.52,5.45,1.69,3.67,5.56
1781,2018/19,2019-02-22,Cardiff,Watford,1.0,5.0,A,0.0,1.0,S Hooper,15.0,12.0,6.0,7.0,3.0,3.0,10.0,11.0,1.0,2.0,0.0,0.0,3.1,3.4,2.45,3.08,3.36,2.5,3.15,3.34,2.47,3.06,3.31,2.44
1782,2018/19,2019-02-22,West Ham,Fulham,3.0,1.0,H,2.0,1.0,L Mason,21.0,8.0,7.0,5.0,12.0,0.0,11.0,11.0,1.0,1.0,0.0,0.0,1.95,3.8,4.0,1.96,3.72,4.09,2.06,3.47,4.0,1.93,3.71,4.03
1783,2018/19,2019-02-23,Bournemouth,Wolves,1.0,1.0,D,1.0,0.0,R East,10.0,10.0,3.0,2.0,9.0,8.0,10.0,15.0,4.0,5.0,0.0,0.0,2.87,3.4,2.62,2.88,3.31,2.69,3.2,3.29,2.46,2.83,3.28,2.61
1784,2018/19,2019-02-23,Burnley,Tottenham,2.0,1.0,H,0.0,0.0,M Dean,10.0,17.0,4.0,6.0,7.0,6.0,9.0,12.0,1.0,3.0,0.0,0.0,5.75,3.8,1.7,5.52,3.81,1.73,6.18,3.99,1.64,5.29,3.79,1.7
1785,2018/19,2019-02-23,Leicester,Crystal Palace,1.0,4.0,A,0.0,1.0,A Taylor,27.0,7.0,5.0,5.0,8.0,3.0,7.0,14.0,2.0,1.0,0.0,0.0,2.25,3.4,3.5,2.24,3.35,3.66,2.3,3.41,3.45,2.21,3.3,3.5
1786,2018/19,2019-02-23,Newcastle,Huddersfield,2.0,0.0,H,0.0,0.0,K Friend,29.0,3.0,12.0,1.0,12.0,0.0,11.0,7.0,2.0,0.0,0.0,1.0,1.83,3.5,5.25,1.85,3.43,5.22,1.91,3.39,4.86,1.83,3.39,4.99
1787,2018/19,2019-02-24,Arsenal,Southampton,2.0,0.0,H,2.0,0.0,G Scott,12.0,10.0,4.0,4.0,6.0,4.0,7.0,14.0,0.0,0.0,0.0,0.0,1.5,4.75,7.0,1.53,4.47,6.58,1.58,4.14,6.61,1.51,4.46,6.46
1788,2018/19,2019-02-24,Man United,Liverpool,0.0,0.0,D,0.0,0.0,M Oliver,6.0,7.0,3.0,1.0,3.0,7.0,15.0,17.0,1.0,3.0,0.0,0.0,3.1,3.5,2.37,3.16,3.63,2.35,3.59,3.45,2.22,3.06,3.48,2.34
1789,2018/19,2019-02-26,Cardiff,Everton,0.0,3.0,A,0.0,1.0,K Friend,6.0,12.0,0.0,4.0,3.0,4.0,12.0,12.0,3.0,1.0,0.0,0.0,3.75,3.4,2.15,3.85,3.38,2.14,3.95,3.37,2.12,3.72,3.33,2.13
1790,2018/19,2019-02-26,Huddersfield,Wolves,1.0,0.0,H,0.0,0.0,D Coote,15.0,7.0,3.0,0.0,3.0,5.0,10.0,10.0,2.0,2.0,0.0,0.0,5.0,3.5,1.85,5.17,3.41,1.86,5.56,3.62,1.76,5.01,3.39,1.84
1791,2018/19,2019-02-26,Leicester,Brighton,2.0,1.0,H,1.0,0.0,L Probert,19.0,15.0,3.0,3.0,4.0,8.0,6.0,4.0,1.0,1.0,0.0,0.0,1.9,3.5,4.6,1.95,3.45,4.53,1.82,3.52,5.25,1.93,3.4,4.42
1792,2018/19,2019-02-26,Newcastle,Burnley,2.0,0.0,H,2.0,0.0,C Pawson,12.0,12.0,3.0,2.0,4.0,7.0,8.0,8.0,1.0,3.0,0.0,0.0,2.15,3.3,3.9,2.15,3.33,3.89,2.21,3.23,3.83,2.13,3.27,3.82
1793,2018/19,2019-02-27,Arsenal,Bournemouth,5.0,1.0,H,2.0,1.0,C Kavanagh,16.0,13.0,6.0,5.0,9.0,4.0,11.0,9.0,2.0,2.0,0.0,0.0,1.44,5.0,7.5,1.46,4.85,7.4,1.4,5.22,8.05,1.44,4.79,7.17
1794,2018/19,2019-02-27,Chelsea,Tottenham,2.0,0.0,H,0.0,0.0,A Marriner,11.0,9.0,1.0,0.0,2.0,2.0,7.0,14.0,1.0,1.0,0.0,0.0,2.3,3.5,3.25,2.3,3.48,3.38,2.38,3.29,3.4,2.28,3.4,3.23
1795,2018/19,2019-02-27,Crystal Palace,Man United,1.0,3.0,A,0.0,1.0,M Atkinson,17.0,13.0,2.0,4.0,5.0,6.0,8.0,9.0,2.0,3.0,0.0,0.0,3.25,3.5,2.3,3.25,3.43,2.36,3.31,3.32,2.39,3.18,3.38,2.32
1796,2018/19,2019-02-27,Liverpool,Watford,5.0,0.0,H,2.0,0.0,G Scott,19.0,5.0,10.0,3.0,6.0,4.0,5.0,7.0,0.0,2.0,0.0,0.0,1.28,6.0,12.0,1.29,5.66,11.94,1.27,6.0,12.79,1.29,5.74,11.26
1797,2018/19,2019-02-27,Man City,West Ham,1.0,0.0,H,0.0,0.0,S Attwell,20.0,2.0,7.0,1.0,12.0,2.0,2.0,6.0,0.0,2.0,0.0,0.0,1.16,9.0,19.0,1.16,8.38,17.97,1.11,11.44,21.23,1.16,8.12,17.75
1798,2018/19,2019-02-27,Southampton,Fulham,2.0,0.0,H,2.0,0.0,A Taylor,14.0,14.0,4.0,4.0,7.0,4.0,15.0,13.0,0.0,1.0,0.0,0.0,1.9,3.7,4.33,1.93,3.66,4.33,2.03,3.43,4.2,1.91,3.57,4.21
1799,2018/19,2019-03-02,Bournemouth,Man City,0.0,1.0,A,0.0,0.0,K Friend,0.0,23.0,0.0,7.0,0.0,14.0,7.0,7.0,1.0,2.0,0.0,0.0,13.0,7.5,1.22,11.74,7.23,1.23,14.56,8.68,1.18,12.42,6.98,1.22
1800,2018/19,2019-03-02,Brighton,Huddersfield,1.0,0.0,H,0.0,0.0,M Dean,13.0,6.0,4.0,4.0,6.0,3.0,11.0,6.0,2.0,2.0,0.0,0.0,1.85,3.4,5.25,1.83,3.5,5.24,1.78,3.44,5.83,1.82,3.39,5.1
1801,2018/19,2019-03-02,Burnley,Crystal Palace,1.0,3.0,A,0.0,1.0,L Probert,18.0,10.0,4.0,4.0,8.0,5.0,9.0,9.0,1.0,2.0,0.0,0.0,2.8,3.3,2.75,2.9,3.32,2.67,2.95,3.26,2.66,2.81,3.24,2.65
1802,2018/19,2019-03-02,Man United,Southampton,3.0,2.0,H,0.0,1.0,S Attwell,16.0,6.0,6.0,3.0,9.0,7.0,7.0,10.0,2.0,1.0,0.0,0.0,1.45,4.5,8.5,1.45,4.61,8.37,1.47,4.55,7.8,1.45,4.47,7.67
1803,2018/19,2019-03-02,Tottenham,Arsenal,1.0,1.0,D,0.0,1.0,A Taylor,10.0,9.0,3.0,4.0,3.0,4.0,15.0,14.0,3.0,2.0,0.0,1.0,2.05,3.7,3.75,2.05,3.75,3.78,2.02,3.59,4.07,2.04,3.61,3.65
1804,2018/19,2019-03-02,West Ham,Newcastle,2.0,0.0,H,2.0,0.0,C Kavanagh,10.0,17.0,4.0,2.0,1.0,6.0,8.0,14.0,3.0,4.0,0.0,0.0,2.15,3.5,3.6,2.1,3.56,3.81,2.18,3.42,3.74,2.09,3.44,3.66
1805,2018/19,2019-03-02,Wolves,Cardiff,2.0,0.0,H,2.0,0.0,A Marriner,13.0,12.0,6.0,4.0,7.0,8.0,11.0,6.0,1.0,2.0,0.0,0.0,1.5,4.33,8.0,1.51,4.37,7.46,1.78,3.55,5.59,1.51,4.21,7.13
1806,2018/19,2019-03-03,Everton,Liverpool,0.0,0.0,D,0.0,0.0,M Atkinson,7.0,10.0,3.0,3.0,3.0,7.0,12.0,10.0,1.0,2.0,0.0,0.0,6.0,4.2,1.61,5.69,4.05,1.67,6.44,4.09,1.61,5.64,3.98,1.63
1807,2018/19,2019-03-03,Fulham,Chelsea,1.0,2.0,A,1.0,2.0,G Scott,12.0,20.0,5.0,7.0,5.0,4.0,11.0,10.0,2.0,1.0,0.0,0.0,6.5,4.5,1.53,6.49,4.68,1.53,8.62,4.85,1.43,6.25,4.43,1.52
1808,2018/19,2019-03-03,Watford,Leicester,2.0,1.0,H,1.0,0.0,J Moss,6.0,14.0,5.0,2.0,1.0,5.0,15.0,12.0,5.0,1.0,0.0,0.0,2.55,3.3,3.0,2.5,3.45,3.04,2.83,3.32,2.75,2.46,3.33,2.97
1809,2018/19,2019-03-09,Cardiff,West Ham,2.0,0.0,H,1.0,0.0,G Scott,16.0,9.0,7.0,2.0,7.0,5.0,7.0,12.0,2.0,1.0,0.0,0.0,3.6,3.5,2.15,3.58,3.43,2.21,3.01,3.46,2.5,3.45,3.42,2.19
1810,2018/19,2019-03-09,Crystal Palace,Brighton,1.0,2.0,A,0.0,1.0,C Pawson,15.0,4.0,3.0,3.0,8.0,0.0,8.0,18.0,1.0,5.0,0.0,0.0,1.83,3.6,5.0,1.88,3.52,4.85,1.89,3.32,5.25,1.85,3.48,4.72
1811,2018/19,2019-03-09,Huddersfield,Bournemouth,0.0,2.0,A,0.0,1.0,A Taylor,8.0,8.0,1.0,5.0,6.0,5.0,14.0,9.0,3.0,1.0,0.0,0.0,3.4,3.3,2.35,3.53,3.27,2.31,3.15,3.32,2.48,3.4,3.24,2.29
1812,2018/19,2019-03-09,Leicester,Fulham,3.0,1.0,H,1.0,0.0,D Coote,18.0,6.0,8.0,3.0,6.0,5.0,9.0,13.0,0.0,2.0,0.0,0.0,1.57,4.5,6.0,1.6,4.41,5.73,1.6,4.36,5.9,1.6,4.3,5.58
1813,2018/19,2019-03-09,Man City,Watford,3.0,1.0,H,0.0,0.0,P Tierney,19.0,2.0,9.0,1.0,9.0,1.0,11.0,7.0,1.0,1.0,0.0,0.0,1.16,9.0,19.0,1.15,8.79,19.09,1.11,11.44,21.87,1.15,8.5,18.41
1814,2018/19,2019-03-09,Newcastle,Everton,3.0,2.0,H,0.0,2.0,L Mason,19.0,7.0,7.0,3.0,8.0,2.0,13.0,10.0,3.0,1.0,0.0,0.0,2.8,3.25,2.8,2.85,3.21,2.78,2.73,3.1,3.0,2.79,3.14,2.76
1815,2018/19,2019-03-09,Southampton,Tottenham,2.0,1.0,H,0.0,1.0,K Friend,12.0,16.0,4.0,5.0,1.0,10.0,16.0,9.0,4.0,2.0,0.0,0.0,4.5,3.8,1.85,4.34,3.78,1.89,4.5,3.87,1.84,4.26,3.74,1.87
1816,2018/19,2019-03-10,Arsenal,Man United,2.0,0.0,H,1.0,0.0,J Moss,14.0,14.0,3.0,4.0,5.0,2.0,12.0,18.0,2.0,2.0,0.0,0.0,2.4,3.6,3.0,2.45,3.55,3.04,2.42,3.54,3.09,2.38,3.52,2.96
1817,2018/19,2019-03-10,Chelsea,Wolves,1.0,1.0,D,0.0,0.0,M Oliver,22.0,2.0,6.0,1.0,13.0,0.0,8.0,14.0,1.0,4.0,0.0,0.0,1.55,4.2,7.0,1.59,4.04,6.93,1.61,3.89,7.04,1.56,4.03,6.53
1818,2018/19,2019-03-10,Liverpool,Burnley,4.0,2.0,H,2.0,1.0,A Marriner,23.0,3.0,5.0,2.0,7.0,3.0,4.0,7.0,2.0,0.0,0.0,0.0,1.16,8.5,21.0,1.17,7.8,18.87,1.17,8.19,17.08,1.17,7.66,17.74
1819,2018/19,2019-03-16,Bournemouth,Newcastle,2.0,2.0,D,0.0,1.0,M Dean,10.0,12.0,3.0,4.0,6.0,6.0,9.0,12.0,3.0,2.0,0.0,0.0,2.05,3.6,3.8,2.13,3.45,3.79,2.14,3.56,3.64,2.08,3.42,3.7
1820,2018/19,2019-03-16,Burnley,Leicester,1.0,2.0,A,1.0,1.0,M Oliver,13.0,9.0,2.0,4.0,9.0,3.0,9.0,10.0,1.0,1.0,0.0,1.0,3.1,3.4,2.45,3.16,3.43,2.41,3.22,3.33,2.43,3.06,3.31,2.42
1821,2018/19,2019-03-16,West Ham,Huddersfield,4.0,3.0,H,1.0,2.0,J Moss,16.0,15.0,5.0,5.0,5.0,8.0,7.0,15.0,0.0,2.0,0.0,0.0,1.55,4.2,7.0,1.58,4.09,6.7,1.53,4.35,6.93,1.57,4.02,6.45
1822,2018/19,2019-03-17,Everton,Chelsea,2.0,0.0,H,0.0,0.0,A Taylor,15.0,16.0,8.0,5.0,3.0,4.0,17.0,9.0,1.0,2.0,0.0,0.0,4.0,3.8,1.95,4.12,3.64,1.99,4.68,3.75,1.85,4.0,3.57,1.95
1823,2018/19,2019-03-17,Fulham,Liverpool,1.0,2.0,A,0.0,1.0,C Pawson,7.0,16.0,2.0,6.0,1.0,10.0,11.0,7.0,2.0,1.0,0.0,0.0,12.0,7.0,1.25,11.68,6.34,1.27,13.07,8.33,1.2,11.67,6.31,1.25
1824,2018/19,2019-03-30,Brighton,Southampton,0.0,1.0,A,0.0,0.0,M Oliver,14.0,8.0,1.0,2.0,6.0,5.0,8.0,10.0,1.0,2.0,0.0,0.0,2.55,3.2,3.1,2.6,3.14,3.13,2.56,3.08,3.27,2.57,3.09,3.05
1825,2018/19,2019-03-30,Burnley,Wolves,2.0,0.0,H,1.0,0.0,C Kavanagh,5.0,8.0,1.0,1.0,1.0,5.0,12.0,10.0,1.0,1.0,0.0,0.0,3.2,3.25,2.45,3.21,3.23,2.5,2.89,3.16,2.78,3.15,3.17,2.45
1826,2018/19,2019-03-30,Crystal Palace,Huddersfield,2.0,0.0,H,0.0,0.0,L Probert,19.0,15.0,5.0,5.0,5.0,5.0,10.0,7.0,0.0,0.0,0.0,0.0,1.45,4.4,9.0,1.47,4.35,8.4,1.47,4.42,8.32,1.46,4.29,8.16
1827,2018/19,2019-03-30,Fulham,Man City,0.0,2.0,A,0.0,2.0,K Friend,5.0,24.0,0.0,7.0,0.0,11.0,4.0,12.0,2.0,0.0,0.0,0.0,21.0,11.0,1.12,21.02,9.55,1.13,18.37,12.03,1.12,19.78,9.49,1.13
1828,2018/19,2019-03-30,Leicester,Bournemouth,2.0,0.0,H,1.0,0.0,L Mason,18.0,8.0,4.0,2.0,6.0,1.0,6.0,12.0,0.0,2.0,0.0,0.0,1.85,3.8,4.5,1.84,3.88,4.51,1.83,3.93,4.45,1.83,3.79,4.34
1829,2018/19,2019-03-30,Man United,Watford,2.0,1.0,H,1.0,0.0,S Attwell,8.0,20.0,5.0,8.0,3.0,5.0,14.0,9.0,1.0,2.0,0.0,0.0,1.44,4.75,8.0,1.45,4.85,7.5,1.41,5.22,7.95,1.44,4.71,7.46
1830,2018/19,2019-03-30,West Ham,Everton,0.0,2.0,A,0.0,2.0,P Tierney,3.0,17.0,1.0,9.0,4.0,9.0,7.0,14.0,1.0,1.0,0.0,0.0,2.55,3.5,2.9,2.6,3.41,2.93,2.77,3.35,2.78,2.53,3.41,2.84
1831,2018/19,2019-03-31,Cardiff,Chelsea,1.0,2.0,A,0.0,0.0,C Pawson,8.0,21.0,3.0,3.0,2.0,7.0,8.0,14.0,2.0,3.0,0.0,0.0,9.0,4.5,1.44,8.23,4.64,1.46,9.28,4.7,1.42,8.08,4.47,1.44
1832,2018/19,2019-03-31,Liverpool,Tottenham,2.0,1.0,H,1.0,0.0,M Atkinson,14.0,11.0,3.0,2.0,10.0,3.0,5.0,8.0,0.0,1.0,0.0,0.0,1.61,4.2,6.0,1.63,4.17,5.9,1.58,4.42,6.04,1.61,4.13,5.62
1833,2018/19,2019-04-01,Arsenal,Newcastle,2.0,0.0,H,1.0,0.0,A Taylor,7.0,3.0,4.0,1.0,6.0,2.0,11.0,10.0,2.0,0.0,0.0,0.0,1.36,5.25,9.5,1.39,5.29,8.57,1.46,4.66,8.19,1.39,4.95,8.36
1834,2018/19,2019-04-02,Watford,Fulham,4.0,1.0,H,1.0,1.0,R East,15.0,17.0,7.0,7.0,6.0,4.0,12.0,5.0,3.0,2.0,0.0,0.0,1.72,4.0,5.0,1.76,3.86,5.06,1.76,3.84,5.09,1.74,3.86,4.85
1835,2018/19,2019-04-02,Wolves,Man United,2.0,1.0,H,1.0,1.0,M Dean,9.0,18.0,2.0,4.0,3.0,5.0,5.0,11.0,1.0,2.0,0.0,1.0,4.0,3.6,2.0,3.98,3.6,2.02,3.19,3.18,2.53,3.98,3.51,1.99
1836,2018/19,2019-04-03,Chelsea,Brighton,3.0,0.0,H,1.0,0.0,G Scott,17.0,3.0,4.0,1.0,7.0,1.0,5.0,9.0,0.0,0.0,0.0,0.0,1.25,6.5,15.0,1.27,5.71,15.03,1.3,5.54,12.69,1.26,5.79,13.11
1837,2018/19,2019-04-03,Man City,Cardiff,2.0,0.0,H,2.0,0.0,J Moss,27.0,4.0,11.0,1.0,7.0,4.0,3.0,17.0,0.0,3.0,0.0,0.0,1.06,17.0,34.0,1.07,14.96,42.94,1.08,14.62,25.88,1.06,14.37,40.61
1838,2018/19,2019-04-03,Tottenham,Crystal Palace,2.0,0.0,H,0.0,0.0,A Marriner,26.0,5.0,10.0,1.0,8.0,2.0,8.0,5.0,1.0,0.0,0.0,0.0,1.45,5.0,7.5,1.47,4.67,7.45,1.47,4.63,7.59,1.47,4.61,7.04
1839,2018/19,2019-04-05,Southampton,Liverpool,1.0,3.0,A,1.0,1.0,P Tierney,11.0,17.0,1.0,5.0,7.0,5.0,8.0,7.0,2.0,4.0,0.0,0.0,9.0,5.0,1.4,8.91,5.15,1.39,8.81,5.24,1.39,8.68,4.89,1.39
1840,2018/19,2019-04-06,Bournemouth,Burnley,1.0,3.0,A,1.0,2.0,M Atkinson,10.0,11.0,2.0,3.0,3.0,6.0,12.0,16.0,2.0,3.0,0.0,0.0,2.1,3.6,3.75,2.09,3.64,3.75,2.1,3.51,3.83,2.07,3.55,3.63
1841,2018/19,2019-04-06,Huddersfield,Leicester,1.0,4.0,A,0.0,1.0,D Coote,10.0,18.0,4.0,9.0,8.0,5.0,13.0,11.0,3.0,0.0,0.0,0.0,5.0,4.0,1.72,5.22,3.86,1.75,5.42,4.08,1.67,5.02,3.8,1.73
1842,2018/19,2019-04-06,Newcastle,Crystal Palace,0.0,1.0,A,0.0,0.0,S Attwell,18.0,3.0,5.0,1.0,9.0,4.0,12.0,13.0,1.0,2.0,0.0,0.0,2.6,3.25,3.0,2.61,3.2,3.1,2.81,3.15,2.87,2.53,3.19,3.02
1843,2018/19,2019-04-07,Everton,Arsenal,1.0,0.0,H,1.0,0.0,K Friend,23.0,7.0,6.0,2.0,9.0,6.0,8.0,9.0,1.0,4.0,0.0,0.0,3.0,3.75,2.35,3.01,3.67,2.41,2.82,3.6,2.59,3.02,3.6,2.32
1844,2018/19,2019-04-08,Chelsea,West Ham,2.0,0.0,H,1.0,0.0,C Kavanagh,16.0,9.0,7.0,2.0,7.0,4.0,8.0,7.0,2.0,1.0,0.0,0.0,1.33,5.75,9.5,1.32,5.82,10.48,1.25,6.86,13.14,1.33,5.55,9.25
1845,2018/19,2019-04-12,Leicester,Newcastle,0.0,1.0,A,0.0,1.0,C Kavanagh,12.0,11.0,5.0,5.0,2.0,3.0,6.0,10.0,2.0,3.0,0.0,0.0,1.66,4.0,5.75,1.66,3.87,6.18,1.68,3.86,5.98,1.65,3.87,5.77
1846,2018/19,2019-04-13,Brighton,Bournemouth,0.0,5.0,A,0.0,1.0,K Friend,8.0,14.0,1.0,7.0,4.0,1.0,10.0,6.0,2.0,4.0,1.0,0.0,2.3,3.4,3.4,2.32,3.29,3.49,2.35,3.29,3.42,2.28,3.32,3.35
1847,2018/19,2019-04-13,Burnley,Cardiff,2.0,0.0,H,1.0,0.0,M Dean,14.0,14.0,7.0,2.0,8.0,4.0,7.0,10.0,2.0,3.0,0.0,0.0,1.9,3.6,4.5,1.9,3.63,4.48,1.88,3.57,4.76,1.9,3.54,4.33
1848,2018/19,2019-04-13,Fulham,Everton,2.0,0.0,H,0.0,0.0,L Probert,12.0,8.0,5.0,1.0,7.0,3.0,8.0,10.0,2.0,1.0,0.0,0.0,5.0,4.0,1.75,4.64,4.01,1.79,4.88,4.2,1.72,4.63,3.93,1.75
1849,2018/19,2019-04-13,Man United,West Ham,2.0,1.0,H,1.0,0.0,G Scott,14.0,18.0,4.0,4.0,3.0,11.0,14.0,5.0,1.0,1.0,0.0,0.0,1.4,5.25,8.5,1.42,5.02,8.33,1.33,5.93,9.7,1.4,5.03,7.9
1850,2018/19,2019-04-13,Southampton,Wolves,3.0,1.0,H,2.0,1.0,J Moss,13.0,17.0,6.0,2.0,4.0,9.0,13.0,8.0,1.0,3.0,0.0,0.0,2.6,3.25,3.0,2.64,3.22,3.02,2.79,3.17,2.87,2.59,3.15,2.98
1851,2018/19,2019-04-13,Tottenham,Huddersfield,4.0,0.0,H,2.0,0.0,L Mason,22.0,7.0,5.0,1.0,4.0,2.0,10.0,12.0,2.0,2.0,0.0,0.0,1.22,7.0,15.0,1.21,7.08,14.67,1.2,7.01,17.59,1.22,6.77,14.24
1852,2018/19,2019-04-14,Crystal Palace,Man City,1.0,3.0,A,0.0,1.0,M Atkinson,7.0,20.0,3.0,6.0,2.0,9.0,5.0,11.0,0.0,0.0,0.0,0.0,11.0,6.0,1.3,10.23,5.55,1.34,13.3,7.06,1.24,10.05,5.51,1.32
1853,2018/19,2019-04-14,Liverpool,Chelsea,2.0,0.0,H,0.0,0.0,M Oliver,15.0,6.0,7.0,3.0,9.0,2.0,5.0,9.0,0.0,1.0,0.0,0.0,1.66,4.2,5.25,1.68,4.12,5.46,1.75,3.81,5.4,1.66,4.05,5.2
1854,2018/19,2019-04-15,Watford,Arsenal,0.0,1.0,A,0.0,1.0,C Pawson,11.0,19.0,3.0,6.0,6.0,4.0,12.0,8.0,2.0,0.0,1.0,0.0,3.2,3.75,2.25,3.18,3.78,2.25,3.63,3.74,2.09,3.13,3.72,2.2
1855,2018/19,2019-04-16,Brighton,Cardiff,0.0,2.0,A,0.0,1.0,A Marriner,14.0,10.0,2.0,3.0,5.0,4.0,11.0,13.0,0.0,1.0,0.0,0.0,2.0,3.3,4.5,2.01,3.27,4.53,2.02,3.26,4.51,2.0,3.24,4.29
1856,2018/19,2019-04-20,Bournemouth,Fulham,0.0,1.0,A,0.0,0.0,D Coote,15.0,17.0,5.0,5.0,3.0,7.0,11.0,18.0,1.0,3.0,0.0,0.0,1.65,4.4,5.25,1.68,4.32,5.05,1.76,4.09,4.66,1.66,4.22,4.9
1857,2018/19,2019-04-20,Huddersfield,Watford,1.0,2.0,A,0.0,1.0,R East,13.0,11.0,3.0,6.0,2.0,2.0,15.0,9.0,2.0,2.0,0.0,0.0,4.4,3.9,1.85,4.34,3.81,1.87,4.08,3.54,2.0,4.34,3.69,1.85
1858,2018/19,2019-04-20,Man City,Tottenham,1.0,0.0,H,1.0,0.0,M Oliver,15.0,10.0,4.0,4.0,4.0,4.0,11.0,11.0,1.0,2.0,0.0,0.0,1.3,6.0,11.0,1.29,6.44,10.31,1.27,6.62,11.39,1.28,6.06,10.35
1859,2018/19,2019-04-20,Newcastle,Southampton,3.0,1.0,H,2.0,0.0,A Taylor,15.0,15.0,6.0,3.0,4.0,11.0,5.0,11.0,0.0,2.0,0.0,0.0,2.55,3.2,3.1,2.59,3.1,3.24,2.52,3.06,3.38,2.48,3.12,3.16
1860,2018/19,2019-04-20,West Ham,Leicester,2.0,2.0,D,1.0,0.0,L Probert,11.0,11.0,3.0,5.0,6.0,8.0,8.0,9.0,2.0,0.0,0.0,0.0,3.3,3.5,2.3,3.21,3.5,2.35,3.29,3.64,2.25,3.13,3.45,2.3
1861,2018/19,2019-04-20,Wolves,Brighton,0.0,0.0,D,0.0,0.0,C Pawson,22.0,5.0,5.0,0.0,14.0,1.0,0.0,8.0,0.0,1.0,0.0,0.0,1.75,3.5,6.0,1.77,3.5,5.79,1.96,3.17,5.02,1.76,3.44,5.46
1862,2018/19,2019-04-21,Arsenal,Crystal Palace,2.0,3.0,A,0.0,1.0,J Moss,12.0,16.0,5.0,7.0,8.0,3.0,15.0,12.0,4.0,1.0,0.0,0.0,1.53,4.6,6.5,1.56,4.55,6.23,1.52,4.7,6.55,1.54,4.44,6.03
1863,2018/19,2019-04-21,Cardiff,Liverpool,0.0,2.0,A,0.0,0.0,M Atkinson,7.0,17.0,2.0,6.0,5.0,10.0,6.0,5.0,1.0,1.0,0.0,0.0,17.0,7.5,1.2,14.96,7.07,1.21,14.55,8.03,1.19,14.94,6.66,1.21
1864,2018/19,2019-04-21,Everton,Man United,4.0,0.0,H,2.0,0.0,P Tierney,15.0,7.0,8.0,1.0,10.0,2.0,11.0,7.0,1.0,1.0,0.0,0.0,3.25,3.5,2.3,3.23,3.55,2.34,3.17,3.55,2.37,3.17,3.44,2.3
1865,2018/19,2019-04-22,Chelsea,Burnley,2.0,2.0,D,2.0,2.0,K Friend,22.0,6.0,9.0,3.0,10.0,1.0,9.0,4.0,2.0,1.0,0.0,0.0,1.25,6.25,15.0,1.25,6.33,13.71,1.24,6.46,14.91,1.26,5.95,12.42
1866,2018/19,2019-04-23,Tottenham,Brighton,1.0,0.0,H,0.0,0.0,C Kavanagh,29.0,6.0,5.0,1.0,6.0,3.0,7.0,13.0,1.0,2.0,0.0,0.0,1.28,6.0,13.0,1.29,5.63,12.65,1.26,6.34,13.48,1.29,5.53,11.88
1867,2018/19,2019-04-23,Watford,Southampton,1.0,1.0,D,0.0,1.0,M Dean,15.0,8.0,4.0,4.0,3.0,4.0,10.0,14.0,5.0,2.0,0.0,0.0,2.25,3.5,3.4,2.29,3.49,3.35,2.23,3.5,3.52,2.25,3.43,3.3
1868,2018/19,2019-04-24,Man United,Man City,0.0,2.0,A,0.0,0.0,A Marriner,12.0,8.0,1.0,5.0,1.0,1.0,10.0,10.0,2.0,2.0,0.0,0.0,7.5,5.0,1.44,6.94,4.85,1.49,6.85,4.78,1.5,6.79,4.73,1.46
1869,2018/19,2019-04-24,Wolves,Arsenal,3.0,1.0,H,3.0,0.0,S Attwell,11.0,11.0,3.0,1.0,5.0,5.0,12.0,9.0,2.0,3.0,0.0,0.0,2.9,3.5,2.55,2.95,3.47,2.54,2.77,3.45,2.72,2.89,3.41,2.48
1870,2018/19,2019-04-26,Liverpool,Huddersfield,5.0,0.0,H,3.0,0.0,K Friend,21.0,5.0,7.0,1.0,4.0,4.0,5.0,14.0,0.0,0.0,0.0,0.0,1.07,15.0,41.0,1.08,13.99,30.97,1.08,14.1,34.97,1.07,13.61,36.37
1871,2018/19,2019-04-27,Brighton,Newcastle,1.0,1.0,D,0.0,1.0,M Dean,9.0,9.0,2.0,1.0,7.0,4.0,7.0,10.0,2.0,3.0,0.0,0.0,2.3,3.2,3.6,2.35,3.18,3.6,2.25,3.29,3.68,2.31,3.14,3.45
1872,2018/19,2019-04-27,Crystal Palace,Everton,0.0,0.0,D,0.0,0.0,L Mason,8.0,22.0,0.0,3.0,5.0,10.0,9.0,15.0,2.0,0.0,0.0,0.0,2.62,3.5,2.8,2.63,3.45,2.84,3.05,3.49,2.46,2.61,3.37,2.76
1873,2018/19,2019-04-27,Fulham,Cardiff,1.0,0.0,H,0.0,0.0,C Kavanagh,8.0,13.0,2.0,8.0,10.0,3.0,10.0,8.0,0.0,0.0,0.0,0.0,2.4,3.6,3.0,2.4,3.71,2.95,2.21,3.69,3.35,2.37,3.56,2.93
1874,2018/19,2019-04-27,Southampton,Bournemouth,3.0,3.0,D,1.0,2.0,G Scott,22.0,9.0,7.0,5.0,9.0,3.0,8.0,9.0,2.0,1.0,0.0,0.0,1.9,3.9,4.1,1.92,3.86,4.1,1.81,3.97,4.58,1.91,3.72,4.03
1875,2018/19,2019-04-27,Tottenham,West Ham,0.0,1.0,A,0.0,0.0,A Taylor,14.0,16.0,4.0,7.0,2.0,7.0,3.0,8.0,0.0,2.0,0.0,0.0,1.4,5.5,7.5,1.44,5.17,7.4,1.36,5.55,8.95,1.43,4.91,7.14
1876,2018/19,2019-04-27,Watford,Wolves,1.0,2.0,A,0.0,1.0,S Hooper,10.0,11.0,1.0,4.0,4.0,5.0,10.0,11.0,3.0,2.0,0.0,0.0,2.62,3.3,2.9,2.64,3.32,2.93,2.73,3.26,2.87,2.58,3.23,2.9
1877,2018/19,2019-04-28,Burnley,Man City,0.0,1.0,A,0.0,0.0,P Tierney,2.0,25.0,0.0,7.0,0.0,6.0,5.0,7.0,1.0,1.0,0.0,0.0,23.0,9.0,1.14,19.41,8.84,1.15,18.2,9.44,1.16,19.65,8.43,1.15
1878,2018/19,2019-04-28,Leicester,Arsenal,3.0,0.0,H,0.0,0.0,M Oliver,24.0,6.0,12.0,1.0,8.0,6.0,13.0,13.0,3.0,1.0,0.0,1.0,2.75,3.6,2.6,2.68,3.77,2.61,2.6,3.65,2.77,2.68,3.63,2.54
1879,2018/19,2019-04-28,Man United,Chelsea,1.0,1.0,D,1.0,1.0,M Atkinson,7.0,16.0,5.0,3.0,6.0,6.0,9.0,14.0,3.0,2.0,0.0,0.0,2.7,3.5,2.7,2.73,3.43,2.77,2.77,3.38,2.76,2.67,3.38,2.69
1880,2018/19,2019-05-03,Everton,Burnley,2.0,0.0,H,2.0,0.0,C Kavanagh,20.0,5.0,6.0,1.0,8.0,1.0,8.0,9.0,0.0,2.0,0.0,0.0,1.66,4.0,5.75,1.68,3.91,5.73,1.71,3.85,5.56,1.66,3.88,5.6
1881,2018/19,2019-05-04,Bournemouth,Tottenham,1.0,0.0,H,0.0,0.0,C Pawson,20.0,11.0,6.0,5.0,10.0,6.0,11.0,12.0,1.0,5.0,0.0,2.0,4.0,4.0,1.9,4.06,3.9,1.92,5.99,4.75,1.54,4.0,3.83,1.89
1882,2018/19,2019-05-04,Cardiff,Crystal Palace,2.0,3.0,A,1.0,2.0,M Oliver,18.0,21.0,8.0,7.0,10.0,5.0,14.0,11.0,0.0,0.0,0.0,0.0,2.6,3.75,2.7,2.62,3.75,2.68,2.53,3.79,2.75,2.59,3.57,2.68
1883,2018/19,2019-05-04,Newcastle,Liverpool,2.0,3.0,A,1.0,2.0,A Marriner,14.0,11.0,7.0,4.0,2.0,3.0,10.0,4.0,1.0,1.0,0.0,0.0,9.5,5.25,1.36,9.92,5.04,1.36,9.8,5.56,1.34,9.91,4.98,1.35
1884,2018/19,2019-05-04,West Ham,Southampton,3.0,0.0,H,1.0,0.0,S Attwell,17.0,11.0,6.0,1.0,2.0,7.0,2.0,11.0,1.0,1.0,0.0,0.0,2.3,3.75,3.1,2.33,3.72,3.09,2.4,3.69,3.0,2.3,3.64,3.02
1885,2018/19,2019-05-04,Wolves,Fulham,1.0,0.0,H,0.0,0.0,J Moss,19.0,6.0,6.0,2.0,7.0,1.0,10.0,15.0,1.0,3.0,0.0,0.0,1.53,4.2,7.5,1.56,4.16,6.69,1.52,4.39,7.01,1.55,4.12,6.52
1886,2018/19,2019-05-05,Arsenal,Brighton,1.0,1.0,D,1.0,0.0,A Taylor,20.0,11.0,8.0,5.0,16.0,3.0,9.0,14.0,5.0,2.0,0.0,0.0,1.4,5.0,9.0,1.43,4.72,8.49,1.27,6.31,12.29,1.41,4.69,8.3
1887,2018/19,2019-05-05,Chelsea,Watford,3.0,0.0,H,0.0,0.0,P Tierney,19.0,15.0,9.0,3.0,6.0,6.0,6.0,12.0,0.0,1.0,0.0,0.0,1.4,5.25,8.0,1.39,5.14,8.58,1.31,5.98,10.83,1.4,4.95,8.13
1888,2018/19,2019-05-05,Huddersfield,Man United,1.0,1.0,D,0.0,1.0,L Mason,7.0,23.0,3.0,7.0,3.0,7.0,10.0,10.0,1.0,1.0,0.0,0.0,11.0,6.0,1.3,9.23,5.56,1.34,9.96,5.76,1.33,9.95,5.37,1.33
1889,2018/19,2019-05-06,Man City,Leicester,1.0,0.0,H,0.0,0.0,M Dean,19.0,7.0,5.0,2.0,11.0,0.0,12.0,5.0,3.0,2.0,0.0,0.0,1.12,8.5,17.0,1.17,8.35,17.14,1.17,9.36,15.0,1.16,8.29,16.95
1890,2018/19,2019-05-12,Brighton,Man City,1.0,4.0,A,1.0,2.0,M Oliver,6.0,20.0,2.0,9.0,2.0,6.0,12.0,8.0,0.0,0.0,0.0,0.0,19.0,8.5,1.16,15.63,8.17,1.18,13.17,7.24,1.22,16.94,8.03,1.16
1891,2018/19,2019-05-12,Burnley,Arsenal,1.0,3.0,A,0.0,0.0,M Dean,14.0,17.0,5.0,6.0,4.0,5.0,11.0,3.0,5.0,1.0,0.0,0.0,3.25,3.8,2.2,3.15,3.8,2.25,2.52,3.69,2.8,3.14,3.74,2.2
1892,2018/19,2019-05-12,Crystal Palace,Bournemouth,5.0,3.0,H,3.0,1.0,R East,17.0,16.0,8.0,8.0,4.0,4.0,11.0,8.0,3.0,0.0,0.0,0.0,1.9,4.2,3.8,1.88,4.14,3.95,1.79,4.4,4.16,1.87,4.0,3.87
1893,2018/19,2019-05-12,Fulham,Newcastle,0.0,4.0,A,0.0,2.0,K Friend,16.0,13.0,2.0,6.0,5.0,5.0,6.0,8.0,1.0,0.0,0.0,0.0,2.5,3.6,2.9,2.55,3.57,2.83,2.49,3.55,2.93,2.5,3.53,2.78
1894,2018/19,2019-05-12,Leicester,Chelsea,0.0,0.0,D,0.0,0.0,A Taylor,9.0,14.0,3.0,4.0,4.0,5.0,9.0,8.0,0.0,1.0,0.0,0.0,2.4,3.75,2.9,2.44,3.65,2.93,2.42,3.63,2.98,2.4,3.57,2.89
1895,2018/19,2019-05-12,Liverpool,Wolves,2.0,0.0,H,1.0,0.0,M Atkinson,13.0,7.0,5.0,2.0,4.0,1.0,3.0,11.0,0.0,2.0,0.0,0.0,1.3,6.0,11.0,1.31,5.77,10.54,1.32,5.89,9.48,1.3,5.62,10.17
1896,2018/19,2019-05-12,Man United,Cardiff,0.0,2.0,A,0.0,1.0,J Moss,26.0,13.0,10.0,4.0,11.0,2.0,9.0,6.0,3.0,3.0,0.0,0.0,1.28,6.5,11.0,1.28,6.33,10.21,1.3,6.06,9.71,1.28,6.18,10.1
1897,2018/19,2019-05-12,Southampton,Huddersfield,1.0,1.0,D,1.0,0.0,L Probert,10.0,10.0,3.0,3.0,4.0,3.0,8.0,6.0,0.0,1.0,0.0,0.0,1.44,4.75,8.5,1.44,4.83,7.62,1.37,5.36,8.49,1.42,4.81,7.64
1898,2018/19,2019-05-12,Tottenham,Everton,2.0,2.0,D,1.0,0.0,A Marriner,11.0,17.0,3.0,9.0,7.0,4.0,10.0,13.0,0.0,2.0,0.0,0.0,2.2,3.5,3.5,2.1,3.64,3.64,1.91,3.81,4.15,2.09,3.51,3.58
1899,2018/19,2019-05-12,Watford,West Ham,1.0,4.0,A,0.0,2.0,C Kavanagh,17.0,16.0,8.0,9.0,7.0,2.0,10.0,10.0,1.0,0.0,1.0,0.0,2.25,3.75,3.2,2.2,3.85,3.21,2.11,3.86,3.41,2.2,3.73,3.13
1900,2019/20,2019-08-09,Liverpool,Norwich,4.0,1.0,H,4.0,0.0,M Oliver,15.0,12.0,7.0,5.0,11.0,2.0,9.0,9.0,0.0,2.0,0.0,0.0,1.14,10.0,19.0,1.15,9.59,18.05,1.14,10.43,19.63,1.14,8.75,19.83
1901,2019/20,2019-08-10,Bournemouth,Sheffield United,1.0,1.0,D,0.0,0.0,K Friend,13.0,8.0,3.0,3.0,3.0,4.0,10.0,19.0,2.0,1.0,0.0,0.0,1.95,3.6,3.6,2.04,3.57,3.9,1.98,3.67,4.06,2.01,3.53,3.83
1902,2019/20,2019-08-10,Burnley,Southampton,3.0,0.0,H,0.0,0.0,G Scott,10.0,11.0,4.0,3.0,2.0,7.0,6.0,12.0,0.0,0.0,0.0,0.0,2.62,3.2,2.75,2.71,3.31,2.81,2.71,3.19,2.9,2.68,3.22,2.78
1903,2019/20,2019-08-10,Crystal Palace,Everton,0.0,0.0,D,0.0,0.0,J Moss,6.0,10.0,2.0,3.0,6.0,2.0,16.0,14.0,2.0,1.0,0.0,1.0,3.0,3.25,2.37,3.21,3.37,2.39,3.37,3.45,2.27,3.13,3.27,2.4
1904,2019/20,2019-08-10,Tottenham,Aston Villa,3.0,1.0,H,0.0,1.0,C Kavanagh,31.0,7.0,7.0,4.0,14.0,0.0,13.0,9.0,1.0,0.0,0.0,0.0,1.3,5.25,10.0,1.3,5.84,10.96,1.39,5.35,8.42,1.3,5.53,10.51
1905,2019/20,2019-08-10,Watford,Brighton,0.0,3.0,A,0.0,1.0,C Pawson,11.0,5.0,3.0,3.0,5.0,2.0,15.0,11.0,0.0,1.0,0.0,0.0,1.9,3.4,4.0,1.98,3.44,4.37,2.05,3.38,4.12,1.94,3.41,4.26
1906,2019/20,2019-08-10,West Ham,Man City,0.0,5.0,A,0.0,1.0,M Dean,5.0,14.0,3.0,9.0,1.0,1.0,6.0,13.0,2.0,2.0,0.0,0.0,12.0,6.5,1.22,11.68,6.53,1.26,11.11,6.68,1.27,11.84,6.28,1.25
1907,2019/20,2019-08-11,Leicester,Wolves,0.0,0.0,D,0.0,0.0,A Marriner,15.0,8.0,1.0,2.0,12.0,3.0,3.0,13.0,0.0,2.0,0.0,0.0,2.2,3.2,3.4,2.21,3.34,3.66,2.5,3.12,3.3,2.22,3.28,3.48
1908,2019/20,2019-08-11,Man United,Chelsea,4.0,0.0,H,1.0,0.0,A Taylor,11.0,18.0,5.0,7.0,3.0,5.0,15.0,13.0,3.0,4.0,0.0,0.0,2.1,3.3,3.5,2.21,3.37,3.63,2.04,3.44,4.14,2.19,3.32,3.49
1909,2019/20,2019-08-11,Newcastle,Arsenal,0.0,1.0,A,0.0,0.0,M Atkinson,9.0,8.0,2.0,2.0,5.0,3.0,12.0,7.0,1.0,3.0,0.0,0.0,4.5,3.75,1.72,4.58,3.93,1.81,3.36,3.56,2.25,4.49,3.82,1.79
1910,2019/20,2019-08-17,Arsenal,Burnley,2.0,1.0,H,1.0,1.0,M Dean,16.0,18.0,9.0,5.0,10.0,7.0,13.0,11.0,2.0,1.0,0.0,0.0,1.3,5.5,10.0,1.34,5.68,9.35,1.38,5.35,8.78,1.33,5.49,9.48
1911,2019/20,2019-08-17,Aston Villa,Bournemouth,1.0,2.0,A,0.0,2.0,M Atkinson,22.0,12.0,7.0,4.0,10.0,5.0,10.0,13.0,0.0,2.0,0.0,0.0,2.3,3.4,3.1,2.32,3.56,3.17,2.3,3.69,3.11,2.33,3.49,3.08
1912,2019/20,2019-08-17,Brighton,West Ham,1.0,1.0,D,0.0,0.0,A Taylor,16.0,8.0,4.0,3.0,8.0,6.0,11.0,10.0,0.0,2.0,0.0,0.0,2.55,3.25,2.87,2.58,3.38,2.92,2.22,3.6,3.34,2.52,3.33,2.9
1913,2019/20,2019-08-17,Everton,Watford,1.0,0.0,H,1.0,0.0,L Mason,12.0,8.0,2.0,2.0,4.0,7.0,11.0,11.0,2.0,3.0,0.0,0.0,1.72,3.8,4.75,1.76,3.95,4.87,1.85,3.66,4.64,1.73,3.9,4.86
1914,2019/20,2019-08-17,Man City,Tottenham,2.0,2.0,D,2.0,1.0,M Oliver,30.0,3.0,10.0,2.0,13.0,2.0,14.0,4.0,1.0,0.0,0.0,0.0,1.36,5.25,8.0,1.37,5.42,8.71,1.37,5.63,8.39,1.36,5.32,8.46
1915,2019/20,2019-08-17,Norwich,Newcastle,3.0,1.0,H,1.0,0.0,S Attwell,15.0,10.0,8.0,3.0,7.0,5.0,9.0,11.0,1.0,3.0,0.0,0.0,2.25,3.3,3.3,2.25,3.42,3.44,2.14,3.57,3.58,2.23,3.38,3.38
1916,2019/20,2019-08-17,Southampton,Liverpool,1.0,2.0,A,0.0,1.0,A Marriner,14.0,15.0,3.0,6.0,5.0,9.0,10.0,6.0,2.0,1.0,0.0,0.0,6.5,4.75,1.44,7.04,4.72,1.48,6.43,4.57,1.53,6.77,4.67,1.47
1917,2019/20,2019-08-18,Chelsea,Leicester,1.0,1.0,D,1.0,0.0,O Langford,14.0,12.0,5.0,3.0,4.0,5.0,9.0,14.0,1.0,0.0,0.0,0.0,1.7,3.75,5.0,1.74,3.79,5.28,1.73,3.9,5.23,1.73,3.77,5.07
1918,2019/20,2019-08-18,Sheffield United,Crystal Palace,1.0,0.0,H,0.0,0.0,D Coote,15.0,6.0,3.0,4.0,8.0,4.0,16.0,11.0,3.0,1.0,0.0,0.0,2.55,3.1,2.9,2.6,3.21,3.02,2.51,3.33,3.08,2.57,3.19,2.95
1919,2019/20,2019-08-19,Wolves,Man United,1.0,1.0,D,0.0,1.0,J Moss,6.0,9.0,2.0,2.0,4.0,6.0,17.0,8.0,2.0,2.0,0.0,0.0,3.3,3.3,2.25,3.4,3.29,2.33,2.98,3.32,2.56,3.32,3.28,2.3
1920,2019/20,2019-08-23,Aston Villa,Everton,2.0,0.0,H,1.0,0.0,M Oliver,7.0,12.0,3.0,1.0,0.0,6.0,10.0,18.0,2.0,3.0,0.0,0.0,3.25,3.5,2.15,3.22,3.54,2.31,3.1,3.41,2.43,3.16,3.5,2.27
1921,2019/20,2019-08-24,Brighton,Southampton,0.0,2.0,A,0.0,0.0,K Friend,12.0,12.0,3.0,4.0,8.0,5.0,9.0,10.0,1.0,3.0,1.0,0.0,2.4,3.3,3.0,2.45,3.28,3.18,2.33,3.26,3.44,2.43,3.25,3.08
1922,2019/20,2019-08-24,Liverpool,Arsenal,3.0,1.0,H,1.0,0.0,A Taylor,25.0,9.0,5.0,3.0,6.0,4.0,8.0,5.0,1.0,1.0,0.0,0.0,1.5,4.6,6.0,1.48,4.98,6.47,1.46,5.12,6.74,1.5,4.76,6.09
1923,2019/20,2019-08-24,Man United,Crystal Palace,1.0,2.0,A,0.0,1.0,P Tierney,22.0,5.0,3.0,3.0,8.0,1.0,8.0,18.0,2.0,4.0,0.0,0.0,1.33,5.25,9.0,1.36,5.26,9.59,1.37,5.33,9.23,1.36,5.06,9.16
1924,2019/20,2019-08-24,Norwich,Chelsea,2.0,3.0,A,2.0,2.0,M Atkinson,6.0,23.0,5.0,8.0,1.0,8.0,9.0,9.0,1.0,1.0,0.0,0.0,4.33,3.75,1.8,4.13,4.07,1.85,4.17,3.91,1.89,4.18,3.92,1.83
1925,2019/20,2019-08-24,Sheffield United,Leicester,1.0,2.0,A,0.0,1.0,A Madley,8.0,10.0,3.0,2.0,7.0,4.0,11.0,6.0,1.0,0.0,0.0,0.0,3.3,3.3,2.25,3.52,3.29,2.28,3.19,3.28,2.44,3.45,3.23,2.26
1926,2019/20,2019-08-24,Watford,West Ham,1.0,3.0,A,1.0,1.0,C Kavanagh,23.0,16.0,3.0,10.0,8.0,7.0,12.0,11.0,1.0,1.0,0.0,0.0,2.05,3.5,3.5,2.16,3.52,3.57,2.16,3.61,3.48,2.13,3.53,3.47
1927,2019/20,2019-08-25,Bournemouth,Man City,1.0,3.0,A,1.0,2.0,A Marriner,10.0,19.0,7.0,5.0,4.0,5.0,7.0,13.0,1.0,3.0,0.0,0.0,15.0,7.5,1.16,14.88,7.52,1.2,17.0,9.5,1.16,14.52,7.28,1.19
1928,2019/20,2019-08-25,Tottenham,Newcastle,0.0,1.0,A,0.0,1.0,M Dean,17.0,8.0,2.0,3.0,6.0,6.0,10.0,5.0,2.0,2.0,0.0,0.0,1.2,6.5,14.0,1.26,6.46,12.01,1.28,6.21,11.48,1.24,6.26,12.35
1929,2019/20,2019-08-25,Wolves,Burnley,1.0,1.0,D,0.0,1.0,C Pawson,17.0,13.0,2.0,4.0,4.0,3.0,9.0,11.0,0.0,2.0,0.0,0.0,1.85,3.4,4.5,1.83,3.52,5.06,1.78,3.51,5.6,1.85,3.43,4.78
1930,2019/20,2019-08-31,Burnley,Liverpool,0.0,3.0,A,0.0,2.0,C Kavanagh,7.0,15.0,2.0,7.0,6.0,4.0,10.0,16.0,0.0,0.0,0.0,0.0,9.5,5.5,1.3,10.24,5.37,1.34,9.22,5.77,1.34,9.45,5.43,1.33
1931,2019/20,2019-08-31,Chelsea,Sheffield United,2.0,2.0,D,2.0,0.0,S Attwell,13.0,8.0,5.0,2.0,3.0,4.0,6.0,11.0,0.0,1.0,0.0,0.0,1.36,4.75,9.0,1.36,5.12,10.23,1.44,4.65,8.21,1.36,4.98,9.53
1932,2019/20,2019-08-31,Crystal Palace,Aston Villa,1.0,0.0,H,0.0,0.0,K Friend,22.0,10.0,5.0,2.0,13.0,2.0,15.0,16.0,2.0,4.0,0.0,1.0,2.15,3.3,3.5,2.22,3.44,3.5,2.29,3.39,3.4,2.21,3.38,3.43
1933,2019/20,2019-08-31,Leicester,Bournemouth,3.0,1.0,H,2.0,1.0,P Bankes,13.0,8.0,5.0,2.0,4.0,5.0,9.0,11.0,1.0,3.0,0.0,0.0,1.7,4.0,4.75,1.71,4.12,4.95,1.68,4.03,5.4,1.72,4.02,4.81
1934,2019/20,2019-08-31,Man City,Brighton,4.0,0.0,H,2.0,0.0,J Moss,15.0,6.0,6.0,2.0,8.0,1.0,10.0,6.0,1.0,1.0,0.0,0.0,1.08,10.0,26.0,1.08,13.01,34.71,1.09,13.06,35.17,1.09,11.73,30.92
1935,2019/20,2019-08-31,Newcastle,Watford,1.0,1.0,D,1.0,1.0,G Scott,13.0,13.0,5.0,3.0,6.0,5.0,5.0,11.0,2.0,3.0,0.0,0.0,2.5,3.25,2.87,2.73,3.22,2.86,2.53,3.21,3.13,2.63,3.24,2.86
1936,2019/20,2019-08-31,Southampton,Man United,1.0,1.0,D,0.0,1.0,M Dean,10.0,21.0,2.0,8.0,2.0,3.0,17.0,7.0,1.0,2.0,1.0,0.0,3.8,3.3,2.05,3.83,3.41,2.12,4.12,3.59,1.99,3.75,3.38,2.1
1937,2019/20,2019-08-31,West Ham,Norwich,2.0,0.0,H,1.0,0.0,P Tierney,18.0,8.0,8.0,3.0,8.0,2.0,16.0,10.0,2.0,1.0,0.0,0.0,1.85,3.9,3.9,1.91,3.93,4.04,1.93,4.12,3.8,1.89,3.91,3.92
1938,2019/20,2019-09-01,Arsenal,Tottenham,2.0,2.0,D,1.0,2.0,M Atkinson,26.0,13.0,8.0,9.0,11.0,6.0,13.0,19.0,3.0,5.0,0.0,0.0,2.37,3.6,2.8,2.38,3.67,3.0,2.59,3.7,2.72,2.38,3.63,2.9
1939,2019/20,2019-09-01,Everton,Wolves,3.0,2.0,H,2.0,1.0,A Taylor,15.0,8.0,6.0,5.0,7.0,7.0,12.0,12.0,1.0,4.0,0.0,1.0,2.2,3.25,3.5,2.17,3.36,3.71,2.08,3.29,4.19,2.17,3.29,3.65
1940,2019/20,2019-09-14,Brighton,Burnley,1.0,1.0,D,0.0,0.0,M Oliver,14.0,7.0,5.0,1.0,3.0,6.0,13.0,7.0,0.0,2.0,0.0,0.0,2.15,3.3,3.5,2.17,3.35,3.75,2.15,3.44,3.68,2.15,3.34,3.62
1941,2019/20,2019-09-14,Liverpool,Newcastle,3.0,1.0,H,2.0,1.0,A Marriner,21.0,8.0,9.0,1.0,10.0,1.0,5.0,4.0,0.0,0.0,0.0,0.0,1.14,8.5,17.0,1.16,8.41,20.6,1.21,7.29,14.23,1.15,8.27,19.45
1942,2019/20,2019-09-14,Man United,Leicester,1.0,0.0,H,1.0,0.0,M Atkinson,10.0,9.0,5.0,3.0,3.0,9.0,14.0,14.0,1.0,2.0,0.0,0.0,1.95,3.5,4.0,1.99,3.53,4.17,2.19,3.37,3.66,1.94,3.55,4.12
1943,2019/20,2019-09-14,Norwich,Man City,3.0,2.0,H,2.0,1.0,K Friend,7.0,25.0,3.0,8.0,3.0,16.0,8.0,7.0,3.0,1.0,0.0,0.0,15.0,9.0,1.14,18.79,9.48,1.14,25.83,13.49,1.09,17.04,9.03,1.15
1944,2019/20,2019-09-14,Sheffield United,Southampton,0.0,1.0,A,0.0,0.0,L Mason,17.0,11.0,4.0,7.0,12.0,6.0,10.0,7.0,1.0,1.0,1.0,0.0,2.45,3.2,3.0,2.45,3.35,3.12,2.44,3.3,3.18,2.46,3.26,3.06
1945,2019/20,2019-09-14,Tottenham,Crystal Palace,4.0,0.0,H,4.0,0.0,C Pawson,13.0,11.0,5.0,6.0,4.0,3.0,19.0,11.0,4.0,2.0,0.0,0.0,1.36,5.25,8.0,1.4,4.92,8.87,1.44,4.91,7.61,1.39,5.0,8.24
1946,2019/20,2019-09-14,Wolves,Chelsea,2.0,5.0,A,0.0,3.0,G Scott,11.0,15.0,4.0,6.0,7.0,5.0,8.0,11.0,1.0,2.0,0.0,0.0,2.9,3.3,2.5,3.07,3.37,2.48,3.1,3.43,2.42,2.97,3.36,2.46
1947,2019/20,2019-09-15,Bournemouth,Everton,3.0,1.0,H,1.0,1.0,P Tierney,13.0,14.0,6.0,5.0,7.0,7.0,5.0,14.0,0.0,4.0,0.0,0.0,2.9,3.5,2.4,3.05,3.53,2.41,3.37,3.57,2.23,3.01,3.48,2.37
1948,2019/20,2019-09-15,Watford,Arsenal,2.0,2.0,D,0.0,2.0,A Taylor,31.0,10.0,7.0,4.0,7.0,1.0,14.0,4.0,3.0,3.0,0.0,0.0,3.6,3.6,2.0,3.66,3.74,2.06,4.22,3.92,1.88,3.64,3.74,2.01
1949,2019/20,2019-09-16,Aston Villa,West Ham,0.0,0.0,D,0.0,0.0,M Dean,10.0,13.0,5.0,1.0,2.0,4.0,13.0,12.0,2.0,1.0,0.0,1.0,2.62,3.5,2.6,2.65,3.6,2.69,2.72,3.71,2.57,2.64,3.56,2.63
1950,2019/20,2019-09-20,Southampton,Bournemouth,1.0,3.0,A,0.0,2.0,C Kavanagh,25.0,6.0,6.0,3.0,4.0,5.0,8.0,9.0,1.0,3.0,0.0,0.0,2.05,3.6,3.5,2.12,3.65,3.55,2.17,3.6,3.46,2.1,3.62,3.5
1951,2019/20,2019-09-21,Burnley,Norwich,2.0,0.0,H,2.0,0.0,D Coote,13.0,11.0,6.0,2.0,7.0,3.0,11.0,10.0,0.0,1.0,0.0,0.0,2.0,3.8,3.5,2.02,3.8,3.73,2.02,3.88,3.67,1.99,3.76,3.67
1952,2019/20,2019-09-21,Everton,Sheffield United,0.0,2.0,A,0.0,1.0,S Hooper,16.0,2.0,3.0,1.0,12.0,3.0,9.0,9.0,1.0,3.0,0.0,0.0,1.61,3.75,6.0,1.69,3.8,5.76,1.79,3.57,5.31,1.67,3.8,5.58
1953,2019/20,2019-09-21,Leicester,Tottenham,2.0,1.0,H,0.0,1.0,P Tierney,16.0,11.0,7.0,4.0,8.0,2.0,16.0,13.0,1.0,2.0,0.0,0.0,2.87,3.5,2.37,2.92,3.53,2.5,2.72,3.51,2.69,2.87,3.5,2.45
1954,2019/20,2019-09-21,Man City,Watford,8.0,0.0,H,5.0,0.0,M Dean,28.0,5.0,11.0,4.0,5.0,4.0,5.0,9.0,2.0,2.0,0.0,0.0,1.1,11.0,21.0,1.11,10.69,27.58,1.11,11.33,25.74,1.11,10.24,23.21
1955,2019/20,2019-09-21,Newcastle,Brighton,0.0,0.0,D,0.0,0.0,M Atkinson,11.0,16.0,4.0,3.0,5.0,3.0,12.0,8.0,2.0,1.0,0.0,0.0,2.5,3.2,3.0,2.55,3.15,3.16,2.42,3.24,3.3,2.5,3.16,3.07
1956,2019/20,2019-09-22,Arsenal,Aston Villa,3.0,2.0,H,0.0,1.0,J Moss,21.0,14.0,6.0,9.0,9.0,4.0,13.0,15.0,5.0,1.0,1.0,0.0,1.4,4.75,8.0,1.43,4.86,8.01,1.42,5.23,7.59,1.42,4.9,7.49
1957,2019/20,2019-09-22,Chelsea,Liverpool,1.0,2.0,A,0.0,2.0,M Oliver,13.0,6.0,2.0,3.0,6.0,4.0,8.0,13.0,3.0,3.0,0.0,0.0,3.5,3.75,2.0,3.66,3.66,2.08,3.24,3.64,2.27,3.58,3.69,2.04
1958,2019/20,2019-09-22,Crystal Palace,Wolves,1.0,1.0,D,0.0,0.0,S Attwell,13.0,14.0,4.0,4.0,6.0,7.0,7.0,10.0,2.0,1.0,0.0,1.0,2.62,3.1,2.87,2.68,3.15,2.98,2.9,3.1,2.81,2.64,3.11,2.93
1959,2019/20,2019-09-22,West Ham,Man United,2.0,0.0,H,1.0,0.0,A Taylor,8.0,9.0,6.0,3.0,3.0,7.0,8.0,9.0,2.0,2.0,0.0,0.0,3.1,3.6,2.2,3.33,3.56,2.24,3.07,3.45,2.45,3.24,3.59,2.21
1960,2019/20,2019-09-28,Aston Villa,Burnley,2.0,2.0,D,1.0,0.0,L Mason,16.0,10.0,3.0,3.0,7.0,3.0,10.0,16.0,1.0,4.0,0.0,0.0,2.3,3.4,3.1,2.39,3.45,3.15,2.36,3.44,3.19,2.38,3.38,3.08
1961,2019/20,2019-09-28,Bournemouth,West Ham,2.0,2.0,D,1.0,1.0,S Attwell,13.0,17.0,5.0,6.0,6.0,6.0,7.0,8.0,3.0,1.0,0.0,0.0,2.5,3.5,2.75,2.49,3.62,2.86,2.41,3.65,2.96,2.48,3.56,2.79
1962,2019/20,2019-09-28,Chelsea,Brighton,2.0,0.0,H,0.0,0.0,C Kavanagh,24.0,8.0,10.0,1.0,5.0,2.0,5.0,13.0,2.0,3.0,0.0,0.0,1.4,4.75,8.0,1.44,4.65,8.41,1.45,4.64,8.06,1.44,4.64,7.64
1963,2019/20,2019-09-28,Crystal Palace,Norwich,2.0,0.0,H,1.0,0.0,J Moss,15.0,10.0,3.0,3.0,5.0,5.0,14.0,10.0,3.0,1.0,0.0,0.0,1.9,3.75,3.75,1.97,3.78,3.96,1.91,3.89,4.09,1.94,3.75,3.88
1964,2019/20,2019-09-28,Everton,Man City,1.0,3.0,A,1.0,1.0,M Oliver,12.0,20.0,8.0,9.0,5.0,2.0,4.0,8.0,2.0,2.0,0.0,0.0,10.0,5.5,1.3,10.21,6.03,1.3,8.9,5.51,1.36,9.84,5.86,1.3
1965,2019/20,2019-09-28,Sheffield United,Liverpool,0.0,1.0,A,0.0,0.0,A Taylor,12.0,16.0,2.0,4.0,6.0,5.0,8.0,4.0,1.0,1.0,0.0,0.0,9.0,5.25,1.33,9.4,5.22,1.36,9.44,5.53,1.34,8.9,5.17,1.36
1966,2019/20,2019-09-28,Tottenham,Southampton,2.0,1.0,H,2.0,1.0,G Scott,9.0,14.0,4.0,6.0,6.0,6.0,5.0,16.0,0.0,2.0,1.0,0.0,1.4,4.75,8.0,1.44,4.69,8.18,1.38,5.23,8.73,1.44,4.67,7.61
1967,2019/20,2019-09-28,Wolves,Watford,2.0,0.0,H,1.0,0.0,P Tierney,6.0,14.0,2.0,5.0,1.0,6.0,5.0,6.0,0.0,1.0,0.0,0.0,1.85,3.4,4.5,1.9,3.5,4.69,1.96,3.52,4.34,1.89,3.49,4.46
1968,2019/20,2019-09-29,Leicester,Newcastle,5.0,0.0,H,1.0,0.0,C Pawson,13.0,3.0,5.0,0.0,9.0,0.0,12.0,9.0,1.0,1.0,0.0,1.0,1.5,4.0,7.5,1.53,4.21,7.27,1.52,4.33,7.04,1.53,4.09,7.06
1969,2019/20,2019-09-30,Man United,Arsenal,1.0,1.0,D,1.0,0.0,K Friend,16.0,10.0,4.0,5.0,8.0,7.0,18.0,13.0,4.0,2.0,0.0,0.0,2.37,3.5,2.9,2.41,3.56,3.03,2.26,3.57,3.29,2.36,3.53,2.99
1970,2019/20,2019-10-05,Brighton,Tottenham,3.0,0.0,H,2.0,0.0,J Moss,17.0,8.0,6.0,3.0,4.0,4.0,11.0,7.0,2.0,1.0,0.0,0.0,3.9,3.6,1.9,3.97,3.67,2.0,5.15,3.89,1.74,3.9,3.63,1.96
1971,2019/20,2019-10-05,Burnley,Everton,1.0,0.0,H,0.0,0.0,G Scott,9.0,11.0,3.0,2.0,7.0,9.0,5.0,12.0,2.0,1.0,0.0,1.0,2.87,3.3,2.5,3.01,3.36,2.52,3.22,3.35,2.39,2.93,3.3,2.52
1972,2019/20,2019-10-05,Liverpool,Leicester,2.0,1.0,H,1.0,0.0,C Kavanagh,18.0,2.0,8.0,1.0,4.0,6.0,9.0,17.0,1.0,4.0,0.0,0.0,1.44,4.75,7.0,1.47,4.77,7.18,1.59,4.42,5.76,1.46,4.66,7.0
1973,2019/20,2019-10-05,Norwich,Aston Villa,1.0,5.0,A,0.0,2.0,A Madley,21.0,22.0,5.0,12.0,10.0,6.0,14.0,17.0,1.0,3.0,0.0,0.0,2.37,3.6,2.8,2.46,3.61,2.91,2.46,3.62,2.9,2.41,3.6,2.85
1974,2019/20,2019-10-05,Watford,Sheffield United,0.0,0.0,D,0.0,0.0,A Marriner,8.0,9.0,2.0,3.0,7.0,7.0,7.0,6.0,0.0,2.0,0.0,0.0,2.05,3.4,3.6,2.14,3.43,3.73,2.38,3.27,3.32,2.14,3.38,3.58
1975,2019/20,2019-10-05,West Ham,Crystal Palace,1.0,2.0,A,0.0,0.0,M Oliver,9.0,7.0,4.0,4.0,2.0,2.0,11.0,7.0,3.0,2.0,0.0,0.0,1.95,3.6,3.8,2.02,3.65,3.92,2.02,3.75,3.85,2.0,3.58,3.8
1976,2019/20,2019-10-06,Arsenal,Bournemouth,1.0,0.0,H,1.0,0.0,M Atkinson,12.0,10.0,2.0,2.0,14.0,5.0,12.0,6.0,1.0,2.0,0.0,0.0,1.44,4.75,7.0,1.44,5.08,7.13,1.37,5.83,7.87,1.45,4.97,6.68
1977,2019/20,2019-10-06,Man City,Wolves,0.0,2.0,A,0.0,0.0,C Pawson,18.0,7.0,2.0,2.0,9.0,1.0,11.0,14.0,5.0,2.0,0.0,0.0,1.12,9.0,21.0,1.13,9.61,23.95,1.14,8.98,21.94,1.13,9.26,21.61
1978,2019/20,2019-10-06,Newcastle,Man United,1.0,0.0,H,0.0,0.0,M Dean,12.0,12.0,2.0,3.0,4.0,6.0,12.0,10.0,3.0,3.0,0.0,0.0,4.5,3.5,1.85,4.51,3.51,1.93,3.92,3.37,2.12,4.42,3.44,1.9
1979,2019/20,2019-10-06,Southampton,Chelsea,1.0,4.0,A,1.0,3.0,P Tierney,10.0,13.0,3.0,7.0,3.0,4.0,8.0,15.0,0.0,1.0,0.0,0.0,4.0,3.8,1.85,4.09,3.97,1.88,4.75,4.29,1.71,4.02,3.84,1.87
1980,2019/20,2019-10-19,Aston Villa,Brighton,2.0,1.0,H,1.0,1.0,D Coote,24.0,20.0,8.0,5.0,7.0,5.0,9.0,17.0,1.0,2.0,0.0,1.0,2.35,3.4,3.0,2.39,3.51,3.09,2.43,3.49,3.04,2.38,3.43,3.05
1981,2019/20,2019-10-19,Bournemouth,Norwich,0.0,0.0,D,0.0,0.0,L Mason,11.0,10.0,2.0,1.0,6.0,7.0,8.0,11.0,1.0,3.0,0.0,0.0,1.72,4.2,4.2,1.72,4.47,4.45,1.78,4.18,4.42,1.73,4.33,4.35
1982,2019/20,2019-10-19,Chelsea,Newcastle,1.0,0.0,H,0.0,0.0,A Marriner,16.0,5.0,8.0,0.0,11.0,0.0,9.0,12.0,2.0,1.0,0.0,0.0,1.3,5.5,10.0,1.32,5.7,10.32,1.27,6.4,11.56,1.31,5.62,10.38
1983,2019/20,2019-10-19,Crystal Palace,Man City,0.0,2.0,A,0.0,2.0,A Taylor,7.0,21.0,2.0,10.0,1.0,8.0,8.0,10.0,1.0,1.0,0.0,0.0,12.0,7.0,1.22,12.88,6.95,1.24,12.5,7.64,1.21,11.88,6.72,1.24
1984,2019/20,2019-10-19,Everton,West Ham,2.0,0.0,H,1.0,0.0,P Tierney,19.0,8.0,10.0,4.0,11.0,2.0,15.0,15.0,2.0,2.0,0.0,0.0,1.95,3.75,3.75,1.99,3.76,3.88,1.79,4.15,4.41,1.97,3.71,3.81
1985,2019/20,2019-10-19,Leicester,Burnley,2.0,1.0,H,1.0,1.0,J Moss,19.0,13.0,3.0,4.0,9.0,4.0,4.0,10.0,0.0,3.0,0.0,0.0,1.57,4.0,6.0,1.57,4.12,6.69,1.5,4.48,7.15,1.57,4.09,6.37
1986,2019/20,2019-10-19,Tottenham,Watford,1.0,1.0,D,0.0,1.0,C Kavanagh,12.0,7.0,2.0,2.0,11.0,2.0,5.0,9.0,4.0,3.0,0.0,0.0,1.4,5.0,7.5,1.43,5.0,7.67,1.53,4.35,6.74,1.42,4.9,7.48
1987,2019/20,2019-10-19,Wolves,Southampton,1.0,1.0,D,0.0,0.0,P Bankes,4.0,14.0,1.0,5.0,1.0,3.0,10.0,17.0,3.0,2.0,0.0,0.0,1.8,3.6,4.5,1.88,3.61,4.61,2.11,3.24,4.1,1.85,3.58,4.52
1988,2019/20,2019-10-20,Man United,Liverpool,1.0,1.0,D,1.0,0.0,M Atkinson,7.0,10.0,2.0,4.0,3.0,1.0,6.0,14.0,0.0,1.0,0.0,0.0,5.25,3.8,1.65,5.08,4.06,1.71,4.19,3.49,2.01,5.03,3.96,1.7
1989,2019/20,2019-10-21,Sheffield United,Arsenal,1.0,0.0,H,1.0,0.0,M Dean,8.0,9.0,2.0,3.0,7.0,12.0,10.0,12.0,4.0,4.0,0.0,0.0,3.9,3.75,1.9,3.96,3.83,1.96,3.72,3.63,2.08,3.88,3.79,1.93
1990,2019/20,2019-10-25,Southampton,Leicester,0.0,9.0,A,0.0,5.0,A Marriner,6.0,25.0,3.0,15.0,2.0,7.0,3.0,12.0,0.0,0.0,1.0,0.0,3.1,3.4,2.3,3.25,3.34,2.38,3.13,3.32,2.46,3.2,3.34,2.36
1991,2019/20,2019-10-26,Brighton,Everton,3.0,2.0,H,1.0,1.0,A Madley,8.0,10.0,4.0,6.0,0.0,5.0,12.0,12.0,2.0,1.0,0.0,0.0,2.9,3.25,2.5,2.9,3.37,2.6,2.76,3.3,2.77,2.87,3.3,2.58
1992,2019/20,2019-10-26,Burnley,Chelsea,2.0,4.0,A,0.0,2.0,M Oliver,13.0,16.0,5.0,7.0,5.0,6.0,7.0,8.0,3.0,2.0,0.0,0.0,4.5,4.0,1.72,4.61,4.17,1.75,5.06,4.07,1.71,4.53,4.02,1.75
1993,2019/20,2019-10-26,Man City,Aston Villa,3.0,0.0,H,0.0,0.0,G Scott,25.0,11.0,9.0,5.0,13.0,7.0,10.0,5.0,1.0,1.0,1.0,0.0,1.08,11.0,26.0,1.09,12.5,29.54,1.06,16.5,33.5,1.09,11.64,28.3
1994,2019/20,2019-10-26,Watford,Bournemouth,0.0,0.0,D,0.0,0.0,M Dean,7.0,15.0,3.0,5.0,5.0,10.0,14.0,8.0,5.0,3.0,0.0,0.0,2.15,3.6,3.25,2.21,3.52,3.44,2.33,3.59,3.12,2.19,3.53,3.31
1995,2019/20,2019-10-26,West Ham,Sheffield United,1.0,1.0,D,1.0,0.0,D Coote,12.0,10.0,4.0,4.0,10.0,4.0,7.0,10.0,2.0,2.0,0.0,0.0,2.1,3.5,3.5,2.15,3.46,3.66,2.29,3.4,3.39,2.11,3.46,3.6
1996,2019/20,2019-10-27,Arsenal,Crystal Palace,2.0,2.0,D,2.0,1.0,M Atkinson,15.0,10.0,6.0,4.0,12.0,5.0,18.0,9.0,2.0,0.0,0.0,0.0,1.45,4.75,6.5,1.51,4.66,6.54,1.48,4.79,6.92,1.49,4.63,6.49
1997,2019/20,2019-10-27,Liverpool,Tottenham,2.0,1.0,H,0.0,1.0,A Taylor,21.0,11.0,13.0,4.0,8.0,3.0,9.0,11.0,3.0,3.0,0.0,0.0,1.5,4.33,6.5,1.55,4.48,6.22,1.47,5.04,6.57,1.54,4.45,6.11
1998,2019/20,2019-10-27,Newcastle,Wolves,1.0,1.0,D,1.0,0.0,K Friend,13.0,13.0,2.0,5.0,3.0,6.0,8.0,15.0,2.0,2.0,1.0,0.0,3.0,3.1,2.55,3.09,3.11,2.62,3.48,3.09,2.42,3.02,3.09,2.59
1999,2019/20,2019-10-27,Norwich,Man United,1.0,3.0,A,0.0,2.0,S Attwell,10.0,21.0,3.0,11.0,1.0,10.0,13.0,10.0,2.0,2.0,0.0,0.0,4.33,4.0,1.75,4.37,3.96,1.83,4.72,3.73,1.83,4.36,3.91,1.8
2000,2019/20,2019-11-02,Arsenal,Wolves,1.0,1.0,D,1.0,0.0,M Oliver,10.0,25.0,4.0,8.0,8.0,9.0,6.0,15.0,0.0,2.0,0.0,0.0,1.75,3.75,4.75,1.79,3.81,4.81,1.76,3.95,4.87,1.78,3.8,4.65
2001,2019/20,2019-11-02,Aston Villa,Liverpool,1.0,2.0,A,1.0,0.0,J Moss,5.0,25.0,2.0,6.0,2.0,10.0,12.0,9.0,1.0,2.0,0.0,0.0,9.0,5.0,1.33,8.36,5.63,1.36,10.13,6.57,1.28,8.4,5.37,1.36
2002,2019/20,2019-11-02,Bournemouth,Man United,1.0,0.0,H,1.0,0.0,C Kavanagh,12.0,15.0,6.0,4.0,4.0,10.0,14.0,12.0,4.0,3.0,0.0,0.0,3.25,3.6,2.15,3.41,3.6,2.19,3.67,3.6,2.11,3.33,3.55,2.19
2003,2019/20,2019-11-02,Brighton,Norwich,2.0,0.0,H,0.0,0.0,K Friend,21.0,7.0,5.0,0.0,8.0,3.0,11.0,8.0,0.0,1.0,0.0,0.0,1.72,4.2,4.33,1.71,4.24,4.8,1.57,4.56,5.8,1.71,4.17,4.65
2004,2019/20,2019-11-02,Man City,Southampton,2.0,1.0,H,0.0,1.0,L Mason,26.0,3.0,4.0,3.0,17.0,0.0,11.0,10.0,3.0,1.0,0.0,0.0,1.07,13.0,23.0,1.08,13.13,33.77,1.07,14.49,36.78,1.08,11.99,29.72
2005,2019/20,2019-11-02,Sheffield United,Burnley,3.0,0.0,H,3.0,0.0,S Hooper,13.0,6.0,6.0,0.0,7.0,6.0,8.0,12.0,1.0,2.0,0.0,0.0,2.25,3.2,3.4,2.33,3.26,3.43,2.29,3.22,3.58,2.26,3.22,3.46
2006,2019/20,2019-11-02,Watford,Chelsea,1.0,2.0,A,0.0,1.0,A Taylor,12.0,16.0,3.0,10.0,1.0,6.0,8.0,5.0,4.0,2.0,0.0,0.0,5.0,4.33,1.61,5.13,4.21,1.68,5.34,4.43,1.63,4.99,4.24,1.65
2007,2019/20,2019-11-02,West Ham,Newcastle,2.0,3.0,A,0.0,2.0,S Attwell,16.0,12.0,6.0,9.0,7.0,3.0,10.0,7.0,2.0,1.0,0.0,0.0,1.75,3.8,4.5,1.79,3.87,4.69,1.89,3.64,4.48,1.79,3.82,4.55
2008,2019/20,2019-11-03,Crystal Palace,Leicester,0.0,2.0,A,0.0,0.0,P Tierney,12.0,14.0,3.0,5.0,5.0,6.0,15.0,16.0,2.0,2.0,0.0,0.0,3.5,3.4,2.1,3.57,3.42,2.2,3.86,3.62,2.05,3.5,3.38,2.17
2009,2019/20,2019-11-03,Everton,Tottenham,1.0,1.0,D,0.0,0.0,M Atkinson,7.0,4.0,3.0,2.0,5.0,2.0,9.0,8.0,1.0,2.0,0.0,1.0,2.7,3.4,2.6,2.74,3.55,2.63,2.54,3.62,2.82,2.73,3.49,2.57
2010,2019/20,2019-11-08,Norwich,Watford,0.0,2.0,A,0.0,1.0,A Marriner,17.0,12.0,5.0,2.0,10.0,4.0,7.0,13.0,1.0,2.0,0.0,1.0,2.7,3.5,2.55,2.7,3.58,2.65,2.97,3.63,2.41,2.68,3.57,2.6
2011,2019/20,2019-11-09,Burnley,West Ham,3.0,0.0,H,2.0,0.0,K Friend,14.0,7.0,12.0,4.0,11.0,4.0,17.0,10.0,2.0,1.0,0.0,0.0,2.25,3.5,3.1,2.27,3.59,3.24,2.18,3.63,3.41,2.27,3.55,3.13
2012,2019/20,2019-11-09,Chelsea,Crystal Palace,2.0,0.0,H,0.0,0.0,M Dean,23.0,3.0,5.0,1.0,7.0,0.0,9.0,17.0,3.0,2.0,0.0,0.0,1.33,5.0,10.0,1.34,5.41,9.74,1.44,4.69,7.98,1.34,5.35,9.29
2013,2019/20,2019-11-09,Leicester,Arsenal,2.0,0.0,H,0.0,0.0,C Kavanagh,19.0,8.0,7.0,1.0,5.0,4.0,10.0,10.0,1.0,1.0,0.0,0.0,2.0,3.75,3.5,1.98,3.91,3.79,1.93,4.05,3.88,1.99,3.78,3.62
2014,2019/20,2019-11-09,Newcastle,Bournemouth,2.0,1.0,H,1.0,1.0,M Atkinson,20.0,16.0,9.0,3.0,5.0,4.0,10.0,5.0,2.0,0.0,0.0,0.0,2.55,3.25,2.8,2.69,3.25,2.88,2.69,3.31,2.83,2.64,3.21,2.84
2015,2019/20,2019-11-09,Southampton,Everton,1.0,2.0,A,0.0,1.0,P Tierney,4.0,24.0,3.0,5.0,5.0,9.0,12.0,12.0,1.0,1.0,0.0,0.0,2.9,3.3,2.45,3.11,3.44,2.41,3.17,3.35,2.42,2.96,3.37,2.44
2016,2019/20,2019-11-09,Tottenham,Sheffield United,1.0,1.0,D,0.0,0.0,G Scott,17.0,14.0,5.0,4.0,4.0,4.0,6.0,9.0,2.0,2.0,0.0,0.0,1.57,4.0,6.0,1.6,4.21,6.09,1.56,4.41,6.26,1.58,4.14,6.02
2017,2019/20,2019-11-10,Liverpool,Man City,3.0,1.0,H,2.0,0.0,M Oliver,12.0,18.0,5.0,3.0,4.0,13.0,10.0,5.0,0.0,2.0,0.0,0.0,2.5,3.6,2.62,2.57,3.66,2.74,2.72,3.64,2.62,2.56,3.58,2.68
2018,2019/20,2019-11-10,Man United,Brighton,3.0,1.0,H,2.0,0.0,J Moss,21.0,6.0,11.0,2.0,5.0,2.0,10.0,14.0,2.0,5.0,0.0,0.0,1.6,3.75,6.5,1.7,3.66,5.98,1.66,3.69,6.41,1.67,3.67,5.82
2019,2019/20,2019-11-10,Wolves,Aston Villa,2.0,1.0,H,1.0,0.0,A Taylor,17.0,13.0,5.0,4.0,6.0,3.0,17.0,8.0,4.0,3.0,0.0,0.0,1.9,3.5,4.2,1.89,3.7,4.38,1.68,3.97,5.53,1.9,3.6,4.24
2020,2019/20,2019-11-23,Arsenal,Southampton,2.0,2.0,D,1.0,1.0,S Attwell,12.0,21.0,5.0,6.0,6.0,8.0,13.0,19.0,6.0,2.0,0.0,0.0,1.45,4.75,6.5,1.49,4.72,6.86,1.5,4.54,7.05,1.47,4.75,6.55
2021,2019/20,2019-11-23,Bournemouth,Wolves,1.0,2.0,A,0.0,2.0,S Hooper,9.0,17.0,2.0,7.0,5.0,9.0,10.0,12.0,2.0,1.0,1.0,0.0,2.75,3.3,2.6,2.85,3.38,2.63,3.1,3.25,2.52,2.82,3.3,2.59
2022,2019/20,2019-11-23,Brighton,Leicester,0.0,2.0,A,0.0,0.0,M Dean,7.0,19.0,0.0,9.0,6.0,7.0,9.0,1.0,2.0,0.0,0.0,0.0,3.75,3.5,2.0,3.73,3.58,2.09,3.9,3.56,2.05,3.69,3.53,2.04
2023,2019/20,2019-11-23,Crystal Palace,Liverpool,1.0,2.0,A,0.0,0.0,K Friend,16.0,12.0,6.0,4.0,9.0,8.0,8.0,7.0,0.0,1.0,0.0,0.0,7.5,4.75,1.4,7.59,4.82,1.45,6.95,4.65,1.49,7.33,4.62,1.45
2024,2019/20,2019-11-23,Everton,Norwich,0.0,2.0,A,0.0,0.0,A Taylor,18.0,13.0,7.0,5.0,7.0,7.0,12.0,11.0,3.0,5.0,0.0,0.0,1.36,5.1,8.0,1.41,5.18,7.85,1.34,5.64,9.17,1.4,5.0,7.73
2025,2019/20,2019-11-23,Man City,Chelsea,2.0,1.0,H,2.0,1.0,M Atkinson,15.0,11.0,4.0,2.0,8.0,2.0,5.0,9.0,1.0,1.0,0.0,0.0,1.44,5.0,6.5,1.45,5.2,6.74,1.38,5.84,7.62,1.45,4.96,6.64
2026,2019/20,2019-11-23,Watford,Burnley,0.0,3.0,A,0.0,0.0,P Tierney,15.0,11.0,4.0,5.0,7.0,5.0,14.0,13.0,0.0,3.0,0.0,0.0,2.3,3.4,3.1,2.39,3.35,3.22,2.27,3.4,3.42,2.33,3.31,3.2
2027,2019/20,2019-11-23,West Ham,Tottenham,2.0,3.0,A,0.0,2.0,M Oliver,11.0,15.0,4.0,6.0,3.0,7.0,12.0,14.0,3.0,2.0,0.0,0.0,4.2,4.33,1.7,4.37,4.32,1.76,4.71,4.53,1.69,4.32,4.14,1.75
2028,2019/20,2019-11-24,Sheffield United,Man United,3.0,3.0,D,1.0,0.0,A Marriner,12.0,11.0,8.0,5.0,6.0,3.0,13.0,10.0,1.0,2.0,0.0,0.0,3.5,3.4,2.1,3.65,3.37,2.19,3.95,3.45,2.08,3.55,3.28,2.18
2029,2019/20,2019-11-25,Aston Villa,Newcastle,2.0,0.0,H,2.0,0.0,L Mason,17.0,11.0,8.0,5.0,11.0,6.0,10.0,9.0,1.0,1.0,0.0,0.0,2.05,3.4,3.7,2.14,3.54,3.6,2.22,3.58,3.37,2.11,3.46,3.55
2030,2019/20,2019-11-30,Burnley,Crystal Palace,0.0,2.0,A,0.0,1.0,P Bankes,15.0,7.0,4.0,2.0,5.0,6.0,13.0,10.0,2.0,0.0,0.0,0.0,2.25,3.25,3.3,2.36,3.33,3.31,2.05,3.56,3.89,2.31,3.26,3.3
2031,2019/20,2019-11-30,Chelsea,West Ham,0.0,1.0,A,0.0,0.0,J Moss,19.0,5.0,6.0,4.0,9.0,3.0,0.0,16.0,0.0,3.0,0.0,0.0,1.28,6.0,9.0,1.3,5.99,10.19,1.3,6.14,10.01,1.3,5.94,9.63
2032,2019/20,2019-11-30,Liverpool,Brighton,2.0,1.0,H,2.0,0.0,M Atkinson,15.0,12.0,7.0,5.0,4.0,5.0,3.0,10.0,0.0,0.0,1.0,0.0,1.18,7.0,15.0,1.2,7.08,17.22,1.2,7.42,14.78,1.21,6.85,14.67
2033,2019/20,2019-11-30,Newcastle,Man City,2.0,2.0,D,1.0,1.0,C Kavanagh,6.0,24.0,3.0,9.0,1.0,10.0,4.0,6.0,1.0,2.0,0.0,0.0,13.0,8.0,1.16,14.05,7.9,1.2,11.0,7.75,1.23,15.11,7.59,1.18
2034,2019/20,2019-11-30,Southampton,Watford,2.0,1.0,H,0.0,1.0,M Oliver,11.0,6.0,6.0,3.0,6.0,7.0,6.0,10.0,1.0,0.0,0.0,0.0,2.1,3.4,3.5,2.15,3.51,3.62,2.1,3.6,3.67,2.12,3.5,3.51
2035,2019/20,2019-11-30,Tottenham,Bournemouth,3.0,2.0,H,1.0,0.0,L Mason,15.0,20.0,5.0,6.0,4.0,8.0,10.0,12.0,0.0,2.0,0.0,0.0,1.36,5.5,7.5,1.39,5.29,8.34,1.34,5.67,9.23,1.38,5.19,7.86
2036,2019/20,2019-12-01,Leicester,Everton,2.0,1.0,H,0.0,1.0,G Scott,16.0,11.0,6.0,3.0,4.0,4.0,7.0,9.0,0.0,1.0,0.0,0.0,1.61,4.0,5.25,1.64,4.19,5.58,1.65,4.08,5.57,1.64,4.08,5.33
2037,2019/20,2019-12-01,Man United,Aston Villa,2.0,2.0,D,1.0,1.0,C Pawson,16.0,9.0,6.0,3.0,9.0,9.0,16.0,8.0,4.0,1.0,0.0,0.0,1.45,4.5,7.0,1.48,4.44,7.72,1.47,4.75,7.32,1.49,4.38,7.08
2038,2019/20,2019-12-01,Norwich,Arsenal,2.0,2.0,D,2.0,1.0,P Tierney,15.0,16.0,8.0,7.0,7.0,12.0,8.0,10.0,2.0,1.0,0.0,0.0,4.0,4.33,1.75,4.27,4.33,1.78,4.56,4.49,1.71,4.14,4.22,1.77
2039,2019/20,2019-12-01,Wolves,Sheffield United,1.0,1.0,D,0.0,1.0,D Coote,13.0,9.0,3.0,4.0,7.0,2.0,12.0,18.0,1.0,4.0,0.0,0.0,1.9,3.5,4.2,1.93,3.52,4.46,2.23,3.2,3.82,1.92,3.43,4.35
2040,2019/20,2019-12-03,Burnley,Man City,1.0,4.0,A,0.0,1.0,J Moss,4.0,17.0,2.0,8.0,3.0,6.0,9.0,6.0,1.0,1.0,0.0,0.0,11.0,7.0,1.22,10.8,6.62,1.26,10.93,7.61,1.23,11.59,6.41,1.25
2041,2019/20,2019-12-03,Crystal Palace,Bournemouth,1.0,0.0,H,0.0,0.0,A Taylor,7.0,6.0,2.0,3.0,6.0,9.0,6.0,15.0,3.0,3.0,1.0,0.0,2.2,3.4,3.25,2.27,3.41,3.42,2.27,3.41,3.41,2.24,3.38,3.34
2042,2019/20,2019-12-04,Chelsea,Aston Villa,2.0,1.0,H,1.0,1.0,C Kavanagh,25.0,9.0,9.0,3.0,9.0,5.0,18.0,10.0,2.0,1.0,0.0,0.0,1.28,5.75,10.0,1.31,5.94,10.36,1.36,5.66,8.46,1.3,5.85,9.89
2043,2019/20,2019-12-04,Leicester,Watford,2.0,0.0,H,0.0,0.0,C Pawson,12.0,4.0,6.0,1.0,7.0,2.0,13.0,16.0,3.0,2.0,0.0,0.0,1.33,5.5,8.0,1.36,5.35,9.41,1.39,5.26,8.29,1.36,5.13,8.81
2044,2019/20,2019-12-04,Liverpool,Everton,5.0,2.0,H,4.0,2.0,M Dean,11.0,12.0,5.0,4.0,5.0,6.0,13.0,17.0,1.0,2.0,0.0,0.0,1.36,5.0,8.5,1.4,5.13,8.29,1.66,4.11,5.59,1.39,4.99,8.28
2045,2019/20,2019-12-04,Man United,Tottenham,2.0,1.0,H,1.0,1.0,P Tierney,12.0,8.0,7.0,5.0,4.0,3.0,9.0,9.0,0.0,1.0,0.0,0.0,2.75,3.4,2.55,2.71,3.57,2.65,2.6,3.5,2.82,2.69,3.47,2.61
2046,2019/20,2019-12-04,Southampton,Norwich,2.0,1.0,H,2.0,0.0,K Friend,14.0,10.0,5.0,3.0,6.0,1.0,12.0,7.0,1.0,1.0,0.0,0.0,1.72,4.0,4.2,1.79,4.09,4.41,1.76,4.04,4.68,1.78,3.99,4.35
2047,2019/20,2019-12-04,Wolves,West Ham,2.0,0.0,H,1.0,0.0,A Marriner,13.0,6.0,7.0,3.0,5.0,4.0,8.0,9.0,1.0,2.0,0.0,0.0,1.75,3.7,4.75,1.78,3.83,4.87,1.67,4.13,5.31,1.77,3.73,4.74
2048,2019/20,2019-12-05,Arsenal,Brighton,1.0,2.0,A,0.0,1.0,G Scott,12.0,20.0,5.0,9.0,9.0,9.0,10.0,11.0,3.0,1.0,0.0,0.0,1.57,4.33,5.5,1.63,4.2,5.68,1.66,4.32,5.17,1.61,4.23,5.41
2049,2019/20,2019-12-05,Sheffield United,Newcastle,0.0,2.0,A,0.0,1.0,S Attwell,13.0,6.0,6.0,4.0,8.0,1.0,10.0,6.0,2.0,0.0,0.0,0.0,1.83,3.4,4.6,1.87,3.56,4.75,1.79,3.63,5.24,1.86,3.45,4.62
2050,2019/20,2019-12-07,Bournemouth,Liverpool,0.0,3.0,A,0.0,2.0,C Kavanagh,3.0,21.0,0.0,9.0,1.0,3.0,5.0,6.0,0.0,1.0,0.0,0.0,7.0,5.25,1.4,7.01,5.22,1.44,6.58,4.63,1.51,7.01,5.03,1.42
2051,2019/20,2019-12-07,Everton,Chelsea,3.0,1.0,H,1.0,0.0,C Pawson,13.0,15.0,7.0,4.0,1.0,5.0,14.0,9.0,3.0,0.0,0.0,0.0,3.5,3.75,2.0,3.59,3.95,2.03,3.37,3.81,2.15,3.52,3.8,2.02
2052,2019/20,2019-12-07,Man City,Man United,1.0,2.0,A,0.0,2.0,A Taylor,22.0,11.0,5.0,7.0,16.0,3.0,10.0,10.0,3.0,2.0,0.0,0.0,1.3,5.5,10.0,1.31,5.89,10.48,1.32,6.2,9.5,1.31,5.67,9.9
2053,2019/20,2019-12-07,Tottenham,Burnley,5.0,0.0,H,3.0,0.0,K Friend,13.0,7.0,7.0,1.0,1.0,1.0,12.0,8.0,1.0,1.0,0.0,0.0,1.4,4.75,8.0,1.41,4.93,8.39,1.45,4.95,7.29,1.41,4.82,7.98
2054,2019/20,2019-12-07,Watford,Crystal Palace,0.0,0.0,D,0.0,0.0,M Atkinson,13.0,3.0,3.0,0.0,6.0,2.0,15.0,16.0,4.0,2.0,0.0,0.0,2.37,3.3,3.1,2.38,3.42,3.18,2.48,3.37,3.05,2.37,3.34,3.12
2055,2019/20,2019-12-08,Aston Villa,Leicester,1.0,4.0,A,1.0,2.0,M Oliver,15.0,23.0,2.0,8.0,8.0,5.0,21.0,15.0,6.0,2.0,0.0,0.0,4.33,3.8,1.8,4.38,3.92,1.84,4.98,4.16,1.7,4.27,3.88,1.82
2056,2019/20,2019-12-08,Brighton,Wolves,2.0,2.0,D,2.0,2.0,J Moss,13.0,13.0,4.0,5.0,3.0,4.0,10.0,7.0,3.0,0.0,0.0,0.0,2.62,3.1,2.87,2.72,3.23,2.86,2.65,3.22,2.98,2.69,3.16,2.81
2057,2019/20,2019-12-08,Newcastle,Southampton,2.0,1.0,H,0.0,0.0,D Coote,12.0,19.0,6.0,4.0,3.0,12.0,11.0,17.0,1.0,3.0,0.0,0.0,2.5,3.2,2.9,2.64,3.3,2.9,2.59,3.42,2.87,2.59,3.23,2.87
2058,2019/20,2019-12-08,Norwich,Sheffield United,1.0,2.0,A,1.0,0.0,S Hooper,14.0,9.0,4.0,3.0,9.0,1.0,6.0,12.0,0.0,4.0,0.0,0.0,2.9,3.5,2.37,3.04,3.51,2.42,3.18,3.57,2.31,2.98,3.45,2.4
2059,2019/20,2019-12-09,West Ham,Arsenal,1.0,3.0,A,1.0,0.0,M Dean,11.0,10.0,4.0,3.0,4.0,3.0,12.0,6.0,2.0,0.0,0.0,0.0,3.3,4.0,2.0,3.5,4.1,2.02,3.61,4.3,1.95,3.43,4.02,1.98
2060,2019/20,2019-12-14,Burnley,Newcastle,1.0,0.0,H,0.0,0.0,T Robinson,7.0,9.0,4.0,0.0,4.0,3.0,15.0,12.0,0.0,2.0,0.0,0.0,1.95,3.4,4.0,1.94,3.62,4.28,2.01,3.52,4.12,1.96,3.5,4.07
2061,2019/20,2019-12-14,Chelsea,Bournemouth,0.0,1.0,A,0.0,0.0,G Scott,18.0,11.0,5.0,2.0,9.0,4.0,9.0,14.0,1.0,2.0,0.0,0.0,1.25,6.0,12.0,1.24,6.74,12.57,1.24,7.01,12.05,1.25,6.48,11.64
2062,2019/20,2019-12-14,Leicester,Norwich,1.0,1.0,D,1.0,1.0,A Madley,18.0,10.0,5.0,3.0,12.0,4.0,11.0,15.0,0.0,4.0,0.0,0.0,1.22,6.5,13.0,1.23,6.8,13.95,1.25,6.89,11.49,1.22,6.73,13.29
2063,2019/20,2019-12-14,Liverpool,Watford,2.0,0.0,H,1.0,0.0,A Marriner,16.0,8.0,6.0,2.0,6.0,3.0,8.0,6.0,2.0,1.0,0.0,0.0,1.16,7.5,17.0,1.18,7.93,16.56,1.2,7.46,15.82,1.17,7.72,16.32
2064,2019/20,2019-12-14,Sheffield United,Aston Villa,2.0,0.0,H,0.0,0.0,P Bankes,7.0,8.0,3.0,0.0,3.0,2.0,10.0,9.0,2.0,2.0,0.0,0.0,1.85,3.75,4.2,1.88,3.83,4.3,1.79,3.89,4.68,1.86,3.75,4.17
2065,2019/20,2019-12-14,Southampton,West Ham,0.0,1.0,A,0.0,1.0,M Atkinson,11.0,11.0,2.0,4.0,5.0,8.0,9.0,14.0,1.0,3.0,0.0,0.0,1.9,3.8,3.8,1.94,3.95,3.87,1.83,4.01,4.29,1.92,3.86,3.83
2066,2019/20,2019-12-15,Arsenal,Man City,0.0,3.0,A,0.0,3.0,P Tierney,6.0,14.0,1.0,7.0,3.0,3.0,9.0,24.0,1.0,4.0,0.0,0.0,6.0,5.25,1.44,5.8,5.5,1.48,7.29,5.83,1.38,6.03,5.33,1.45
2067,2019/20,2019-12-15,Man United,Everton,1.0,1.0,D,0.0,1.0,M Oliver,24.0,8.0,8.0,3.0,6.0,5.0,10.0,12.0,1.0,2.0,0.0,0.0,1.8,3.7,4.5,1.8,3.73,4.87,1.69,4.01,5.32,1.78,3.71,4.76
2068,2019/20,2019-12-15,Wolves,Tottenham,1.0,2.0,A,0.0,1.0,S Attwell,18.0,9.0,5.0,5.0,11.0,2.0,14.0,10.0,4.0,4.0,0.0,0.0,3.25,3.4,2.25,3.2,3.5,2.33,2.88,3.65,2.47,3.22,3.45,2.26
2069,2019/20,2019-12-16,Crystal Palace,Brighton,1.0,1.0,D,0.0,0.0,C Pawson,11.0,15.0,4.0,10.0,3.0,7.0,7.0,12.0,1.0,1.0,0.0,0.0,2.55,3.25,2.87,2.58,3.28,2.98,2.86,3.27,2.7,2.55,3.22,2.91
2070,2019/20,2019-12-21,Aston Villa,Southampton,1.0,3.0,A,0.0,2.0,C Pawson,19.0,17.0,6.0,8.0,7.0,5.0,16.0,15.0,2.0,1.0,0.0,0.0,2.4,3.6,2.8,2.5,3.52,2.9,2.53,3.75,2.71,2.43,3.54,2.87
2071,2019/20,2019-12-21,Bournemouth,Burnley,0.0,1.0,A,0.0,0.0,M Atkinson,3.0,2.0,0.0,1.0,4.0,5.0,13.0,21.0,2.0,4.0,0.0,0.0,2.4,3.4,2.9,2.5,3.36,3.01,2.37,3.35,3.22,2.43,3.38,2.97
2072,2019/20,2019-12-21,Brighton,Sheffield United,0.0,1.0,A,0.0,1.0,R Jones,9.0,7.0,2.0,2.0,4.0,3.0,6.0,11.0,1.0,3.0,0.0,0.0,2.2,3.25,3.5,2.24,3.27,3.61,2.22,3.3,3.61,2.21,3.27,3.52
2073,2019/20,2019-12-21,Everton,Arsenal,0.0,0.0,D,0.0,0.0,K Friend,9.0,6.0,0.0,2.0,5.0,4.0,10.0,11.0,2.0,3.0,0.0,0.0,2.3,3.8,2.87,2.34,3.8,2.94,2.14,3.84,3.34,2.33,3.75,2.9
2074,2019/20,2019-12-21,Man City,Leicester,3.0,1.0,H,2.0,1.0,M Dean,23.0,5.0,12.0,2.0,6.0,1.0,14.0,9.0,2.0,2.0,0.0,0.0,1.36,5.25,7.5,1.38,5.46,8.01,1.37,5.85,7.73,1.37,5.41,7.72
2075,2019/20,2019-12-21,Newcastle,Crystal Palace,1.0,0.0,H,0.0,0.0,S Hooper,8.0,16.0,3.0,4.0,4.0,5.0,12.0,11.0,2.0,0.0,0.0,0.0,2.37,3.1,3.25,2.45,3.15,3.28,2.45,3.14,3.29,2.43,3.11,3.22
2076,2019/20,2019-12-21,Norwich,Wolves,1.0,2.0,A,1.0,0.0,P Bankes,13.0,14.0,7.0,4.0,3.0,11.0,7.0,14.0,2.0,4.0,0.0,0.0,3.75,3.8,1.9,3.72,3.82,2.01,4.07,3.86,1.91,3.71,3.75,1.97
2077,2019/20,2019-12-22,Tottenham,Chelsea,0.0,2.0,A,0.0,2.0,A Taylor,5.0,13.0,1.0,3.0,3.0,5.0,9.0,11.0,4.0,3.0,1.0,0.0,2.37,3.75,2.75,2.41,3.67,2.92,2.38,3.58,3.05,2.37,3.65,2.88
2078,2019/20,2019-12-22,Watford,Man United,2.0,0.0,H,0.0,0.0,L Mason,11.0,17.0,3.0,8.0,3.0,5.0,16.0,11.0,3.0,1.0,0.0,0.0,4.33,4.0,1.75,4.41,3.96,1.81,4.7,3.83,1.81,4.39,3.89,1.8
2079,2019/20,2019-12-26,Aston Villa,Norwich,1.0,0.0,H,0.0,0.0,C Kavanagh,11.0,16.0,2.0,6.0,5.0,8.0,15.0,12.0,2.0,3.0,0.0,0.0,2.1,3.75,3.3,2.14,3.84,3.31,2.19,3.73,3.27,2.11,3.77,3.28
2080,2019/20,2019-12-26,Bournemouth,Arsenal,1.0,1.0,D,1.0,0.0,S Attwell,12.0,17.0,4.0,2.0,8.0,3.0,5.0,13.0,4.0,4.0,0.0,0.0,3.5,3.9,1.95,3.49,3.87,2.07,3.81,4.14,1.91,3.5,3.85,2.01
2081,2019/20,2019-12-26,Chelsea,Southampton,0.0,2.0,A,0.0,1.0,J Moss,10.0,5.0,3.0,3.0,8.0,1.0,10.0,9.0,3.0,2.0,0.0,0.0,1.33,5.25,9.0,1.36,5.3,9.12,1.4,5.08,8.43,1.35,5.31,8.58
2082,2019/20,2019-12-26,Crystal Palace,West Ham,2.0,1.0,H,0.0,0.0,A Marriner,13.0,10.0,4.0,2.0,7.0,6.0,5.0,10.0,0.0,2.0,0.0,0.0,2.3,3.4,3.1,2.39,3.44,3.11,2.31,3.47,3.24,2.32,3.42,3.12
2083,2019/20,2019-12-26,Everton,Burnley,1.0,0.0,H,0.0,0.0,A Taylor,21.0,6.0,5.0,0.0,10.0,2.0,15.0,14.0,0.0,0.0,0.0,0.0,1.7,3.75,5.0,1.75,3.77,5.21,1.75,3.65,5.36,1.71,3.76,5.15
2084,2019/20,2019-12-26,Leicester,Liverpool,0.0,4.0,A,0.0,1.0,M Oliver,3.0,15.0,0.0,6.0,2.0,8.0,5.0,7.0,1.0,1.0,0.0,0.0,3.4,3.75,2.05,3.39,3.81,2.12,3.61,4.17,1.97,3.38,3.72,2.08
2085,2019/20,2019-12-26,Man United,Newcastle,4.0,1.0,H,3.0,1.0,K Friend,22.0,7.0,10.0,2.0,5.0,0.0,10.0,7.0,2.0,2.0,0.0,0.0,1.33,5.25,9.0,1.35,5.32,9.59,1.36,5.42,9.37,1.35,5.19,9.18
2086,2019/20,2019-12-26,Sheffield United,Watford,1.0,1.0,D,1.0,1.0,D Coote,16.0,5.0,4.0,2.0,9.0,1.0,11.0,8.0,1.0,3.0,0.0,0.0,1.83,3.6,4.33,1.9,3.58,4.49,1.81,3.67,4.86,1.86,3.54,4.46
2087,2019/20,2019-12-26,Tottenham,Brighton,2.0,1.0,H,0.0,1.0,G Scott,11.0,11.0,5.0,5.0,9.0,2.0,10.0,9.0,4.0,2.0,0.0,0.0,1.53,4.33,6.0,1.56,4.48,6.0,1.53,4.48,6.6,1.55,4.41,5.73
2088,2019/20,2019-12-27,Wolves,Man City,3.0,2.0,H,0.0,1.0,M Atkinson,20.0,7.0,8.0,3.0,3.0,1.0,7.0,13.0,0.0,1.0,0.0,1.0,8.5,5.0,1.36,7.89,4.96,1.42,6.67,5.38,1.44,7.73,4.95,1.4
2089,2019/20,2019-12-28,Brighton,Bournemouth,2.0,0.0,H,1.0,0.0,P Tierney,16.0,10.0,6.0,2.0,9.0,2.0,8.0,11.0,0.0,2.0,0.0,0.0,1.75,3.9,4.33,1.79,3.98,4.5,1.81,3.86,4.66,1.79,3.85,4.43
2090,2019/20,2019-12-28,Burnley,Man United,0.0,2.0,A,0.0,1.0,M Dean,8.0,14.0,1.0,5.0,5.0,4.0,17.0,10.0,4.0,3.0,0.0,0.0,4.33,3.75,1.8,4.33,3.82,1.86,4.28,3.69,1.91,4.31,3.7,1.85
2091,2019/20,2019-12-28,Newcastle,Everton,1.0,2.0,A,0.0,1.0,L Mason,20.0,22.0,5.0,9.0,5.0,8.0,13.0,13.0,2.0,2.0,0.0,0.0,3.6,3.4,2.05,3.64,3.42,2.16,3.28,3.36,2.34,3.55,3.4,2.14
2092,2019/20,2019-12-28,Norwich,Tottenham,2.0,2.0,D,1.0,0.0,K Friend,5.0,15.0,2.0,7.0,4.0,6.0,12.0,10.0,3.0,3.0,0.0,0.0,5.0,4.0,1.66,4.95,4.08,1.71,4.7,4.52,1.68,4.93,4.07,1.69
2093,2019/20,2019-12-28,Southampton,Crystal Palace,1.0,1.0,D,0.0,0.0,A Madley,14.0,5.0,5.0,2.0,12.0,4.0,13.0,7.0,1.0,2.0,0.0,0.0,1.95,3.6,3.8,2.0,3.67,3.93,2.0,3.52,4.1,1.98,3.57,3.91
2094,2019/20,2019-12-28,Watford,Aston Villa,3.0,0.0,H,1.0,0.0,S Hooper,20.0,11.0,6.0,2.0,6.0,3.0,16.0,9.0,3.0,1.0,1.0,0.0,1.95,3.8,3.6,2.03,3.8,3.66,1.79,4.04,4.44,1.99,3.77,3.65
2095,2019/20,2019-12-28,West Ham,Leicester,1.0,2.0,A,1.0,1.0,D Coote,14.0,13.0,4.0,8.0,5.0,5.0,16.0,4.0,4.0,1.0,0.0,0.0,4.0,3.9,1.83,4.18,3.87,1.88,2.57,3.68,2.7,4.03,3.87,1.86
2096,2019/20,2019-12-29,Arsenal,Chelsea,1.0,2.0,A,1.0,0.0,C Pawson,7.0,13.0,2.0,4.0,2.0,3.0,13.0,19.0,5.0,4.0,0.0,0.0,2.87,3.75,2.3,2.88,3.73,2.41,3.06,3.6,2.37,2.86,3.73,2.35
2097,2019/20,2019-12-29,Liverpool,Wolves,1.0,0.0,H,1.0,0.0,A Taylor,10.0,10.0,3.0,2.0,5.0,6.0,7.0,3.0,1.0,0.0,0.0,0.0,1.25,5.75,12.0,1.3,5.86,11.08,1.26,6.28,12.29,1.28,5.84,10.92
2098,2019/20,2019-12-29,Man City,Sheffield United,2.0,0.0,H,0.0,0.0,C Kavanagh,16.0,8.0,4.0,0.0,8.0,5.0,5.0,6.0,1.0,1.0,0.0,0.0,1.16,7.5,16.0,1.19,7.95,15.61,1.24,6.85,13.14,1.18,7.62,14.91
2099,2019/20,2020-01-01,Arsenal,Man United,2.0,0.0,H,2.0,0.0,C Kavanagh,10.0,10.0,4.0,4.0,1.0,4.0,11.0,15.0,2.0,0.0,0.0,0.0,2.55,3.6,2.62,2.63,3.72,2.62,2.65,3.59,2.67,2.58,3.64,2.61
2100,2019/20,2020-01-01,Brighton,Chelsea,1.0,1.0,D,0.0,1.0,S Attwell,16.0,16.0,5.0,5.0,5.0,3.0,8.0,15.0,2.0,3.0,0.0,0.0,3.6,3.6,1.95,3.8,3.63,2.04,3.94,4.03,1.89,3.7,3.64,2.01
2101,2019/20,2020-01-01,Burnley,Aston Villa,1.0,2.0,A,0.0,2.0,M Oliver,20.0,11.0,1.0,6.0,8.0,4.0,12.0,10.0,1.0,1.0,0.0,0.0,1.75,3.8,4.33,1.83,3.88,4.42,2.03,3.34,4.22,1.81,3.81,4.37
2102,2019/20,2020-01-01,Man City,Everton,2.0,1.0,H,0.0,0.0,A Marriner,16.0,7.0,7.0,2.0,3.0,6.0,11.0,11.0,0.0,4.0,0.0,0.0,1.25,6.5,10.0,1.28,6.15,11.04,1.33,5.78,9.31,1.27,6.19,10.49
2103,2019/20,2020-01-01,Newcastle,Leicester,0.0,3.0,A,0.0,2.0,M Atkinson,5.0,17.0,2.0,10.0,4.0,5.0,8.0,12.0,1.0,1.0,0.0,0.0,5.0,3.8,1.66,5.4,3.97,1.68,4.13,3.88,1.89,5.26,3.9,1.67
2104,2019/20,2020-01-01,Norwich,Crystal Palace,1.0,1.0,D,1.0,0.0,J Moss,15.0,12.0,4.0,3.0,2.0,5.0,12.0,9.0,5.0,0.0,0.0,0.0,2.5,3.4,2.75,2.56,3.51,2.83,2.37,3.45,3.14,2.53,3.46,2.77
2105,2019/20,2020-01-01,Southampton,Tottenham,1.0,0.0,H,1.0,0.0,M Dean,12.0,11.0,3.0,5.0,6.0,9.0,21.0,8.0,3.0,4.0,0.0,0.0,3.3,3.5,2.1,3.41,3.54,2.2,3.51,3.91,2.05,3.34,3.54,2.16
2106,2019/20,2020-01-01,Watford,Wolves,2.0,1.0,H,1.0,0.0,A Madley,9.0,16.0,3.0,4.0,4.0,7.0,12.0,6.0,3.0,1.0,1.0,0.0,3.0,3.4,2.3,3.25,3.46,2.31,3.17,3.27,2.45,3.16,3.37,2.32
2107,2019/20,2020-01-01,West Ham,Bournemouth,4.0,0.0,H,3.0,0.0,G Scott,14.0,3.0,7.0,2.0,9.0,2.0,3.0,12.0,1.0,2.0,0.0,0.0,1.9,3.75,3.8,1.97,3.99,3.72,1.97,3.61,4.12,1.95,3.84,3.68
2108,2019/20,2020-01-02,Liverpool,Sheffield United,2.0,0.0,H,1.0,0.0,P Tierney,19.0,3.0,7.0,2.0,8.0,4.0,5.0,8.0,0.0,0.0,0.0,0.0,1.2,6.5,13.0,1.23,6.41,14.97,1.3,5.54,12.41,1.23,6.32,13.64
2109,2019/20,2020-01-10,Sheffield United,West Ham,1.0,0.0,H,0.0,0.0,M Oliver,13.0,7.0,3.0,2.0,7.0,3.0,11.0,6.0,1.0,0.0,0.0,0.0,1.95,3.4,4.0,2.04,3.44,4.02,1.88,3.57,4.57,2.02,3.43,3.94
2110,2019/20,2020-01-11,Chelsea,Burnley,3.0,0.0,H,2.0,0.0,K Friend,18.0,7.0,8.0,2.0,10.0,3.0,7.0,4.0,0.0,3.0,0.0,0.0,1.28,5.5,11.0,1.3,5.68,11.52,1.36,5.12,9.69,1.29,5.61,11.06
2111,2019/20,2020-01-11,Crystal Palace,Arsenal,1.0,1.0,D,0.0,1.0,P Tierney,6.0,7.0,3.0,4.0,1.0,4.0,14.0,22.0,2.0,3.0,0.0,1.0,4.1,3.9,1.8,4.26,3.96,1.84,4.78,3.84,1.78,4.19,3.87,1.83
2112,2019/20,2020-01-11,Everton,Brighton,1.0,0.0,H,1.0,0.0,D Coote,14.0,9.0,6.0,2.0,4.0,3.0,7.0,7.0,2.0,1.0,0.0,0.0,1.85,3.8,4.0,1.94,3.59,4.25,1.93,3.8,4.02,1.9,3.63,4.16
2113,2019/20,2020-01-11,Leicester,Southampton,1.0,2.0,A,1.0,1.0,L Mason,5.0,16.0,5.0,10.0,2.0,4.0,9.0,17.0,0.0,3.0,0.0,0.0,1.6,4.0,5.5,1.65,4.03,5.7,1.73,3.9,5.12,1.64,4.02,5.46
2114,2019/20,2020-01-11,Man United,Norwich,4.0,0.0,H,1.0,0.0,A Taylor,13.0,8.0,6.0,3.0,4.0,2.0,18.0,7.0,0.0,0.0,0.0,0.0,1.33,5.25,8.5,1.36,5.19,9.1,1.32,5.66,10.11,1.36,5.16,8.82
2115,2019/20,2020-01-11,Tottenham,Liverpool,0.0,1.0,A,0.0,1.0,M Atkinson,14.0,13.0,4.0,7.0,4.0,3.0,4.0,8.0,0.0,2.0,0.0,0.0,4.5,4.33,1.66,4.62,4.29,1.71,4.9,4.05,1.72,4.59,4.22,1.7
2116,2019/20,2020-01-11,Wolves,Newcastle,1.0,1.0,D,1.0,1.0,P Bankes,9.0,5.0,4.0,1.0,5.0,2.0,13.0,12.0,0.0,3.0,0.0,0.0,1.44,4.5,7.5,1.47,4.41,8.09,1.45,4.6,7.92,1.46,4.35,7.91
2117,2019/20,2020-01-12,Aston Villa,Man City,1.0,6.0,A,0.0,4.0,J Moss,7.0,22.0,1.0,12.0,2.0,4.0,5.0,12.0,2.0,1.0,0.0,0.0,13.0,8.5,1.16,14.54,8.51,1.18,15.31,9.4,1.16,14.5,8.39,1.17
2118,2019/20,2020-01-12,Bournemouth,Watford,0.0,3.0,A,0.0,1.0,M Dean,10.0,18.0,1.0,6.0,5.0,5.0,3.0,13.0,1.0,1.0,0.0,0.0,2.6,3.3,2.7,2.67,3.37,2.78,2.58,3.45,2.83,2.61,3.37,2.75
2119,2019/20,2020-01-18,Arsenal,Sheffield United,1.0,1.0,D,1.0,0.0,M Dean,11.0,12.0,4.0,4.0,4.0,5.0,9.0,13.0,1.0,2.0,0.0,0.0,1.83,3.6,4.33,1.88,3.62,4.54,2.09,3.34,3.96,1.85,3.61,4.46
2120,2019/20,2020-01-18,Brighton,Aston Villa,1.0,1.0,D,1.0,0.0,A Madley,10.0,8.0,2.0,3.0,3.0,4.0,11.0,13.0,3.0,3.0,0.0,0.0,1.66,4.0,5.0,1.65,4.43,4.99,1.68,4.26,4.96,1.65,4.29,4.94
2121,2019/20,2020-01-18,Man City,Crystal Palace,2.0,2.0,D,0.0,1.0,S Scott,25.0,5.0,6.0,3.0,14.0,2.0,9.0,7.0,1.0,2.0,0.0,0.0,1.1,11.0,19.0,1.1,11.01,26.91,1.09,12.35,29.32,1.1,10.64,24.53
2122,2019/20,2020-01-18,Newcastle,Chelsea,1.0,0.0,H,0.0,0.0,C Kavanagh,7.0,19.0,2.0,4.0,1.0,10.0,9.0,14.0,1.0,1.0,0.0,0.0,6.0,4.5,1.5,6.11,4.72,1.52,5.51,4.42,1.61,6.02,4.53,1.52
2123,2019/20,2020-01-18,Norwich,Bournemouth,1.0,0.0,H,1.0,0.0,P Tierney,16.0,6.0,5.0,3.0,4.0,5.0,10.0,10.0,2.0,2.0,1.0,1.0,2.2,3.5,3.25,2.25,3.65,3.2,2.28,3.52,3.26,2.22,3.56,3.19
2124,2019/20,2020-01-18,Southampton,Wolves,2.0,3.0,A,2.0,0.0,D England,11.0,8.0,5.0,4.0,1.0,3.0,13.0,12.0,2.0,1.0,0.0,0.0,2.4,3.4,3.0,2.44,3.4,3.07,2.63,3.11,3.04,2.39,3.37,3.05
2125,2019/20,2020-01-18,Watford,Tottenham,0.0,0.0,D,0.0,0.0,M Oliver,15.0,17.0,2.0,5.0,3.0,3.0,13.0,13.0,2.0,3.0,0.0,0.0,3.25,3.5,2.2,3.19,3.55,2.3,3.11,3.55,2.34,3.18,3.52,2.25
2126,2019/20,2020-01-18,West Ham,Everton,1.0,1.0,D,1.0,1.0,A Marriner,12.0,11.0,6.0,3.0,7.0,6.0,11.0,13.0,1.0,0.0,0.0,0.0,2.9,3.5,2.37,3.01,3.53,2.41,2.97,3.45,2.48,2.96,3.46,2.4
2127,2019/20,2020-01-19,Burnley,Leicester,2.0,1.0,H,0.0,1.0,A Taylor,8.0,18.0,5.0,8.0,4.0,5.0,14.0,8.0,1.0,0.0,0.0,0.0,4.33,3.75,1.83,4.17,3.79,1.91,4.22,3.75,1.91,4.19,3.71,1.87
2128,2019/20,2020-01-19,Liverpool,Man United,2.0,0.0,H,1.0,0.0,C Pawson,16.0,9.0,5.0,4.0,11.0,5.0,7.0,10.0,1.0,3.0,0.0,0.0,1.36,5.25,8.0,1.37,5.3,8.86,1.46,4.64,7.58,1.37,5.12,8.31
2129,2019/20,2020-01-21,Aston Villa,Watford,2.0,1.0,H,0.0,1.0,M Atkinson,16.0,8.0,5.0,2.0,6.0,3.0,11.0,18.0,2.0,2.0,0.0,0.0,2.8,3.5,2.45,2.87,3.47,2.54,3.12,3.43,2.39,2.86,3.46,2.49
2130,2019/20,2020-01-21,Bournemouth,Brighton,3.0,1.0,H,2.0,0.0,K Friend,11.0,21.0,3.0,8.0,5.0,8.0,9.0,12.0,1.0,1.0,0.0,0.0,2.87,3.4,2.45,3.0,3.39,2.49,2.87,3.28,2.66,2.94,3.35,2.47
2131,2019/20,2020-01-21,Chelsea,Arsenal,2.0,2.0,D,1.0,0.0,S Attwell,19.0,2.0,8.0,2.0,17.0,5.0,11.0,6.0,2.0,1.0,0.0,1.0,1.72,3.9,4.5,1.74,4.01,4.82,1.74,3.93,4.96,1.74,3.95,4.71
2132,2019/20,2020-01-21,Crystal Palace,Southampton,0.0,2.0,A,0.0,1.0,A Marriner,6.0,15.0,0.0,6.0,0.0,8.0,12.0,13.0,1.0,2.0,0.0,0.0,2.7,3.25,2.7,2.73,3.29,2.77,2.82,3.24,2.72,2.73,3.26,2.72
2133,2019/20,2020-01-21,Everton,Newcastle,2.0,2.0,D,1.0,0.0,S Hooper,17.0,8.0,8.0,2.0,6.0,4.0,13.0,10.0,1.0,1.0,0.0,0.0,1.55,4.1,6.0,1.61,3.96,6.31,1.49,4.45,7.4,1.6,3.99,6.06
2134,2019/20,2020-01-21,Sheffield United,Man City,0.0,1.0,A,0.0,0.0,L Mason,4.0,18.0,1.0,5.0,5.0,13.0,13.0,13.0,4.0,3.0,0.0,0.0,7.0,5.0,1.4,7.44,4.87,1.45,8.26,4.69,1.43,7.41,4.82,1.43
2135,2019/20,2020-01-22,Leicester,West Ham,4.0,1.0,H,2.0,0.0,D Coote,19.0,6.0,8.0,2.0,7.0,8.0,10.0,19.0,1.0,1.0,0.0,0.0,1.53,4.33,6.0,1.53,4.62,6.19,1.49,4.72,6.75,1.53,4.49,5.97
2136,2019/20,2020-01-22,Man United,Burnley,0.0,2.0,A,0.0,1.0,J Moss,24.0,5.0,7.0,2.0,5.0,2.0,11.0,7.0,0.0,2.0,0.0,0.0,1.36,4.75,9.0,1.42,4.72,8.62,1.47,4.42,8.14,1.41,4.65,8.43
2137,2019/20,2020-01-22,Tottenham,Norwich,2.0,1.0,H,1.0,0.0,C Kavanagh,14.0,12.0,3.0,2.0,7.0,3.0,12.0,7.0,0.0,1.0,0.0,0.0,1.4,5.0,7.5,1.43,5.02,7.59,1.39,5.05,8.8,1.42,4.89,7.5
2138,2019/20,2020-01-23,Wolves,Liverpool,1.0,2.0,A,0.0,1.0,M Oliver,10.0,13.0,3.0,6.0,2.0,4.0,6.0,11.0,0.0,1.0,0.0,0.0,5.75,3.8,1.61,5.95,3.93,1.65,5.02,4.09,1.7,5.63,3.92,1.64
2139,2019/20,2020-01-29,West Ham,Liverpool,0.0,2.0,A,0.0,1.0,J Moss,7.0,13.0,4.0,5.0,3.0,7.0,6.0,6.0,2.0,0.0,0.0,0.0,8.5,5.5,1.33,8.92,5.87,1.34,8.76,5.25,1.38,8.76,5.55,1.33
2140,2019/20,2020-02-01,Bournemouth,Aston Villa,2.0,1.0,H,2.0,0.0,A Taylor,16.0,18.0,6.0,5.0,1.0,8.0,10.0,15.0,1.0,3.0,1.0,0.0,2.1,3.6,3.3,2.17,3.6,3.43,2.15,3.4,3.7,2.13,3.57,3.39
2141,2019/20,2020-02-01,Crystal Palace,Sheffield United,0.0,1.0,A,0.0,0.0,A Madley,13.0,10.0,3.0,3.0,9.0,5.0,9.0,15.0,3.0,2.0,0.0,0.0,3.1,3.1,2.5,3.13,3.1,2.58,3.25,3.03,2.55,3.11,3.06,2.52
2142,2019/20,2020-02-01,Leicester,Chelsea,2.0,2.0,D,0.0,0.0,L Mason,14.0,7.0,4.0,3.0,4.0,6.0,16.0,14.0,2.0,2.0,0.0,0.0,2.5,3.6,2.7,2.53,3.69,2.74,2.63,3.49,2.74,2.52,3.59,2.72
2143,2019/20,2020-02-01,Liverpool,Southampton,4.0,0.0,H,0.0,0.0,K Friend,16.0,17.0,9.0,4.0,6.0,11.0,9.0,15.0,0.0,2.0,0.0,0.0,1.25,6.0,12.0,1.29,6.04,11.28,1.31,5.65,10.51,1.28,5.86,10.73
2144,2019/20,2020-02-01,Man United,Wolves,0.0,0.0,D,0.0,0.0,P Tierney,15.0,14.0,5.0,3.0,4.0,6.0,14.0,15.0,3.0,2.0,0.0,0.0,2.25,3.25,3.4,2.24,3.3,3.55,2.12,3.5,3.68,2.23,3.24,3.48
2145,2019/20,2020-02-01,Newcastle,Norwich,0.0,0.0,D,0.0,0.0,M Atkinson,15.0,19.0,5.0,4.0,8.0,12.0,10.0,15.0,2.0,1.0,0.0,0.0,2.2,3.4,3.3,2.27,3.45,3.33,2.25,3.38,3.44,2.24,3.39,3.31
2146,2019/20,2020-02-01,Watford,Everton,2.0,3.0,A,2.0,2.0,C Pawson,11.0,12.0,2.0,5.0,4.0,4.0,17.0,14.0,2.0,2.0,0.0,1.0,2.75,3.3,2.62,2.73,3.36,2.73,3.1,3.39,2.42,2.75,3.31,2.64
2147,2019/20,2020-02-01,West Ham,Brighton,3.0,3.0,D,2.0,0.0,M Oliver,12.0,19.0,6.0,6.0,4.0,6.0,8.0,9.0,1.0,1.0,0.0,0.0,2.6,3.3,2.75,2.56,3.44,2.86,2.52,3.42,2.93,2.56,3.37,2.8
2148,2019/20,2020-02-02,Burnley,Arsenal,0.0,0.0,D,0.0,0.0,C Kavanagh,15.0,13.0,2.0,2.0,5.0,7.0,8.0,11.0,1.0,3.0,0.0,0.0,3.6,3.6,2.0,3.82,3.62,2.04,4.03,3.71,1.96,3.75,3.53,2.02
2149,2019/20,2020-02-02,Tottenham,Man City,2.0,0.0,H,0.0,0.0,M Dean,3.0,18.0,3.0,5.0,2.0,6.0,8.0,14.0,2.0,3.0,0.0,1.0,5.5,4.6,1.53,5.7,4.48,1.58,6.08,4.77,1.52,5.64,4.45,1.56
2150,2019/20,2020-02-08,Brighton,Watford,1.0,1.0,D,0.0,1.0,K Friend,10.0,5.0,2.0,2.0,3.0,2.0,9.0,12.0,2.0,2.0,0.0,0.0,2.1,3.4,3.6,2.2,3.38,3.57,2.36,3.3,3.28,2.15,3.37,3.53
2151,2019/20,2020-02-08,Everton,Crystal Palace,3.0,1.0,H,1.0,0.0,D Coote,14.0,10.0,8.0,2.0,4.0,6.0,11.0,12.0,0.0,1.0,0.0,0.0,1.61,3.8,6.0,1.64,3.82,6.27,1.67,3.77,6.05,1.63,3.77,6.02
2152,2019/20,2020-02-09,Sheffield United,Bournemouth,2.0,1.0,H,1.0,1.0,J Moss,16.0,10.0,6.0,2.0,8.0,4.0,10.0,8.0,2.0,2.0,0.0,0.0,1.66,3.6,5.75,1.74,3.55,5.72,1.81,3.42,5.46,1.72,3.54,5.58
2153,2019/20,2020-02-14,Wolves,Leicester,0.0,0.0,D,0.0,0.0,M Dean,15.0,9.0,3.0,3.0,7.0,0.0,13.0,10.0,2.0,2.0,0.0,1.0,2.5,3.3,2.87,2.57,3.32,2.93,2.69,3.17,2.91,2.55,3.29,2.91
2154,2019/20,2020-02-15,Norwich,Liverpool,0.0,1.0,A,0.0,0.0,S Attwell,5.0,17.0,1.0,6.0,2.0,7.0,5.0,11.0,1.0,2.0,0.0,0.0,11.0,6.25,1.25,10.45,6.12,1.29,9.19,5.38,1.36,10.02,6.0,1.29
2155,2019/20,2020-02-15,Southampton,Burnley,1.0,2.0,A,1.0,1.0,S Hooper,10.0,9.0,2.0,6.0,4.0,3.0,8.0,11.0,2.0,2.0,0.0,0.0,1.75,3.8,4.75,1.83,3.7,4.68,1.65,4.12,5.49,1.79,3.69,4.7
2156,2019/20,2020-02-16,Arsenal,Newcastle,4.0,0.0,H,0.0,0.0,L Mason,15.0,10.0,7.0,2.0,5.0,6.0,15.0,9.0,2.0,0.0,0.0,0.0,1.4,4.75,8.0,1.45,4.57,8.0,1.46,4.55,7.93,1.43,4.6,7.72
2157,2019/20,2020-02-16,Aston Villa,Tottenham,2.0,3.0,A,1.0,2.0,M Atkinson,18.0,23.0,4.0,10.0,12.0,7.0,12.0,10.0,2.0,0.0,0.0,0.0,4.0,3.8,1.85,4.11,3.8,1.92,3.95,3.74,1.97,4.01,3.78,1.89
2158,2019/20,2020-02-17,Chelsea,Man United,0.0,2.0,A,0.0,1.0,A Taylor,17.0,9.0,1.0,3.0,9.0,8.0,11.0,11.0,4.0,3.0,0.0,0.0,1.85,3.5,4.5,1.86,3.7,4.53,2.02,3.47,4.08,1.86,3.6,4.35
2159,2019/20,2020-02-19,Man City,West Ham,2.0,0.0,H,1.0,0.0,K Friend,20.0,3.0,7.0,0.0,6.0,1.0,5.0,7.0,0.0,1.0,0.0,0.0,1.12,9.5,17.0,1.13,9.52,19.01,1.13,10.24,21.36,1.13,9.37,18.28
2160,2019/20,2020-02-22,Burnley,Bournemouth,3.0,0.0,H,0.0,0.0,M Dean,16.0,12.0,10.0,4.0,7.0,3.0,9.0,9.0,4.0,3.0,0.0,0.0,2.1,3.3,3.7,2.16,3.32,3.76,2.22,3.38,3.53,2.15,3.28,3.65
2161,2019/20,2020-02-22,Chelsea,Tottenham,2.0,1.0,H,1.0,0.0,M Oliver,17.0,5.0,7.0,3.0,3.0,5.0,14.0,14.0,1.0,2.0,0.0,0.0,1.72,4.0,4.5,1.75,3.99,4.8,1.88,3.55,4.6,1.73,3.94,4.72
2162,2019/20,2020-02-22,Crystal Palace,Newcastle,1.0,0.0,H,1.0,0.0,P Bankes,18.0,8.0,9.0,2.0,7.0,5.0,15.0,11.0,2.0,6.0,0.0,1.0,1.95,3.4,4.2,2.02,3.33,4.32,2.25,3.23,3.62,1.96,3.3,4.35
2163,2019/20,2020-02-22,Leicester,Man City,0.0,1.0,A,0.0,0.0,P Tierney,10.0,18.0,3.0,7.0,3.0,7.0,14.0,10.0,0.0,0.0,0.0,0.0,4.5,4.2,1.7,4.62,4.28,1.72,5.52,4.55,1.58,4.49,4.15,1.73
2164,2019/20,2020-02-22,Sheffield United,Brighton,1.0,1.0,D,1.0,1.0,G Scott,14.0,8.0,3.0,2.0,12.0,2.0,3.0,6.0,0.0,2.0,0.0,0.0,1.95,3.4,4.2,1.97,3.38,4.47,1.97,3.44,4.38,1.96,3.34,4.31
2165,2019/20,2020-02-22,Southampton,Aston Villa,2.0,0.0,H,1.0,0.0,C Pawson,28.0,4.0,9.0,1.0,9.0,6.0,13.0,17.0,1.0,4.0,0.0,0.0,1.61,4.33,5.0,1.65,4.34,5.19,1.77,3.98,4.67,1.64,4.23,5.1
2166,2019/20,2020-02-23,Arsenal,Everton,3.0,2.0,H,2.0,2.0,S Attwell,9.0,17.0,4.0,5.0,6.0,3.0,12.0,12.0,0.0,4.0,0.0,0.0,2.0,3.6,3.7,2.08,3.63,3.65,2.0,3.67,3.91,2.04,3.6,3.63
2167,2019/20,2020-02-23,Man United,Watford,3.0,0.0,H,1.0,0.0,M Atkinson,21.0,7.0,9.0,2.0,3.0,5.0,6.0,15.0,0.0,1.0,0.0,0.0,1.6,3.9,6.0,1.61,4.02,6.2,1.61,3.98,6.31,1.6,3.97,5.98
2168,2019/20,2020-02-23,Wolves,Norwich,3.0,0.0,H,2.0,0.0,C Kavanagh,19.0,6.0,6.0,4.0,4.0,1.0,11.0,6.0,2.0,3.0,0.0,0.0,1.5,4.2,7.0,1.52,4.32,7.0,1.51,4.37,7.27,1.52,4.27,6.55
2169,2019/20,2020-02-24,Liverpool,West Ham,3.0,2.0,H,1.0,1.0,J Moss,25.0,7.0,7.0,4.0,16.0,8.0,4.0,10.0,0.0,3.0,0.0,0.0,1.16,8.0,15.0,1.16,8.19,17.1,1.15,9.09,19.01,1.17,7.81,16.2
2170,2019/20,2020-02-28,Norwich,Leicester,1.0,0.0,H,0.0,0.0,C Pawson,11.0,19.0,6.0,4.0,6.0,7.0,13.0,16.0,1.0,2.0,0.0,0.0,4.33,4.1,1.72,4.75,4.04,1.75,4.18,3.89,1.88,4.66,4.02,1.74
2171,2019/20,2020-02-29,Bournemouth,Chelsea,2.0,2.0,D,0.0,1.0,A Marriner,9.0,23.0,5.0,6.0,4.0,14.0,8.0,5.0,2.0,2.0,0.0,0.0,4.75,3.8,1.72,4.67,3.87,1.79,4.09,3.79,1.93,4.68,3.84,1.76
2172,2019/20,2020-02-29,Brighton,Crystal Palace,0.0,1.0,A,0.0,0.0,M Atkinson,24.0,12.0,8.0,3.0,8.0,7.0,8.0,9.0,1.0,1.0,0.0,0.0,2.05,3.25,3.9,2.09,3.3,4.03,2.26,3.16,3.68,2.08,3.24,3.93
2173,2019/20,2020-02-29,Newcastle,Burnley,0.0,0.0,D,0.0,0.0,A Madley,21.0,8.0,4.0,1.0,11.0,7.0,11.0,9.0,4.0,3.0,0.0,0.0,2.62,3.1,2.9,2.7,3.14,2.92,2.75,3.26,2.78,2.64,3.11,2.9
2174,2019/20,2020-02-29,Watford,Liverpool,3.0,0.0,H,0.0,0.0,M Oliver,14.0,7.0,5.0,1.0,3.0,5.0,4.0,8.0,0.0,0.0,0.0,0.0,8.0,4.75,1.4,7.52,4.92,1.44,6.75,4.76,1.49,7.52,4.84,1.42
2175,2019/20,2020-02-29,West Ham,Southampton,3.0,1.0,H,2.0,1.0,A Taylor,14.0,10.0,7.0,2.0,4.0,9.0,8.0,11.0,1.0,1.0,0.0,0.0,2.65,3.6,2.5,2.77,3.61,2.55,2.58,3.52,2.79,2.71,3.54,2.55
2176,2019/20,2020-03-01,Everton,Man United,1.0,1.0,D,1.0,1.0,C Kavanagh,16.0,14.0,5.0,5.0,13.0,8.0,11.0,11.0,3.0,4.0,0.0,0.0,2.5,3.25,2.9,2.56,3.42,2.88,2.89,3.3,2.62,2.54,3.33,2.85
2177,2019/20,2020-03-01,Tottenham,Wolves,2.0,3.0,A,2.0,1.0,S Attwell,13.0,14.0,5.0,4.0,4.0,5.0,12.0,14.0,3.0,2.0,0.0,0.0,2.45,3.2,3.0,2.47,3.19,3.21,2.88,3.1,2.77,2.44,3.17,3.13
2178,2019/20,2020-03-07,Arsenal,West Ham,1.0,0.0,H,0.0,0.0,M Atkinson,9.0,14.0,2.0,6.0,6.0,7.0,11.0,9.0,1.0,2.0,0.0,0.0,1.57,4.4,5.5,1.57,4.41,5.95,1.68,4.15,5.1,1.56,4.37,5.78
2179,2019/20,2020-03-07,Burnley,Tottenham,1.0,1.0,D,1.0,0.0,J Moss,21.0,13.0,8.0,2.0,3.0,5.0,16.0,11.0,5.0,4.0,0.0,0.0,2.7,3.3,2.62,2.74,3.38,2.71,2.73,3.35,2.74,2.72,3.3,2.69
2180,2019/20,2020-03-07,Crystal Palace,Watford,1.0,0.0,H,1.0,0.0,A Taylor,10.0,10.0,3.0,4.0,8.0,8.0,12.0,19.0,4.0,4.0,0.0,0.0,2.55,3.2,2.9,2.62,3.21,2.96,2.8,3.05,2.89,2.57,3.19,2.95
2181,2019/20,2020-03-07,Liverpool,Bournemouth,2.0,1.0,H,2.0,1.0,P Tierney,14.0,6.0,6.0,4.0,9.0,4.0,10.0,12.0,0.0,1.0,0.0,0.0,1.22,6.5,13.0,1.25,6.44,12.49,1.22,7.06,13.2,1.25,6.24,11.93
2182,2019/20,2020-03-07,Sheffield United,Norwich,1.0,0.0,H,1.0,0.0,S Hooper,10.0,12.0,4.0,5.0,10.0,5.0,12.0,8.0,0.0,0.0,0.0,0.0,1.65,3.75,5.75,1.66,3.87,5.87,1.66,4.07,5.48,1.66,3.78,5.71
2183,2019/20,2020-03-07,Southampton,Newcastle,0.0,1.0,A,0.0,0.0,G Scott,6.0,14.0,3.0,7.0,5.0,8.0,14.0,15.0,0.0,3.0,1.0,0.0,1.61,4.1,5.25,1.7,3.88,5.39,1.75,3.95,4.89,1.67,3.95,5.27
2184,2019/20,2020-03-07,Wolves,Brighton,0.0,0.0,D,0.0,0.0,A Marriner,11.0,7.0,1.0,1.0,2.0,0.0,4.0,7.0,1.0,3.0,0.0,0.0,1.61,3.9,5.75,1.66,4.08,5.47,1.75,3.67,5.31,1.65,3.95,5.48
2185,2019/20,2020-03-08,Chelsea,Everton,4.0,0.0,H,2.0,0.0,K Friend,17.0,3.0,11.0,1.0,6.0,1.0,8.0,10.0,1.0,2.0,0.0,0.0,1.8,3.9,4.2,1.9,3.72,4.28,1.88,3.86,4.19,1.87,3.74,4.2
2186,2019/20,2020-03-08,Man United,Man City,2.0,0.0,H,1.0,0.0,M Dean,12.0,7.0,6.0,2.0,2.0,11.0,11.0,9.0,2.0,4.0,0.0,0.0,5.0,4.33,1.6,5.0,4.33,1.67,4.36,3.93,1.83,5.04,4.28,1.64
2187,2019/20,2020-03-09,Leicester,Aston Villa,4.0,0.0,H,1.0,0.0,M Oliver,15.0,4.0,7.0,1.0,9.0,0.0,15.0,12.0,2.0,1.0,0.0,0.0,1.36,5.25,8.0,1.39,5.15,8.54,1.52,4.6,6.34,1.38,5.12,8.05
2188,2019/20,2020-06-17,Aston Villa,Sheffield United,0.0,0.0,D,0.0,0.0,M Oliver,14.0,5.0,6.0,1.0,12.0,4.0,11.0,14.0,1.0,1.0,0.0,0.0,3.2,3.4,2.25,3.48,3.37,2.28,3.33,3.38,2.35,3.3,3.33,2.27
2189,2019/20,2020-06-17,Man City,Arsenal,3.0,0.0,H,1.0,0.0,A Taylor,20.0,3.0,12.0,0.0,5.0,2.0,9.0,7.0,1.0,1.0,0.0,1.0,1.36,5.25,7.5,1.37,5.65,8.52,1.29,6.6,9.96,1.35,5.5,8.11
2190,2019/20,2020-06-19,Norwich,Southampton,0.0,3.0,A,0.0,0.0,K Friend,9.0,22.0,1.0,9.0,9.0,7.0,9.0,15.0,1.0,1.0,0.0,0.0,2.8,3.5,2.45,2.86,3.43,2.63,2.96,3.5,2.51,2.84,3.4,2.53
2191,2019/20,2020-06-19,Tottenham,Man United,1.0,1.0,D,1.0,0.0,J Moss,10.0,12.0,3.0,6.0,7.0,6.0,17.0,18.0,0.0,1.0,0.0,0.0,3.0,3.4,2.37,3.14,3.41,2.43,3.39,3.52,2.26,3.03,3.4,2.43
2192,2019/20,2020-06-20,Bournemouth,Crystal Palace,0.0,2.0,A,0.0,2.0,S Attwell,12.0,7.0,1.0,2.0,11.0,4.0,13.0,15.0,3.0,2.0,0.0,0.0,2.45,3.2,3.0,2.55,3.32,3.04,2.85,3.13,2.85,2.51,3.24,2.98
2193,2019/20,2020-06-20,Brighton,Arsenal,2.0,1.0,H,0.0,0.0,M Atkinson,9.0,13.0,5.0,6.0,10.0,7.0,13.0,8.0,2.0,1.0,0.0,0.0,3.1,3.25,2.37,3.03,3.42,2.5,3.29,3.45,2.33,3.04,3.37,2.39
2194,2019/20,2020-06-20,Watford,Leicester,1.0,1.0,D,0.0,0.0,C Pawson,8.0,15.0,4.0,2.0,2.0,7.0,15.0,12.0,0.0,1.0,0.0,0.0,3.6,3.5,2.05,3.73,3.6,2.1,3.78,3.44,2.14,3.59,3.52,2.09
2195,2019/20,2020-06-20,West Ham,Wolves,0.0,2.0,A,0.0,0.0,A Taylor,7.0,10.0,2.0,6.0,5.0,7.0,8.0,7.0,1.0,1.0,0.0,0.0,3.6,3.4,2.1,3.7,3.4,2.19,4.2,3.58,1.98,3.57,3.36,2.15
2196,2019/20,2020-06-21,Aston Villa,Chelsea,1.0,2.0,A,1.0,0.0,P Tierney,8.0,19.0,4.0,5.0,2.0,10.0,9.0,17.0,2.0,1.0,0.0,0.0,6.0,4.5,1.5,6.23,4.72,1.53,7.25,4.61,1.49,6.0,4.5,1.53
2197,2019/20,2020-06-21,Everton,Liverpool,0.0,0.0,D,0.0,0.0,M Dean,9.0,10.0,3.0,3.0,1.0,6.0,15.0,12.0,2.0,2.0,0.0,0.0,6.0,4.2,1.55,5.9,4.37,1.6,6.04,4.05,1.63,5.66,4.23,1.59
2198,2019/20,2020-06-21,Newcastle,Sheffield United,3.0,0.0,H,0.0,0.0,D Coote,12.0,7.0,8.0,1.0,2.0,4.0,9.0,10.0,2.0,0.0,0.0,1.0,3.3,3.1,2.37,3.39,3.16,2.43,3.31,3.13,2.5,3.31,3.1,2.38
2199,2019/20,2020-06-22,Man City,Burnley,5.0,0.0,H,3.0,0.0,A Marriner,19.0,1.0,7.0,0.0,3.0,1.0,8.0,7.0,1.0,1.0,0.0,0.0,1.12,9.0,15.0,1.13,9.32,20.02,1.13,9.76,28.4,1.13,8.97,19.85
2200,2019/20,2020-06-23,Leicester,Brighton,0.0,0.0,D,0.0,0.0,L Mason,11.0,10.0,2.0,2.0,6.0,7.0,10.0,13.0,2.0,2.0,0.0,0.0,1.6,4.0,5.75,1.64,4.07,5.8,1.65,3.99,6.02,1.64,3.97,5.64
2201,2019/20,2020-06-23,Tottenham,West Ham,2.0,0.0,H,0.0,0.0,C Pawson,15.0,10.0,4.0,2.0,9.0,4.0,12.0,7.0,2.0,2.0,0.0,0.0,1.66,4.0,5.0,1.68,4.12,5.22,1.56,4.19,6.86,1.67,4.01,5.21
2202,2019/20,2020-06-24,Liverpool,Crystal Palace,4.0,0.0,H,2.0,0.0,M Atkinson,21.0,3.0,7.0,0.0,6.0,0.0,7.0,5.0,0.0,0.0,0.0,0.0,1.22,6.5,13.0,1.25,6.42,13.96,1.3,5.85,11.67,1.24,6.13,13.09
2203,2019/20,2020-06-24,Man United,Sheffield United,3.0,0.0,H,2.0,0.0,A Taylor,15.0,4.0,6.0,1.0,10.0,5.0,10.0,6.0,1.0,0.0,0.0,0.0,1.4,4.5,8.5,1.4,4.47,9.32,1.37,5.0,10.32,1.43,4.39,8.62
2204,2019/20,2020-06-24,Newcastle,Aston Villa,1.0,1.0,D,0.0,0.0,C Kavanagh,13.0,14.0,3.0,2.0,6.0,9.0,15.0,13.0,2.0,2.0,0.0,0.0,2.3,3.3,3.2,2.35,3.39,3.22,2.4,3.45,3.17,2.33,3.33,3.17
2205,2019/20,2020-06-24,Norwich,Everton,0.0,1.0,A,0.0,0.0,A Madley,9.0,12.0,1.0,5.0,6.0,5.0,8.0,13.0,0.0,1.0,0.0,0.0,3.9,3.6,1.9,4.06,3.76,1.93,4.48,3.62,1.91,3.94,3.66,1.94
2206,2019/20,2020-06-24,Wolves,Bournemouth,1.0,0.0,H,0.0,0.0,M Oliver,10.0,4.0,2.0,0.0,6.0,4.0,11.0,11.0,3.0,3.0,0.0,0.0,1.55,4.0,6.0,1.6,4.09,6.21,1.59,3.83,7.43,1.58,4.03,6.11
2207,2019/20,2020-06-25,Burnley,Watford,1.0,0.0,H,0.0,0.0,M Dean,9.0,10.0,5.0,4.0,1.0,7.0,13.0,15.0,1.0,0.0,0.0,0.0,3.0,3.25,2.45,3.09,3.25,2.51,3.72,3.33,2.2,3.02,3.22,2.48
2208,2019/20,2020-06-25,Chelsea,Man City,2.0,1.0,H,1.0,0.0,S Attwell,15.0,11.0,10.0,2.0,5.0,7.0,13.0,3.0,1.0,1.0,0.0,1.0,4.0,4.0,1.8,4.1,4.24,1.82,4.29,3.96,1.85,4.14,4.07,1.8
2209,2019/20,2020-06-25,Southampton,Arsenal,0.0,2.0,A,0.0,1.0,G Scott,12.0,10.0,3.0,5.0,4.0,6.0,10.0,14.0,0.0,2.0,1.0,0.0,2.6,3.5,2.62,2.69,3.53,2.67,2.7,3.65,2.65,2.64,3.47,2.65
2210,2019/20,2020-06-27,Aston Villa,Wolves,0.0,1.0,A,0.0,0.0,C Pawson,11.0,9.0,1.0,2.0,2.0,2.0,16.0,16.0,1.0,1.0,0.0,0.0,4.6,3.7,1.75,4.98,3.81,1.76,4.61,3.48,1.93,4.79,3.68,1.78
2211,2019/20,2020-06-28,Watford,Southampton,1.0,3.0,A,0.0,1.0,M Oliver,8.0,11.0,0.0,7.0,5.0,3.0,18.0,9.0,3.0,0.0,0.0,0.0,2.5,3.3,2.87,2.51,3.39,2.96,2.41,3.28,3.31,2.49,3.32,2.92
2212,2019/20,2020-06-29,Crystal Palace,Burnley,0.0,1.0,A,0.0,0.0,S Hooper,17.0,8.0,4.0,4.0,9.0,1.0,12.0,13.0,1.0,1.0,0.0,0.0,2.25,3.2,3.4,2.37,3.18,3.41,2.06,3.18,4.5,2.29,3.16,3.41
2213,2019/20,2020-06-30,Brighton,Man United,0.0,3.0,A,0.0,2.0,A Marriner,8.0,12.0,2.0,6.0,4.0,5.0,10.0,9.0,0.0,1.0,0.0,0.0,6.0,3.8,1.61,6.61,3.92,1.62,7.42,4.14,1.54,6.31,3.85,1.61
2214,2019/20,2020-07-01,Arsenal,Norwich,4.0,0.0,H,2.0,0.0,P Bankes,13.0,8.0,8.0,2.0,6.0,2.0,10.0,10.0,1.0,4.0,0.0,0.0,1.44,4.75,7.0,1.46,4.85,7.42,1.47,4.89,7.05,1.44,4.69,7.23
2215,2019/20,2020-07-01,Bournemouth,Newcastle,1.0,4.0,A,0.0,2.0,K Friend,12.0,12.0,1.0,7.0,6.0,3.0,11.0,10.0,2.0,0.0,0.0,0.0,2.4,3.1,3.2,2.47,3.23,3.25,2.2,3.22,3.88,2.4,3.16,3.21
2216,2019/20,2020-07-01,Everton,Leicester,2.0,1.0,H,2.0,0.0,D Coote,7.0,15.0,2.0,3.0,3.0,5.0,13.0,10.0,1.0,1.0,0.0,0.0,2.5,3.3,2.9,2.59,3.36,2.96,2.64,3.25,2.99,2.54,3.28,2.9
2217,2019/20,2020-07-01,West Ham,Chelsea,3.0,2.0,H,1.0,1.0,M Atkinson,10.0,17.0,4.0,6.0,2.0,3.0,10.0,9.0,2.0,1.0,0.0,0.0,5.5,4.33,1.57,5.71,4.41,1.61,7.15,4.78,1.48,5.48,4.27,1.59
2218,2019/20,2020-07-02,Man City,Liverpool,4.0,0.0,H,3.0,0.0,A Taylor,14.0,11.0,6.0,3.0,3.0,3.0,8.0,7.0,2.0,2.0,0.0,0.0,2.05,3.9,3.3,2.08,4.01,3.42,2.05,3.79,3.59,2.07,3.85,3.32
2219,2019/20,2020-07-02,Sheffield United,Tottenham,3.0,1.0,H,1.0,0.0,C Kavanagh,7.0,9.0,5.0,2.0,1.0,6.0,13.0,13.0,2.0,0.0,0.0,0.0,4.2,3.4,1.95,4.17,3.49,2.01,4.66,3.7,1.83,4.1,3.41,1.98
2220,2019/20,2020-07-04,Chelsea,Watford,3.0,0.0,H,2.0,0.0,K Friend,21.0,7.0,9.0,3.0,5.0,3.0,9.0,12.0,0.0,2.0,0.0,0.0,1.4,4.75,8.0,1.43,4.6,8.69,1.37,5.16,9.16,1.43,4.61,7.96
2221,2019/20,2020-07-04,Leicester,Crystal Palace,3.0,0.0,H,0.0,0.0,J Moss,15.0,7.0,4.0,1.0,3.0,7.0,18.0,8.0,2.0,1.0,0.0,0.0,1.66,3.6,5.75,1.68,3.66,6.08,1.66,3.86,5.85,1.68,3.63,5.84
2222,2019/20,2020-07-04,Man United,Bournemouth,5.0,2.0,H,3.0,1.0,M Dean,19.0,7.0,10.0,3.0,8.0,3.0,13.0,12.0,0.0,1.0,0.0,0.0,1.16,7.5,17.0,1.17,7.66,18.7,1.19,7.81,16.0,1.17,7.46,17.41
2223,2019/20,2020-07-04,Norwich,Brighton,0.0,1.0,A,0.0,1.0,S Attwell,12.0,8.0,1.0,2.0,0.0,2.0,11.0,13.0,2.0,2.0,0.0,0.0,3.3,3.4,2.2,3.47,3.38,2.24,3.41,3.25,2.33,3.39,3.32,2.23
2224,2019/20,2020-07-04,Wolves,Arsenal,0.0,2.0,A,0.0,1.0,M Oliver,10.0,8.0,1.0,5.0,3.0,5.0,6.0,11.0,2.0,4.0,0.0,0.0,2.25,3.4,3.25,2.28,3.33,3.43,2.4,3.21,3.32,2.27,3.3,3.32
2225,2019/20,2020-07-05,Burnley,Sheffield United,1.0,1.0,D,1.0,0.0,P Bankes,9.0,10.0,4.0,3.0,3.0,9.0,8.0,14.0,0.0,0.0,0.0,0.0,2.9,3.0,2.7,2.96,3.0,2.79,3.21,2.95,2.64,2.91,2.97,2.75
2226,2019/20,2020-07-05,Liverpool,Aston Villa,2.0,0.0,H,0.0,0.0,P Tierney,6.0,9.0,4.0,3.0,7.0,5.0,18.0,8.0,1.0,1.0,0.0,0.0,1.33,5.5,8.5,1.35,5.51,8.94,1.18,8.0,15.87,1.35,5.45,8.4
2227,2019/20,2020-07-05,Newcastle,West Ham,2.0,2.0,D,1.0,1.0,C Pawson,11.0,17.0,4.0,7.0,6.0,4.0,9.0,11.0,0.0,0.0,0.0,0.0,2.6,3.3,2.75,2.72,3.31,2.77,2.75,3.43,2.66,2.66,3.28,2.74
2228,2019/20,2020-07-05,Southampton,Man City,1.0,0.0,H,1.0,0.0,A Marriner,8.0,26.0,4.0,6.0,2.0,13.0,6.0,7.0,1.0,2.0,0.0,0.0,8.5,6.0,1.3,9.17,5.61,1.34,8.93,5.99,1.32,9.03,5.56,1.33
2229,2019/20,2020-07-06,Tottenham,Everton,1.0,0.0,H,1.0,0.0,G Scott,12.0,11.0,2.0,3.0,5.0,6.0,14.0,18.0,3.0,2.0,0.0,0.0,2.1,3.5,3.4,2.19,3.54,3.53,2.01,3.64,3.92,2.13,3.51,3.45
2230,2019/20,2020-07-07,Arsenal,Leicester,1.0,1.0,D,1.0,0.0,C Kavanagh,11.0,13.0,7.0,5.0,10.0,1.0,10.0,14.0,1.0,0.0,1.0,0.0,2.3,3.5,3.0,2.43,3.43,3.06,2.24,3.46,3.39,2.38,3.43,3.03
2231,2019/20,2020-07-07,Crystal Palace,Chelsea,2.0,3.0,A,1.0,2.0,D Coote,13.0,14.0,4.0,6.0,7.0,9.0,11.0,10.0,1.0,0.0,0.0,0.0,8.5,4.5,1.4,8.61,4.45,1.45,7.51,4.4,1.49,8.43,4.5,1.43
2232,2019/20,2020-07-07,Watford,Norwich,2.0,1.0,H,1.0,1.0,A Taylor,9.0,12.0,4.0,3.0,4.0,3.0,11.0,15.0,2.0,4.0,0.0,0.0,1.7,3.75,5.0,1.77,3.75,5.05,1.8,3.74,4.8,1.75,3.71,5.02
2233,2019/20,2020-07-08,Brighton,Liverpool,1.0,3.0,A,1.0,2.0,C Pawson,12.0,19.0,2.0,8.0,6.0,10.0,7.0,15.0,1.0,4.0,0.0,0.0,6.0,4.33,1.53,6.08,4.3,1.58,5.95,4.07,1.62,5.99,4.26,1.56
2234,2019/20,2020-07-08,Man City,Newcastle,5.0,0.0,H,2.0,0.0,A Madley,23.0,6.0,9.0,1.0,8.0,1.0,12.0,7.0,0.0,0.0,0.0,0.0,1.12,9.0,21.0,1.12,9.75,25.19,1.09,12.02,25.19,1.13,9.15,22.2
2235,2019/20,2020-07-08,Sheffield United,Wolves,1.0,0.0,H,0.0,0.0,M Atkinson,7.0,6.0,3.0,1.0,6.0,1.0,5.0,6.0,2.0,0.0,0.0,0.0,3.8,3.2,2.1,4.08,3.05,2.19,4.27,3.11,2.11,3.96,3.08,2.14
2236,2019/20,2020-07-08,West Ham,Burnley,0.0,1.0,A,0.0,1.0,M Oliver,21.0,8.0,5.0,4.0,10.0,3.0,7.0,7.0,1.0,1.0,0.0,0.0,2.0,3.4,3.9,2.05,3.51,3.9,1.87,3.67,4.5,2.02,3.42,3.89
2237,2019/20,2020-07-09,Aston Villa,Man United,0.0,3.0,A,0.0,2.0,J Moss,9.0,14.0,1.0,6.0,3.0,5.0,7.0,13.0,2.0,3.0,0.0,0.0,9.0,5.25,1.33,9.47,5.22,1.36,9.29,5.84,1.33,9.26,5.15,1.35
2238,2019/20,2020-07-09,Bournemouth,Tottenham,0.0,0.0,D,0.0,0.0,P Tierney,9.0,9.0,2.0,0.0,8.0,12.0,11.0,14.0,3.0,2.0,0.0,0.0,5.25,3.8,1.66,4.98,4.11,1.7,4.8,3.81,1.79,5.03,4.0,1.68
2239,2019/20,2020-07-09,Everton,Southampton,1.0,1.0,D,1.0,1.0,L Mason,11.0,17.0,4.0,4.0,3.0,5.0,13.0,14.0,3.0,3.0,0.0,0.0,2.05,3.5,3.6,2.11,3.57,3.61,2.1,3.44,3.81,2.07,3.51,3.62
2240,2019/20,2020-07-11,Brighton,Man City,0.0,5.0,A,0.0,2.0,G Scott,3.0,26.0,0.0,8.0,2.0,7.0,7.0,3.0,1.0,0.0,0.0,0.0,10.0,5.5,1.28,10.19,5.83,1.31,12.68,6.77,1.24,9.95,5.62,1.31
2241,2019/20,2020-07-11,Liverpool,Burnley,1.0,1.0,D,1.0,0.0,D Coote,23.0,6.0,9.0,2.0,12.0,6.0,7.0,4.0,1.0,2.0,0.0,0.0,1.22,6.5,12.0,1.27,6.37,11.79,1.23,6.82,13.07,1.25,6.27,11.44
2242,2019/20,2020-07-11,Norwich,West Ham,0.0,4.0,A,0.0,2.0,K Friend,11.0,19.0,2.0,7.0,1.0,6.0,9.0,8.0,1.0,0.0,0.0,0.0,3.75,3.75,1.95,3.84,3.71,2.01,3.64,3.55,2.11,3.76,3.65,1.99
2243,2019/20,2020-07-11,Sheffield United,Chelsea,3.0,0.0,H,2.0,0.0,A Marriner,9.0,15.0,4.0,4.0,4.0,6.0,8.0,6.0,1.0,0.0,0.0,0.0,6.0,3.8,1.6,6.14,3.95,1.63,5.0,3.83,1.76,6.07,3.93,1.6
2244,2019/20,2020-07-11,Watford,Newcastle,2.0,1.0,H,0.0,1.0,C Pawson,17.0,8.0,5.0,4.0,2.0,4.0,23.0,15.0,1.0,4.0,0.0,0.0,1.8,3.6,4.5,1.83,3.65,4.74,1.92,3.57,4.41,1.82,3.58,4.65
2245,2019/20,2020-07-12,Aston Villa,Crystal Palace,2.0,0.0,H,1.0,0.0,M Atkinson,12.0,9.0,9.0,5.0,5.0,1.0,21.0,21.0,2.0,4.0,0.0,1.0,2.25,3.3,3.3,2.33,3.38,3.28,2.35,3.45,3.17,2.29,3.35,3.24
2246,2019/20,2020-07-12,Bournemouth,Leicester,4.0,1.0,H,0.0,1.0,S Attwell,10.0,13.0,4.0,5.0,2.0,6.0,11.0,12.0,2.0,1.0,0.0,1.0,5.25,3.8,1.66,5.24,3.83,1.72,4.52,3.9,1.81,5.14,3.82,1.7
2247,2019/20,2020-07-12,Tottenham,Arsenal,2.0,1.0,H,1.0,1.0,M Oliver,15.0,13.0,9.0,4.0,6.0,5.0,16.0,11.0,5.0,3.0,0.0,0.0,2.62,3.4,2.7,2.68,3.51,2.69,2.78,3.45,2.63,2.6,3.48,2.68
2248,2019/20,2020-07-12,Wolves,Everton,3.0,0.0,H,1.0,0.0,A Taylor,14.0,6.0,7.0,2.0,5.0,2.0,9.0,9.0,0.0,2.0,0.0,0.0,2.05,3.3,3.8,2.06,3.3,4.15,2.12,3.21,4.07,2.06,3.25,4.01
2249,2019/20,2020-07-13,Man United,Southampton,2.0,2.0,D,2.0,1.0,C Kavanagh,8.0,9.0,4.0,5.0,4.0,6.0,14.0,15.0,1.0,3.0,0.0,0.0,1.3,5.5,10.0,1.28,5.99,11.75,1.28,6.34,10.55,1.29,5.73,10.41
2250,2019/20,2020-07-14,Chelsea,Norwich,1.0,0.0,H,1.0,0.0,J Moss,22.0,2.0,6.0,0.0,8.0,1.0,10.0,9.0,2.0,2.0,0.0,0.0,1.12,9.5,17.0,1.12,9.64,23.55,1.12,9.66,24.8,1.13,9.5,20.76
2251,2019/20,2020-07-15,Arsenal,Liverpool,2.0,1.0,H,2.0,1.0,P Tierney,3.0,24.0,2.0,8.0,2.0,13.0,14.0,10.0,3.0,1.0,0.0,0.0,3.8,3.8,1.9,3.97,3.98,1.9,4.74,4.33,1.7,3.89,3.89,1.89
2252,2019/20,2020-07-15,Burnley,Wolves,1.0,1.0,D,0.0,0.0,M Dean,9.0,14.0,1.0,5.0,3.0,8.0,10.0,8.0,0.0,0.0,0.0,0.0,4.5,3.3,1.9,4.74,3.37,1.93,4.6,3.42,1.93,4.65,3.3,1.9
2253,2019/20,2020-07-15,Man City,Bournemouth,2.0,1.0,H,2.0,0.0,L Mason,8.0,15.0,4.0,3.0,3.0,5.0,10.0,10.0,1.0,1.0,0.0,0.0,1.14,8.5,17.0,1.16,8.83,15.59,1.17,8.49,14.53,1.15,8.68,16.72
2254,2019/20,2020-07-15,Newcastle,Tottenham,1.0,3.0,A,0.0,1.0,D Coote,22.0,8.0,6.0,5.0,5.0,4.0,6.0,13.0,2.0,3.0,0.0,0.0,4.6,3.8,1.75,4.6,3.84,1.81,5.39,4.28,1.64,4.56,3.77,1.79
2255,2019/20,2020-07-16,Crystal Palace,Man United,0.0,2.0,A,0.0,1.0,G Scott,13.0,17.0,5.0,5.0,2.0,7.0,10.0,15.0,1.0,2.0,0.0,0.0,9.5,4.75,1.36,10.36,5.03,1.36,8.65,5.38,1.36,9.84,5.0,1.35
2256,2019/20,2020-07-16,Everton,Aston Villa,1.0,1.0,D,0.0,0.0,A Taylor,9.0,15.0,1.0,1.0,5.0,5.0,15.0,13.0,2.0,1.0,0.0,0.0,2.0,3.5,3.75,2.05,3.61,3.78,2.1,3.62,3.62,2.02,3.57,3.74
2257,2019/20,2020-07-16,Leicester,Sheffield United,2.0,0.0,H,1.0,0.0,M Oliver,15.0,5.0,7.0,1.0,9.0,5.0,12.0,10.0,1.0,2.0,0.0,0.0,2.05,3.25,3.9,2.04,3.4,4.12,2.19,3.22,3.8,2.02,3.34,4.01
2258,2019/20,2020-07-16,Southampton,Brighton,1.0,1.0,D,0.0,1.0,A Marriner,21.0,10.0,6.0,2.0,8.0,2.0,6.0,10.0,1.0,0.0,0.0,0.0,2.15,3.3,3.5,2.2,3.37,3.59,2.3,3.45,3.28,2.18,3.31,3.53
2259,2019/20,2020-07-17,West Ham,Watford,3.0,1.0,H,3.0,0.0,M Atkinson,10.0,14.0,4.0,3.0,9.0,3.0,11.0,11.0,0.0,2.0,0.0,0.0,2.4,3.0,3.3,2.43,3.04,3.46,2.54,2.92,3.39,2.42,3.04,3.31
2260,2019/20,2020-07-18,Norwich,Burnley,0.0,2.0,A,0.0,1.0,K Friend,6.0,23.0,2.0,8.0,6.0,8.0,9.0,16.0,0.0,0.0,2.0,0.0,3.2,3.4,2.25,3.4,3.43,2.25,3.19,3.45,2.34,3.32,3.33,2.25
2261,2019/20,2020-07-19,Bournemouth,Southampton,0.0,2.0,A,0.0,1.0,C Pawson,11.0,16.0,3.0,8.0,12.0,6.0,12.0,11.0,2.0,2.0,0.0,0.0,2.4,3.6,2.8,2.43,3.78,2.82,2.46,3.82,2.76,2.39,3.65,2.84
2262,2019/20,2020-07-19,Tottenham,Leicester,3.0,0.0,H,3.0,0.0,A Taylor,7.0,24.0,3.0,6.0,4.0,13.0,15.0,10.0,2.0,1.0,0.0,0.0,2.25,3.3,3.25,2.33,3.53,3.15,2.36,3.39,3.22,2.32,3.42,3.11
2263,2019/20,2020-07-20,Brighton,Newcastle,0.0,0.0,D,0.0,0.0,S Hooper,11.0,12.0,3.0,1.0,9.0,7.0,13.0,12.0,4.0,2.0,0.0,0.0,1.9,3.4,4.33,1.97,3.48,4.3,2.01,3.55,4.0,1.93,3.42,4.23
2264,2019/20,2020-07-20,Sheffield United,Everton,0.0,1.0,A,0.0,0.0,S Attwell,8.0,5.0,0.0,2.0,7.0,1.0,11.0,19.0,1.0,3.0,0.0,0.0,2.2,3.25,3.5,2.18,3.42,3.57,2.0,3.41,4.25,2.17,3.29,3.52
2265,2019/20,2020-07-20,Wolves,Crystal Palace,2.0,0.0,H,1.0,0.0,P Bankes,11.0,7.0,5.0,3.0,5.0,2.0,11.0,15.0,2.0,1.0,0.0,0.0,1.5,4.0,7.5,1.51,4.12,8.08,1.46,4.31,8.7,1.5,4.03,7.72
2266,2019/20,2020-07-21,Aston Villa,Arsenal,1.0,0.0,H,1.0,0.0,C Kavanagh,8.0,7.0,3.0,0.0,8.0,9.0,13.0,19.0,2.0,4.0,0.0,0.0,3.3,3.6,2.1,3.24,3.94,2.14,3.14,3.86,2.21,3.24,3.78,2.11
2267,2019/20,2020-07-21,Watford,Man City,0.0,4.0,A,0.0,2.0,M Oliver,2.0,26.0,0.0,10.0,0.0,8.0,14.0,11.0,2.0,0.0,0.0,0.0,8.5,5.5,1.33,8.57,5.73,1.34,9.2,6.37,1.3,8.62,5.6,1.33
2268,2019/20,2020-07-22,Liverpool,Chelsea,5.0,3.0,H,3.0,1.0,A Marriner,10.0,10.0,7.0,5.0,6.0,0.0,8.0,11.0,1.0,0.0,0.0,0.0,2.0,3.75,3.5,2.08,3.71,3.59,1.93,3.8,4.09,2.04,3.7,3.51
2269,2019/20,2020-07-22,Man United,West Ham,1.0,1.0,D,0.0,1.0,P Tierney,11.0,12.0,4.0,3.0,2.0,3.0,10.0,9.0,3.0,1.0,0.0,0.0,1.22,6.5,11.0,1.26,6.37,12.18,1.27,6.55,10.55,1.24,6.38,11.56
2270,2019/20,2020-07-26,Arsenal,Watford,3.0,2.0,H,3.0,1.0,M Dean,13.0,19.0,5.0,6.0,4.0,8.0,9.0,12.0,3.0,3.0,0.0,0.0,1.9,3.8,3.8,1.93,4.04,3.79,2.05,3.84,3.56,1.93,3.89,3.72
2271,2019/20,2020-07-26,Burnley,Brighton,1.0,2.0,A,1.0,1.0,J Moss,13.0,14.0,2.0,4.0,6.0,7.0,11.0,11.0,3.0,0.0,0.0,0.0,2.37,3.4,3.0,2.34,3.55,3.11,2.64,3.39,2.8,2.32,3.44,3.09
2272,2019/20,2020-07-26,Chelsea,Wolves,2.0,0.0,H,2.0,0.0,S Attwell,11.0,5.0,3.0,1.0,3.0,3.0,10.0,16.0,2.0,3.0,0.0,0.0,1.85,3.8,4.0,1.88,3.81,4.29,1.96,3.38,4.52,1.84,3.76,4.23
2273,2019/20,2020-07-26,Crystal Palace,Tottenham,1.0,1.0,D,0.0,1.0,A Marriner,13.0,7.0,2.0,2.0,7.0,2.0,11.0,13.0,3.0,2.0,0.0,0.0,6.0,4.2,1.55,6.4,4.27,1.56,6.94,4.62,1.49,6.12,4.23,1.55
2274,2019/20,2020-07-26,Everton,Bournemouth,1.0,3.0,A,1.0,2.0,C Kavanagh,13.0,13.0,5.0,7.0,2.0,5.0,11.0,9.0,1.0,0.0,0.0,0.0,2.25,3.7,3.0,2.26,3.87,3.03,2.34,3.7,3.01,2.24,3.78,2.98
2275,2019/20,2020-07-26,Leicester,Man United,0.0,2.0,A,0.0,0.0,M Atkinson,14.0,7.0,3.0,3.0,3.0,3.0,12.0,11.0,1.0,4.0,1.0,0.0,3.25,3.5,2.2,3.25,3.51,2.28,3.76,3.65,2.05,3.17,3.49,2.24
2276,2019/20,2020-07-26,Man City,Norwich,5.0,0.0,H,2.0,0.0,C Pawson,31.0,5.0,10.0,4.0,9.0,0.0,7.0,4.0,1.0,1.0,0.0,0.0,1.08,11.0,26.0,1.08,13.1,30.22,1.04,18.5,41.0,1.07,12.8,30.42
2277,2019/20,2020-07-26,Newcastle,Liverpool,1.0,3.0,A,1.0,1.0,A Taylor,3.0,14.0,2.0,6.0,2.0,4.0,11.0,5.0,1.0,0.0,0.0,0.0,7.5,5.25,1.36,7.79,5.07,1.41,5.42,4.62,1.58,7.6,4.99,1.4
2278,2019/20,2020-07-26,Southampton,Sheffield United,3.0,1.0,H,0.0,1.0,P Bankes,13.0,5.0,4.0,3.0,9.0,1.0,9.0,16.0,0.0,1.0,0.0,0.0,2.15,3.5,3.3,2.18,3.54,3.46,2.0,3.68,3.93,2.18,3.47,3.34
2279,2019/20,2020-07-26,West Ham,Aston Villa,1.0,1.0,D,0.0,0.0,M Oliver,10.0,13.0,1.0,4.0,0.0,7.0,16.0,13.0,2.0,1.0,0.0,0.0,3.0,3.6,2.3,3.12,3.62,2.31,2.66,3.53,2.69,3.05,3.57,2.28
2280,2020/21,2020-09-12,Crystal Palace,Southampton,1.0,0.0,H,1.0,0.0,J Moss,5.0,9.0,3.0,5.0,7.0,3.0,14.0,11.0,2.0,1.0,0.0,0.0,3.1,3.25,2.37,3.32,3.29,2.4,3.09,3.27,2.54,3.18,3.22,2.39
2281,2020/21,2020-09-12,Fulham,Arsenal,0.0,3.0,A,0.0,1.0,C Kavanagh,5.0,13.0,2.0,6.0,2.0,3.0,12.0,12.0,2.0,2.0,0.0,0.0,6.0,4.33,1.53,6.16,4.51,1.56,5.48,3.98,1.69,5.94,4.34,1.55
2282,2020/21,2020-09-12,Liverpool,Leeds,4.0,3.0,H,3.0,2.0,M Oliver,22.0,6.0,6.0,3.0,9.0,0.0,9.0,6.0,1.0,0.0,0.0,0.0,1.28,6.0,9.5,1.31,6.25,9.92,1.28,6.34,11.38,1.3,5.96,9.68
2283,2020/21,2020-09-12,West Ham,Newcastle,0.0,2.0,A,0.0,0.0,S Attwell,15.0,15.0,3.0,2.0,8.0,7.0,13.0,7.0,2.0,2.0,0.0,0.0,2.15,3.4,3.4,2.18,3.61,3.5,2.04,3.59,3.92,2.15,3.48,3.42
2284,2020/21,2020-09-13,Tottenham,Everton,0.0,1.0,A,0.0,0.0,M Atkinson,9.0,15.0,5.0,4.0,5.0,3.0,15.0,7.0,1.0,0.0,0.0,0.0,1.83,3.6,4.33,1.94,3.57,4.3,2.09,3.5,3.88,1.9,3.55,4.2
2285,2020/21,2020-09-13,West Brom,Leicester,0.0,3.0,A,0.0,0.0,A Taylor,7.0,13.0,1.0,7.0,2.0,5.0,12.0,9.0,1.0,1.0,0.0,0.0,3.8,3.6,1.95,4.0,3.59,2.0,3.38,3.38,2.32,3.87,3.57,1.97
2286,2020/21,2020-09-14,Brighton,Chelsea,1.0,3.0,A,0.0,1.0,C Pawson,13.0,10.0,3.0,5.0,4.0,3.0,8.0,13.0,1.0,0.0,0.0,0.0,5.0,4.33,1.61,5.36,4.34,1.65,6.07,4.46,1.57,5.12,4.13,1.65
2287,2020/21,2020-09-14,Sheffield United,Wolves,0.0,2.0,A,0.0,2.0,M Dean,9.0,11.0,2.0,4.0,12.0,5.0,13.0,7.0,2.0,1.0,0.0,0.0,3.25,3.1,2.37,3.41,3.03,2.46,3.28,2.9,2.68,3.36,3.0,2.41
2288,2020/21,2020-09-19,Arsenal,West Ham,2.0,1.0,H,1.0,1.0,M Oliver,7.0,14.0,3.0,3.0,7.0,5.0,11.0,13.0,0.0,1.0,0.0,0.0,1.53,4.5,5.5,1.54,4.58,6.09,1.53,4.53,6.81,1.53,4.51,5.91
2289,2020/21,2020-09-19,Everton,West Brom,5.0,2.0,H,2.0,1.0,M Dean,17.0,6.0,7.0,4.0,11.0,1.0,9.0,11.0,1.0,0.0,0.0,1.0,1.5,4.2,6.5,1.55,4.33,6.46,1.61,4.12,6.41,1.54,4.25,6.3
2290,2020/21,2020-09-19,Leeds,Fulham,4.0,3.0,H,2.0,1.0,A Taylor,10.0,14.0,7.0,6.0,5.0,3.0,13.0,18.0,1.0,2.0,0.0,0.0,1.61,3.9,5.75,1.65,4.05,5.61,1.75,3.91,5.12,1.64,3.97,5.5
2291,2020/21,2020-09-19,Man United,Crystal Palace,1.0,3.0,A,0.0,1.0,M Atkinson,13.0,14.0,4.0,5.0,9.0,3.0,13.0,10.0,2.0,1.0,0.0,0.0,1.3,5.5,9.5,1.3,5.88,9.8,1.38,5.18,9.33,1.32,5.57,9.56
2292,2020/21,2020-09-20,Chelsea,Liverpool,0.0,2.0,A,0.0,0.0,P Tierney,5.0,18.0,3.0,6.0,1.0,11.0,10.0,6.0,0.0,0.0,1.0,0.0,3.1,3.6,2.2,3.2,3.85,2.19,3.32,3.89,2.17,3.15,3.72,2.18
2293,2020/21,2020-09-20,Leicester,Burnley,4.0,2.0,H,1.0,1.0,L Mason,14.0,16.0,6.0,5.0,15.0,4.0,11.0,13.0,1.0,2.0,0.0,0.0,1.61,4.0,5.5,1.63,4.13,5.79,1.55,4.36,6.74,1.63,3.98,5.64
2294,2020/21,2020-09-20,Newcastle,Brighton,0.0,3.0,A,0.0,2.0,K Friend,6.0,13.0,0.0,6.0,7.0,1.0,16.0,15.0,3.0,0.0,0.0,1.0,2.6,3.1,2.87,2.66,3.22,2.91,2.7,3.21,2.96,2.68,3.15,2.82
2295,2020/21,2020-09-20,Southampton,Tottenham,2.0,5.0,A,1.0,1.0,D Coote,14.0,9.0,7.0,6.0,3.0,2.0,16.0,18.0,4.0,3.0,0.0,0.0,3.0,3.3,2.37,3.12,3.39,2.41,3.45,3.46,2.27,3.1,3.35,2.37
2296,2020/21,2020-09-21,Aston Villa,Sheffield United,1.0,0.0,H,0.0,0.0,G Scott,18.0,4.0,2.0,1.0,10.0,4.0,12.0,13.0,3.0,1.0,0.0,1.0,2.7,3.1,2.75,2.77,3.22,2.78,2.46,3.19,3.35,2.71,3.19,2.75
2297,2020/21,2020-09-21,Wolves,Man City,1.0,3.0,A,0.0,2.0,A Marriner,10.0,14.0,1.0,9.0,4.0,6.0,6.0,8.0,0.0,3.0,0.0,0.0,6.5,4.33,1.5,6.27,4.35,1.56,6.7,4.55,1.53,6.11,4.35,1.54
2298,2020/21,2020-09-26,Brighton,Man United,2.0,3.0,A,1.0,1.0,C Kavanagh,18.0,7.0,5.0,3.0,7.0,1.0,18.0,16.0,4.0,2.0,0.0,0.0,4.75,3.75,1.72,5.1,3.82,1.78,5.58,4.36,1.63,4.83,3.75,1.75
2299,2020/21,2020-09-26,Burnley,Southampton,0.0,1.0,A,0.0,1.0,A Marriner,10.0,5.0,2.0,1.0,8.0,2.0,8.0,10.0,1.0,0.0,0.0,0.0,3.2,3.3,2.3,3.41,3.31,2.36,3.37,3.47,2.3,3.3,3.25,2.31
2300,2020/21,2020-09-26,Crystal Palace,Everton,1.0,2.0,A,1.0,2.0,K Friend,8.0,10.0,1.0,5.0,7.0,6.0,16.0,15.0,3.0,1.0,0.0,0.0,3.75,3.25,2.1,3.72,3.44,2.17,3.58,3.34,2.27,3.69,3.32,2.12
2301,2020/21,2020-09-26,West Brom,Chelsea,3.0,3.0,D,3.0,0.0,J Moss,9.0,22.0,3.0,10.0,3.0,9.0,8.0,16.0,1.0,3.0,0.0,0.0,9.0,4.75,1.36,8.55,5.33,1.39,6.96,5.03,1.47,8.24,5.02,1.38
2302,2020/21,2020-09-27,Man City,Leicester,2.0,5.0,A,1.0,1.0,M Oliver,16.0,7.0,5.0,7.0,3.0,4.0,13.0,8.0,1.0,3.0,0.0,0.0,1.28,6.0,9.5,1.31,6.19,10.09,1.32,5.9,9.96,1.29,5.93,9.68
2303,2020/21,2020-09-27,Sheffield United,Leeds,0.0,1.0,A,0.0,0.0,P Tierney,14.0,17.0,4.0,9.0,5.0,7.0,18.0,4.0,2.0,1.0,0.0,0.0,2.7,3.3,2.62,2.83,3.5,2.63,3.09,3.44,2.47,2.72,3.37,2.63
2304,2020/21,2020-09-27,Tottenham,Newcastle,1.0,1.0,D,1.0,0.0,P Bankes,23.0,6.0,12.0,1.0,10.0,4.0,15.0,9.0,1.0,4.0,0.0,0.0,1.45,4.5,7.0,1.49,4.67,7.38,1.42,5.05,8.16,1.47,4.5,6.95
2305,2020/21,2020-09-27,West Ham,Wolves,4.0,0.0,H,1.0,0.0,M Atkinson,15.0,11.0,7.0,2.0,1.0,3.0,7.0,11.0,0.0,1.0,0.0,0.0,3.6,3.5,2.05,3.87,3.5,2.1,3.43,3.35,2.33,3.74,3.38,2.07
2306,2020/21,2020-09-28,Fulham,Aston Villa,0.0,3.0,A,0.0,2.0,S Attwell,16.0,12.0,3.0,5.0,5.0,3.0,18.0,14.0,6.0,3.0,0.0,0.0,2.9,3.25,2.5,2.98,3.32,2.54,3.04,3.49,2.48,2.92,3.26,2.52
2307,2020/21,2020-09-28,Liverpool,Arsenal,3.0,1.0,H,2.0,1.0,C Pawson,21.0,4.0,8.0,3.0,7.0,3.0,11.0,7.0,2.0,2.0,0.0,0.0,1.45,4.75,6.5,1.5,4.76,6.53,1.5,5.25,5.95,1.49,4.68,6.3
2308,2020/21,2020-10-03,Chelsea,Crystal Palace,4.0,0.0,H,0.0,0.0,M Oliver,17.0,4.0,6.0,0.0,8.0,5.0,17.0,13.0,2.0,0.0,0.0,0.0,1.4,4.75,8.0,1.43,4.86,7.79,1.56,4.31,6.67,1.43,4.77,7.39
2309,2020/21,2020-10-03,Everton,Brighton,4.0,2.0,H,2.0,1.0,S Hooper,11.0,11.0,6.0,3.0,3.0,10.0,13.0,14.0,0.0,1.0,0.0,0.0,1.72,3.75,4.8,1.78,3.82,4.82,1.81,3.86,4.78,1.76,3.73,4.79
2310,2020/21,2020-10-03,Leeds,Man City,1.0,1.0,D,0.0,1.0,M Dean,12.0,23.0,7.0,2.0,7.0,10.0,11.0,12.0,2.0,1.0,0.0,0.0,7.5,5.25,1.36,7.98,5.31,1.37,8.85,7.49,1.28,7.45,5.34,1.38
2311,2020/21,2020-10-03,Newcastle,Burnley,3.0,1.0,H,1.0,0.0,D Coote,10.0,7.0,5.0,3.0,3.0,4.0,13.0,17.0,2.0,3.0,0.0,0.0,2.4,3.2,3.1,2.51,3.2,3.12,2.45,3.38,3.17,2.47,3.15,3.08
2312,2020/21,2020-10-04,Arsenal,Sheffield United,2.0,1.0,H,0.0,0.0,L Mason,6.0,6.0,5.0,2.0,2.0,4.0,3.0,9.0,0.0,1.0,0.0,0.0,1.57,4.0,6.0,1.56,4.17,6.73,1.5,4.46,7.41,1.56,4.09,6.25
2313,2020/21,2020-10-04,Aston Villa,Liverpool,7.0,2.0,H,4.0,1.0,M Atkinson,18.0,14.0,11.0,8.0,2.0,7.0,7.0,10.0,2.0,1.0,0.0,0.0,10.0,5.5,1.3,10.05,5.4,1.33,6.76,5.1,1.47,9.35,5.41,1.33
2314,2020/21,2020-10-04,Leicester,West Ham,0.0,3.0,A,0.0,2.0,A Madley,4.0,14.0,0.0,6.0,6.0,4.0,11.0,8.0,2.0,2.0,0.0,0.0,1.61,4.2,5.25,1.7,4.16,4.94,1.87,3.88,4.38,1.68,4.12,4.86
2315,2020/21,2020-10-04,Man United,Tottenham,1.0,6.0,A,1.0,4.0,A Taylor,5.0,22.0,2.0,8.0,2.0,4.0,14.0,10.0,2.0,1.0,1.0,0.0,1.85,3.8,4.0,1.93,3.76,4.09,2.12,3.7,3.6,1.92,3.71,3.97
2316,2020/21,2020-10-04,Southampton,West Brom,2.0,0.0,H,1.0,0.0,C Kavanagh,13.0,5.0,7.0,2.0,5.0,1.0,19.0,10.0,2.0,1.0,0.0,0.0,1.72,3.8,4.75,1.78,3.91,4.71,1.88,3.88,4.34,1.76,3.86,4.58
2317,2020/21,2020-10-04,Wolves,Fulham,1.0,0.0,H,0.0,0.0,D England,14.0,10.0,5.0,2.0,6.0,2.0,15.0,8.0,1.0,1.0,0.0,0.0,1.5,4.0,7.5,1.51,4.2,7.63,1.82,3.64,5.08,1.51,4.07,7.19
2318,2020/21,2020-10-17,Chelsea,Southampton,3.0,3.0,D,2.0,1.0,P Bankes,11.0,13.0,5.0,6.0,6.0,2.0,11.0,9.0,1.0,1.0,0.0,0.0,1.45,4.75,6.5,1.56,4.53,6.14,1.62,4.53,5.39,1.53,4.56,5.92
2319,2020/21,2020-10-17,Everton,Liverpool,2.0,2.0,D,1.0,1.0,M Oliver,11.0,22.0,5.0,8.0,2.0,5.0,15.0,9.0,3.0,2.0,1.0,0.0,3.75,4.2,1.83,4.04,4.2,1.87,4.22,4.24,1.83,3.91,4.08,1.85
2320,2020/21,2020-10-17,Man City,Arsenal,1.0,0.0,H,1.0,0.0,C Kavanagh,13.0,11.0,5.0,3.0,6.0,6.0,15.0,10.0,4.0,1.0,0.0,0.0,1.44,5.0,6.5,1.51,4.87,6.36,1.55,4.81,5.76,1.49,4.85,6.09
2321,2020/21,2020-10-17,Newcastle,Man United,1.0,4.0,A,1.0,1.0,C Pawson,7.0,28.0,4.0,14.0,0.0,7.0,9.0,12.0,1.0,1.0,0.0,0.0,4.75,4.0,1.66,4.87,4.18,1.74,4.77,4.21,1.74,4.78,4.08,1.7
2322,2020/21,2020-10-18,Crystal Palace,Brighton,1.0,1.0,D,1.0,0.0,S Attwell,1.0,20.0,1.0,3.0,2.0,5.0,13.0,12.0,3.0,2.0,0.0,1.0,2.62,3.3,2.7,2.73,3.34,2.83,3.27,3.25,2.47,2.68,3.25,2.76
2323,2020/21,2020-10-18,Leicester,Aston Villa,0.0,1.0,A,0.0,0.0,J Moss,11.0,10.0,5.0,4.0,2.0,7.0,18.0,18.0,4.0,3.0,0.0,0.0,1.83,3.8,4.1,1.93,3.89,4.1,2.48,3.62,2.95,1.89,3.82,3.97
2324,2020/21,2020-10-18,Sheffield United,Fulham,1.0,1.0,D,0.0,0.0,A Marriner,10.0,15.0,6.0,6.0,2.0,5.0,5.0,9.0,0.0,2.0,0.0,0.0,2.1,3.3,3.7,2.15,3.4,3.84,2.4,3.16,3.48,2.11,3.32,3.74
2325,2020/21,2020-10-18,Tottenham,West Ham,3.0,3.0,D,3.0,0.0,P Tierney,11.0,13.0,6.0,4.0,3.0,7.0,13.0,12.0,0.0,5.0,0.0,0.0,1.57,4.33,5.5,1.64,4.21,5.63,1.65,4.17,5.61,1.62,4.19,5.34
2326,2020/21,2020-10-19,Leeds,Wolves,0.0,1.0,A,0.0,0.0,D Coote,13.0,7.0,2.0,3.0,8.0,3.0,13.0,12.0,2.0,1.0,0.0,0.0,2.5,3.3,2.87,2.55,3.31,3.07,2.61,3.35,2.96,2.5,3.26,2.97
2327,2020/21,2020-10-19,West Brom,Burnley,0.0,0.0,D,0.0,0.0,A Taylor,13.0,9.0,6.0,4.0,8.0,2.0,15.0,17.0,2.0,2.0,0.0,0.0,2.45,3.3,2.9,2.54,3.37,3.05,2.73,3.25,2.9,2.49,3.3,2.97
2328,2020/21,2020-10-23,Aston Villa,Leeds,0.0,3.0,A,0.0,0.0,P Tierney,12.0,27.0,4.0,9.0,6.0,5.0,14.0,17.0,2.0,2.0,0.0,0.0,2.05,3.75,3.3,2.13,3.83,3.44,1.93,4.12,3.88,2.11,3.75,3.33
2329,2020/21,2020-10-24,Fulham,Crystal Palace,1.0,2.0,A,0.0,1.0,G Scott,16.0,14.0,3.0,10.0,4.0,4.0,11.0,11.0,0.0,1.0,1.0,0.0,2.75,3.1,2.7,2.8,3.21,2.86,2.66,3.14,3.08,2.74,3.14,2.77
2330,2020/21,2020-10-24,Liverpool,Sheffield United,2.0,1.0,H,1.0,1.0,M Dean,17.0,13.0,5.0,2.0,7.0,3.0,7.0,15.0,0.0,3.0,0.0,0.0,1.22,6.5,12.0,1.25,6.66,12.96,1.22,7.45,13.55,1.25,6.36,11.55
2331,2020/21,2020-10-24,Man United,Chelsea,0.0,0.0,D,0.0,0.0,M Atkinson,14.0,6.0,4.0,1.0,9.0,6.0,8.0,6.0,3.0,1.0,0.0,0.0,2.37,3.6,2.8,2.45,3.65,2.97,2.69,3.46,2.79,2.38,3.59,2.9
2332,2020/21,2020-10-24,West Ham,Man City,1.0,1.0,D,1.0,0.0,A Taylor,6.0,14.0,2.0,7.0,2.0,10.0,14.0,6.0,2.0,0.0,0.0,0.0,8.0,5.25,1.36,7.51,5.3,1.42,6.97,5.13,1.45,7.2,5.16,1.41
2333,2020/21,2020-10-25,Arsenal,Leicester,0.0,1.0,A,0.0,0.0,C Pawson,12.0,6.0,4.0,2.0,9.0,3.0,13.0,9.0,3.0,5.0,0.0,0.0,1.9,3.75,3.8,1.95,3.83,4.06,2.0,3.57,4.17,1.93,3.74,3.92
2334,2020/21,2020-10-25,Southampton,Everton,2.0,0.0,H,2.0,0.0,K Friend,12.0,6.0,6.0,2.0,4.0,5.0,11.0,11.0,1.0,2.0,0.0,1.0,2.75,3.4,2.55,2.84,3.58,2.58,3.08,3.56,2.41,2.78,3.47,2.54
2335,2020/21,2020-10-25,Wolves,Newcastle,1.0,1.0,D,0.0,0.0,L Mason,16.0,5.0,3.0,2.0,2.0,3.0,10.0,10.0,0.0,1.0,0.0,0.0,1.75,3.5,5.25,1.79,3.59,5.48,1.86,3.52,5.01,1.78,3.49,5.16
2336,2020/21,2020-10-26,Brighton,West Brom,1.0,1.0,D,1.0,0.0,J Moss,5.0,9.0,3.0,3.0,6.0,2.0,14.0,7.0,2.0,0.0,0.0,0.0,1.7,4.0,4.75,1.78,4.08,4.7,1.67,4.3,5.26,1.75,3.93,4.61
2337,2020/21,2020-10-26,Burnley,Tottenham,0.0,1.0,A,0.0,0.0,M Oliver,13.0,9.0,4.0,3.0,4.0,5.0,9.0,7.0,2.0,0.0,0.0,0.0,5.75,4.0,1.6,5.63,4.15,1.66,5.59,4.41,1.61,5.49,4.02,1.63
2338,2020/21,2020-10-30,Wolves,Crystal Palace,2.0,0.0,H,2.0,0.0,M Atkinson,15.0,11.0,5.0,2.0,7.0,6.0,13.0,4.0,0.0,2.0,0.0,1.0,2.0,3.2,4.33,2.07,3.21,4.41,2.12,3.14,4.34,2.05,3.13,4.27
2339,2020/21,2020-10-31,Burnley,Chelsea,0.0,3.0,A,0.0,1.0,D Coote,5.0,14.0,0.0,9.0,3.0,4.0,10.0,15.0,1.0,0.0,0.0,0.0,6.0,4.5,1.5,6.32,4.39,1.56,5.59,4.29,1.63,6.05,4.37,1.54
2340,2020/21,2020-10-31,Liverpool,West Ham,2.0,1.0,H,1.0,1.0,K Friend,9.0,4.0,5.0,3.0,1.0,2.0,13.0,14.0,0.0,1.0,0.0,0.0,1.36,5.25,7.5,1.4,5.32,8.03,1.44,5.3,7.1,1.39,5.26,7.43
2341,2020/21,2020-10-31,Sheffield United,Man City,0.0,1.0,A,0.0,1.0,M Oliver,5.0,16.0,1.0,8.0,2.0,5.0,14.0,6.0,0.0,0.0,0.0,0.0,9.5,6.0,1.28,9.8,5.91,1.33,10.63,6.25,1.3,9.43,5.76,1.31
2342,2020/21,2020-11-01,Aston Villa,Southampton,3.0,4.0,A,0.0,3.0,D England,19.0,9.0,10.0,4.0,11.0,1.0,12.0,17.0,1.0,2.0,0.0,0.0,2.45,3.5,2.8,2.53,3.72,2.81,2.69,3.56,2.73,2.46,3.6,2.78
2343,2020/21,2020-11-01,Man United,Arsenal,0.0,1.0,A,0.0,0.0,M Dean,8.0,7.0,2.0,2.0,6.0,3.0,12.0,12.0,3.0,3.0,0.0,0.0,2.0,3.6,3.6,2.05,3.78,3.73,2.02,3.65,3.97,2.04,3.66,3.58
2344,2020/21,2020-11-01,Newcastle,Everton,2.0,1.0,H,0.0,0.0,S Attwell,11.0,15.0,4.0,4.0,5.0,4.0,9.0,10.0,2.0,4.0,0.0,0.0,3.7,3.4,2.05,3.82,3.56,2.09,3.34,3.43,2.33,3.71,3.47,2.06
2345,2020/21,2020-11-01,Tottenham,Brighton,2.0,1.0,H,1.0,0.0,G Scott,9.0,6.0,3.0,2.0,4.0,5.0,14.0,13.0,2.0,1.0,0.0,0.0,1.61,4.0,5.5,1.65,4.26,5.54,1.61,4.36,5.77,1.63,4.17,5.29
2346,2020/21,2020-11-02,Fulham,West Brom,2.0,0.0,H,2.0,0.0,S Hooper,13.0,10.0,6.0,1.0,5.0,2.0,13.0,11.0,3.0,2.0,0.0,0.0,2.4,3.3,3.0,2.47,3.4,3.13,2.48,3.32,3.19,2.44,3.32,3.01
2347,2020/21,2020-11-02,Leeds,Leicester,1.0,4.0,A,0.0,2.0,A Marriner,11.0,10.0,4.0,8.0,10.0,3.0,9.0,5.0,1.0,1.0,0.0,0.0,2.5,3.6,2.62,2.59,3.65,2.79,2.42,3.71,2.97,2.56,3.56,2.68
2348,2020/21,2020-11-06,Brighton,Burnley,0.0,0.0,D,0.0,0.0,M Dean,19.0,4.0,3.0,1.0,5.0,3.0,11.0,5.0,1.0,0.0,0.0,0.0,1.85,3.5,4.33,1.93,3.51,4.63,1.99,3.42,4.45,1.9,3.48,4.42
2349,2020/21,2020-11-06,Southampton,Newcastle,2.0,0.0,H,1.0,0.0,P Bankes,15.0,4.0,8.0,2.0,8.0,3.0,12.0,11.0,1.0,2.0,0.0,0.0,2.0,3.6,3.7,2.08,3.62,3.8,2.2,3.47,3.59,2.04,3.58,3.7
2350,2020/21,2020-11-07,Chelsea,Sheffield United,4.0,1.0,H,2.0,1.0,J Moss,20.0,6.0,9.0,3.0,6.0,7.0,5.0,14.0,0.0,2.0,0.0,0.0,1.36,5.0,8.5,1.41,5.06,8.48,1.39,5.16,8.7,1.39,4.93,8.23
2351,2020/21,2020-11-07,Crystal Palace,Leeds,4.0,1.0,H,3.0,1.0,C Kavanagh,10.0,9.0,6.0,3.0,3.0,6.0,9.0,1.0,0.0,2.0,0.0,0.0,2.87,3.4,2.45,2.99,3.48,2.52,2.89,3.57,2.54,2.92,3.37,2.47
2352,2020/21,2020-11-07,Everton,Man United,1.0,3.0,A,1.0,2.0,P Tierney,7.0,13.0,1.0,5.0,5.0,2.0,12.0,19.0,4.0,2.0,0.0,0.0,2.9,3.5,2.37,2.98,3.65,2.44,3.33,3.68,2.23,2.91,3.52,2.42
2353,2020/21,2020-11-07,West Ham,Fulham,1.0,0.0,H,0.0,0.0,R Jones,16.0,13.0,7.0,3.0,9.0,5.0,10.0,9.0,2.0,2.0,0.0,0.0,1.83,3.75,4.2,1.85,3.98,4.34,1.9,3.96,4.12,1.83,3.82,4.23
2354,2020/21,2020-11-08,Arsenal,Aston Villa,0.0,3.0,A,0.0,1.0,M Atkinson,13.0,15.0,2.0,6.0,3.0,8.0,11.0,13.0,0.0,0.0,0.0,0.0,1.65,4.1,5.0,1.7,4.11,5.27,1.66,4.58,4.95,1.7,3.97,4.92
2355,2020/21,2020-11-08,Leicester,Wolves,1.0,0.0,H,1.0,0.0,A Taylor,10.0,7.0,3.0,2.0,6.0,3.0,12.0,8.0,2.0,3.0,0.0,0.0,2.3,3.2,3.25,2.47,3.17,3.35,2.47,3.17,3.35,2.38,3.14,3.28
2356,2020/21,2020-11-08,Man City,Liverpool,1.0,1.0,D,1.0,1.0,C Pawson,7.0,10.0,2.0,3.0,1.0,2.0,19.0,11.0,3.0,1.0,0.0,0.0,1.95,4.2,3.4,2.0,4.2,3.56,1.95,4.17,3.78,1.99,4.03,3.42
2357,2020/21,2020-11-08,West Brom,Tottenham,0.0,1.0,A,0.0,0.0,A Madley,12.0,19.0,2.0,5.0,9.0,6.0,17.0,12.0,1.0,0.0,0.0,0.0,7.0,4.33,1.45,6.58,4.45,1.54,6.88,4.71,1.5,6.38,4.38,1.52
2358,2020/21,2020-11-21,Aston Villa,Brighton,1.0,2.0,A,0.0,1.0,M Oliver,15.0,7.0,4.0,3.0,12.0,3.0,5.0,18.0,2.0,1.0,0.0,1.0,2.15,3.6,3.2,2.24,3.69,3.28,2.4,3.51,3.12,2.19,3.61,3.21
2359,2020/21,2020-11-21,Man United,West Brom,1.0,0.0,H,0.0,0.0,D Coote,17.0,7.0,7.0,2.0,8.0,2.0,12.0,17.0,1.0,1.0,0.0,0.0,1.3,5.5,9.5,1.34,5.5,10.03,1.33,5.76,9.79,1.34,5.34,9.21
2360,2020/21,2020-11-21,Newcastle,Chelsea,0.0,2.0,A,0.0,1.0,C Pawson,8.0,14.0,1.0,3.0,7.0,4.0,11.0,12.0,2.0,0.0,0.0,0.0,6.5,4.75,1.45,6.74,4.61,1.52,7.33,4.94,1.46,6.39,4.54,1.5
2361,2020/21,2020-11-21,Tottenham,Man City,2.0,0.0,H,1.0,0.0,M Dean,4.0,22.0,2.0,5.0,0.0,10.0,13.0,19.0,2.0,2.0,0.0,0.0,4.0,4.0,1.8,4.24,4.21,1.82,4.3,4.21,1.81,4.1,4.03,1.81
2362,2020/21,2020-11-22,Fulham,Everton,2.0,3.0,A,1.0,3.0,A Madley,14.0,9.0,6.0,7.0,2.0,5.0,14.0,10.0,2.0,0.0,0.0,0.0,3.9,3.9,1.85,4.06,3.86,1.93,4.24,3.89,1.88,3.93,3.79,1.9
2363,2020/21,2020-11-22,Leeds,Arsenal,0.0,0.0,D,0.0,0.0,A Taylor,25.0,9.0,4.0,2.0,5.0,3.0,9.0,8.0,3.0,0.0,0.0,1.0,3.0,3.75,2.2,3.18,3.84,2.25,3.58,3.89,2.06,3.13,3.7,2.21
2364,2020/21,2020-11-22,Liverpool,Leicester,3.0,0.0,H,2.0,0.0,C Kavanagh,24.0,11.0,13.0,4.0,10.0,3.0,15.0,6.0,0.0,2.0,0.0,0.0,1.85,4.0,3.8,1.88,4.08,3.84,1.82,4.12,4.32,1.9,3.92,3.82
2365,2020/21,2020-11-22,Sheffield United,West Ham,0.0,1.0,A,0.0,0.0,M Atkinson,9.0,15.0,5.0,3.0,2.0,6.0,7.0,6.0,0.0,0.0,0.0,0.0,3.0,3.25,2.4,3.2,3.3,2.48,3.09,3.25,2.56,3.06,3.26,2.43
2366,2020/21,2020-11-23,Burnley,Crystal Palace,1.0,0.0,H,1.0,0.0,K Friend,10.0,15.0,4.0,5.0,4.0,7.0,13.0,9.0,2.0,0.0,0.0,0.0,2.75,3.1,2.75,2.89,3.06,2.89,2.68,3.16,3.01,2.79,3.06,2.8
2367,2020/21,2020-11-23,Wolves,Southampton,1.0,1.0,D,0.0,0.0,A Marriner,20.0,7.0,9.0,2.0,7.0,4.0,14.0,13.0,2.0,0.0,0.0,0.0,2.3,3.25,3.25,2.34,3.34,3.41,2.4,3.32,3.28,2.32,3.25,3.27
2368,2020/21,2020-11-27,Crystal Palace,Newcastle,0.0,2.0,A,0.0,0.0,G Scott,12.0,14.0,3.0,7.0,7.0,3.0,9.0,10.0,2.0,2.0,0.0,0.0,2.05,3.25,3.75,2.18,3.3,3.84,2.18,3.22,3.96,2.15,3.21,3.74
2369,2020/21,2020-11-28,Brighton,Liverpool,1.0,1.0,D,0.0,0.0,S Attwell,11.0,6.0,3.0,2.0,4.0,3.0,9.0,13.0,2.0,1.0,0.0,0.0,5.5,4.2,1.57,5.42,4.25,1.65,4.96,4.29,1.69,5.32,4.19,1.62
2370,2020/21,2020-11-28,Everton,Leeds,0.0,1.0,A,0.0,0.0,C Kavanagh,15.0,23.0,8.0,7.0,4.0,2.0,8.0,14.0,1.0,2.0,0.0,0.0,1.95,3.8,3.6,2.07,3.76,3.64,2.35,3.66,3.09,2.02,3.72,3.57
2371,2020/21,2020-11-28,Man City,Burnley,5.0,0.0,H,3.0,0.0,L Mason,19.0,9.0,6.0,1.0,6.0,4.0,12.0,4.0,0.0,0.0,0.0,0.0,1.16,7.5,16.0,1.18,8.3,14.98,1.13,11.08,19.55,1.17,7.84,16.81
2372,2020/21,2020-11-28,West Brom,Sheffield United,1.0,0.0,H,1.0,0.0,M Dean,17.0,21.0,6.0,5.0,14.0,9.0,10.0,9.0,2.0,3.0,0.0,0.0,2.6,3.2,2.8,2.66,3.22,2.99,2.67,3.17,3.02,2.6,3.17,2.9
2373,2020/21,2020-11-29,Arsenal,Wolves,1.0,2.0,A,1.0,2.0,M Oliver,13.0,11.0,2.0,5.0,8.0,4.0,13.0,13.0,3.0,4.0,0.0,0.0,2.05,3.4,3.75,2.18,3.33,3.81,2.14,3.33,3.91,2.13,3.28,3.72
2374,2020/21,2020-11-29,Chelsea,Tottenham,0.0,0.0,D,0.0,0.0,P Tierney,13.0,5.0,3.0,1.0,3.0,3.0,20.0,9.0,4.0,2.0,0.0,0.0,2.05,3.5,3.6,2.14,3.51,3.69,2.0,3.75,3.89,2.1,3.52,3.53
2375,2020/21,2020-11-29,Southampton,Man United,2.0,3.0,A,2.0,0.0,J Moss,10.0,15.0,5.0,6.0,5.0,9.0,12.0,12.0,1.0,0.0,0.0,0.0,4.0,3.5,1.95,3.94,3.66,2.02,3.92,3.86,1.96,3.8,3.57,2.0
2376,2020/21,2020-11-30,Leicester,Fulham,1.0,2.0,A,0.0,2.0,S Hooper,16.0,10.0,3.0,5.0,6.0,5.0,9.0,21.0,0.0,2.0,0.0,0.0,1.5,4.33,6.5,1.54,4.53,6.44,1.68,4.1,5.34,1.54,4.35,6.15
2377,2020/21,2020-11-30,West Ham,Aston Villa,2.0,1.0,H,1.0,1.0,P Bankes,6.0,16.0,2.0,6.0,3.0,7.0,20.0,7.0,1.0,1.0,0.0,0.0,2.25,3.6,3.0,2.36,3.64,3.09,2.37,3.56,3.12,2.32,3.57,3.01
2378,2020/21,2020-12-05,Burnley,Everton,1.0,1.0,D,1.0,1.0,A Taylor,8.0,13.0,3.0,6.0,8.0,4.0,6.0,9.0,0.0,0.0,0.0,0.0,4.0,3.5,1.9,4.14,3.58,1.99,3.68,3.63,2.1,4.02,3.5,1.97
2379,2020/21,2020-12-05,Chelsea,Leeds,3.0,1.0,H,1.0,1.0,K Friend,23.0,8.0,11.0,3.0,8.0,4.0,12.0,9.0,0.0,2.0,0.0,0.0,1.5,4.5,6.0,1.56,4.54,6.19,1.48,5.15,6.34,1.54,4.5,5.82
2380,2020/21,2020-12-05,Man City,Fulham,2.0,0.0,H,2.0,0.0,J Moss,16.0,6.0,6.0,1.0,9.0,3.0,7.0,6.0,0.0,0.0,0.0,0.0,1.1,11.0,19.0,1.13,10.23,23.63,1.13,9.9,22.91,1.12,9.74,21.84
2381,2020/21,2020-12-05,West Ham,Man United,1.0,3.0,A,1.0,0.0,A Marriner,19.0,15.0,6.0,6.0,5.0,4.0,9.0,10.0,0.0,0.0,0.0,0.0,3.6,3.6,2.0,3.75,3.69,2.06,3.52,3.53,2.2,3.62,3.57,2.05
2382,2020/21,2020-12-06,Liverpool,Wolves,4.0,0.0,H,1.0,0.0,C Pawson,11.0,9.0,6.0,3.0,4.0,6.0,8.0,14.0,1.0,1.0,0.0,0.0,1.5,4.33,6.5,1.54,4.25,7.17,1.61,4.44,5.64,1.52,4.25,6.59
2383,2020/21,2020-12-06,Sheffield United,Leicester,1.0,2.0,A,1.0,1.0,S Attwell,4.0,13.0,1.0,4.0,6.0,5.0,13.0,6.0,1.0,3.0,0.0,0.0,3.8,3.5,1.95,4.02,3.54,2.04,4.14,3.67,1.96,3.86,3.49,2.01
2384,2020/21,2020-12-06,Tottenham,Arsenal,2.0,0.0,H,2.0,0.0,M Atkinson,6.0,11.0,3.0,2.0,3.0,9.0,16.0,12.0,1.0,2.0,0.0,0.0,1.95,3.6,3.8,2.07,3.56,3.87,2.3,3.54,3.29,2.01,3.54,3.79
2385,2020/21,2020-12-06,West Brom,Crystal Palace,1.0,5.0,A,1.0,1.0,P Tierney,9.0,18.0,4.0,6.0,4.0,6.0,10.0,16.0,2.0,2.0,1.0,0.0,2.87,3.2,2.55,2.98,3.3,2.61,3.14,3.4,2.44,2.9,3.21,2.58
2386,2020/21,2020-12-07,Brighton,Southampton,1.0,2.0,A,1.0,1.0,D Coote,12.0,10.0,4.0,3.0,4.0,3.0,12.0,12.0,3.0,3.0,0.0,0.0,2.45,3.4,2.9,2.56,3.46,2.93,2.51,3.42,3.02,2.52,3.36,2.86
2387,2020/21,2020-12-11,Leeds,West Ham,1.0,2.0,A,1.0,1.0,M Oliver,13.0,19.0,7.0,8.0,5.0,6.0,12.0,10.0,1.0,2.0,0.0,0.0,2.15,3.7,3.1,2.22,3.71,3.3,2.19,3.78,3.32,2.18,3.67,3.2
2388,2020/21,2020-12-12,Everton,Chelsea,1.0,0.0,H,1.0,0.0,J Moss,9.0,10.0,4.0,3.0,6.0,6.0,10.0,11.0,2.0,3.0,0.0,0.0,4.33,4.2,1.7,4.52,4.28,1.76,4.99,4.19,1.71,4.36,4.12,1.75
2389,2020/21,2020-12-12,Man United,Man City,0.0,0.0,D,0.0,0.0,C Kavanagh,11.0,9.0,2.0,2.0,4.0,3.0,13.0,6.0,1.0,1.0,0.0,0.0,4.33,4.2,1.72,4.49,4.32,1.75,4.68,4.29,1.73,4.39,4.16,1.74
2390,2020/21,2020-12-12,Newcastle,West Brom,2.0,1.0,H,1.0,0.0,D England,12.0,13.0,7.0,3.0,4.0,3.0,9.0,12.0,2.0,3.0,0.0,0.0,2.45,3.2,3.0,2.62,3.32,2.95,2.47,3.24,3.24,2.51,3.25,2.95
2391,2020/21,2020-12-12,Wolves,Aston Villa,0.0,1.0,A,0.0,0.0,M Dean,16.0,13.0,7.0,2.0,5.0,8.0,23.0,15.0,2.0,5.0,0.0,0.0,2.25,3.25,3.25,2.4,3.32,3.28,2.59,3.31,2.99,2.34,3.27,3.21
2392,2020/21,2020-12-13,Arsenal,Burnley,0.0,1.0,A,0.0,0.0,G Scott,18.0,10.0,6.0,2.0,13.0,4.0,5.0,11.0,2.0,1.0,1.0,0.0,1.53,4.2,6.25,1.54,4.33,6.84,1.49,4.82,6.88,1.54,4.22,6.42
2393,2020/21,2020-12-13,Crystal Palace,Tottenham,1.0,1.0,D,0.0,1.0,K Friend,16.0,14.0,5.0,6.0,4.0,7.0,15.0,11.0,1.0,1.0,0.0,0.0,4.5,3.9,1.72,4.92,3.83,1.79,4.33,3.93,1.85,4.71,3.75,1.76
2394,2020/21,2020-12-13,Fulham,Liverpool,1.0,1.0,D,1.0,0.0,A Marriner,10.0,12.0,5.0,6.0,6.0,8.0,9.0,5.0,3.0,1.0,0.0,0.0,9.0,5.5,1.3,8.67,5.98,1.34,8.51,5.36,1.38,8.44,5.66,1.34
2395,2020/21,2020-12-13,Leicester,Brighton,3.0,0.0,H,3.0,0.0,M Atkinson,15.0,12.0,6.0,4.0,9.0,5.0,9.0,11.0,2.0,1.0,0.0,0.0,2.0,3.5,3.8,2.06,3.56,3.91,2.12,3.55,3.72,2.03,3.49,3.76
2396,2020/21,2020-12-13,Southampton,Sheffield United,3.0,0.0,H,1.0,0.0,A Madley,16.0,3.0,6.0,0.0,8.0,4.0,8.0,14.0,0.0,1.0,0.0,0.0,1.7,3.75,5.0,1.73,4.01,5.07,1.65,4.11,5.75,1.72,3.83,4.95
2397,2020/21,2020-12-15,Man City,West Brom,1.0,1.0,D,1.0,1.0,P Bankes,26.0,5.0,7.0,1.0,13.0,2.0,5.0,8.0,2.0,3.0,0.0,0.0,1.09,11.0,21.0,1.11,9.75,23.03,1.09,12.6,29.4,1.12,9.96,22.77
2398,2020/21,2020-12-15,Wolves,Chelsea,2.0,1.0,H,0.0,0.0,S Attwell,12.0,13.0,4.0,3.0,5.0,6.0,12.0,12.0,2.0,2.0,0.0,0.0,5.25,3.8,1.66,5.59,3.9,1.7,5.79,3.86,1.68,5.44,3.79,1.68
2399,2020/21,2020-12-16,Arsenal,Southampton,1.0,1.0,D,0.0,1.0,P Tierney,9.0,13.0,4.0,3.0,2.0,7.0,13.0,13.0,1.0,3.0,1.0,0.0,2.25,3.5,3.1,2.27,3.55,3.32,2.17,3.58,3.55,2.25,3.47,3.19
2400,2020/21,2020-12-16,Fulham,Brighton,0.0,0.0,D,0.0,0.0,R Jones,9.0,9.0,4.0,4.0,1.0,8.0,15.0,11.0,1.0,0.0,0.0,0.0,2.87,3.3,2.5,3.0,3.4,2.53,3.04,3.31,2.56,2.9,3.28,2.51
2401,2020/21,2020-12-16,Leeds,Newcastle,5.0,2.0,H,1.0,1.0,S Hooper,25.0,10.0,10.0,4.0,7.0,4.0,10.0,13.0,3.0,1.0,0.0,0.0,1.75,4.0,4.33,1.78,4.07,4.6,1.6,4.54,5.6,1.76,3.89,4.49
2402,2020/21,2020-12-16,Leicester,Everton,0.0,2.0,A,0.0,1.0,L Mason,14.0,11.0,2.0,6.0,4.0,6.0,12.0,9.0,2.0,3.0,0.0,0.0,2.15,3.6,3.25,2.23,3.62,3.37,2.16,3.55,3.58,2.2,3.55,3.22
2403,2020/21,2020-12-16,Liverpool,Tottenham,2.0,1.0,H,1.0,1.0,A Taylor,17.0,8.0,11.0,2.0,7.0,4.0,8.0,9.0,0.0,2.0,0.0,0.0,1.75,3.8,4.5,1.81,3.9,4.64,1.81,4.07,4.39,1.79,3.84,4.44
2404,2020/21,2020-12-16,West Ham,Crystal Palace,1.0,1.0,D,0.0,1.0,D Coote,9.0,8.0,2.0,2.0,5.0,3.0,8.0,12.0,0.0,1.0,0.0,1.0,2.05,3.4,3.6,2.09,3.54,3.82,2.17,3.45,3.68,2.1,3.4,3.64
2405,2020/21,2020-12-17,Aston Villa,Burnley,0.0,0.0,D,0.0,0.0,C Pawson,27.0,6.0,7.0,4.0,11.0,1.0,17.0,19.0,1.0,1.0,0.0,0.0,1.75,3.8,4.5,1.76,3.93,4.95,1.85,3.86,4.47,1.74,3.84,4.73
2406,2020/21,2020-12-17,Sheffield United,Man United,2.0,3.0,A,1.0,2.0,M Oliver,12.0,14.0,6.0,8.0,6.0,3.0,17.0,8.0,3.0,2.0,0.0,0.0,7.0,4.6,1.44,7.35,4.78,1.47,7.88,4.75,1.45,7.14,4.54,1.46
2407,2020/21,2020-12-19,Crystal Palace,Liverpool,0.0,7.0,A,0.0,3.0,J Moss,5.0,14.0,3.0,8.0,5.0,4.0,5.0,11.0,1.0,0.0,0.0,0.0,6.5,4.33,1.5,6.52,4.53,1.53,5.54,4.2,1.65,6.2,4.45,1.52
2408,2020/21,2020-12-19,Everton,Arsenal,2.0,1.0,H,2.0,1.0,A Marriner,9.0,13.0,2.0,2.0,4.0,3.0,9.0,9.0,1.0,3.0,0.0,0.0,2.45,3.5,2.8,2.5,3.47,2.99,2.75,3.45,2.72,2.42,3.44,2.93
2409,2020/21,2020-12-19,Newcastle,Fulham,1.0,1.0,D,0.0,1.0,G Scott,12.0,11.0,5.0,4.0,2.0,9.0,7.0,17.0,1.0,2.0,0.0,1.0,2.5,3.25,2.9,2.63,3.33,2.93,2.89,3.38,2.63,2.58,3.25,2.87
2410,2020/21,2020-12-19,Southampton,Man City,0.0,1.0,A,0.0,1.0,M Dean,9.0,11.0,3.0,5.0,6.0,6.0,9.0,11.0,2.0,2.0,0.0,0.0,7.0,4.5,1.44,6.56,4.72,1.51,5.97,4.81,1.54,6.48,4.63,1.48
2411,2020/21,2020-12-20,Brighton,Sheffield United,1.0,1.0,D,0.0,0.0,P Bankes,21.0,5.0,5.0,3.0,14.0,2.0,9.0,11.0,1.0,5.0,0.0,1.0,1.65,3.75,5.5,1.69,3.85,5.79,1.94,3.41,4.64,1.69,3.72,5.43
2412,2020/21,2020-12-20,Man United,Leeds,6.0,2.0,H,4.0,1.0,A Taylor,26.0,17.0,14.0,3.0,11.0,13.0,6.0,6.0,1.0,0.0,0.0,0.0,1.66,4.33,4.5,1.73,4.31,4.66,1.74,4.44,4.45,1.71,4.23,4.49
2413,2020/21,2020-12-20,Tottenham,Leicester,0.0,2.0,A,0.0,1.0,C Pawson,8.0,17.0,3.0,4.0,5.0,3.0,15.0,14.0,2.0,2.0,0.0,0.0,2.05,3.5,3.6,2.1,3.54,3.79,2.15,3.54,3.63,2.08,3.48,3.62
2414,2020/21,2020-12-20,West Brom,Aston Villa,0.0,3.0,A,0.0,1.0,M Atkinson,1.0,19.0,1.0,10.0,1.0,7.0,14.0,8.0,1.0,2.0,1.0,0.0,3.6,3.8,1.95,3.82,3.83,2.0,5.08,4.17,1.7,3.69,3.7,1.99
2415,2020/21,2020-12-21,Burnley,Wolves,2.0,1.0,H,1.0,0.0,L Mason,10.0,15.0,4.0,3.0,1.0,7.0,11.0,15.0,2.0,1.0,0.0,0.0,3.5,3.25,2.2,3.73,3.19,2.27,3.49,3.08,2.44,3.61,3.13,2.23
2416,2020/21,2020-12-21,Chelsea,West Ham,3.0,0.0,H,1.0,0.0,C Kavanagh,11.0,6.0,7.0,0.0,5.0,4.0,11.0,6.0,0.0,0.0,0.0,0.0,1.44,5.0,6.25,1.52,4.72,6.46,1.61,4.43,5.64,1.49,4.63,6.29
2417,2020/21,2020-12-26,Arsenal,Chelsea,3.0,1.0,H,2.0,0.0,M Oliver,15.0,19.0,7.0,3.0,7.0,9.0,13.0,10.0,2.0,1.0,0.0,0.0,4.0,3.6,1.9,4.14,3.73,1.94,4.84,3.96,1.77,4.06,3.59,1.93
2418,2020/21,2020-12-26,Aston Villa,Crystal Palace,3.0,0.0,H,1.0,0.0,A Taylor,21.0,13.0,10.0,6.0,4.0,4.0,18.0,16.0,1.0,4.0,1.0,0.0,1.9,3.75,3.8,1.95,3.9,3.91,1.83,3.93,4.47,1.94,3.75,3.8
2419,2020/21,2020-12-26,Fulham,Southampton,0.0,0.0,D,0.0,0.0,D England,10.0,3.0,1.0,2.0,6.0,3.0,15.0,12.0,2.0,0.0,0.0,0.0,3.2,3.3,2.3,3.29,3.42,2.35,2.8,3.43,2.68,3.19,3.32,2.32
2420,2020/21,2020-12-26,Leicester,Man United,2.0,2.0,D,1.0,1.0,M Dean,10.0,9.0,2.0,4.0,5.0,0.0,10.0,17.0,2.0,1.0,0.0,0.0,2.9,3.6,2.3,3.08,3.67,2.35,3.03,3.62,2.4,3.01,3.55,2.32
2421,2020/21,2020-12-26,Man City,Newcastle,2.0,0.0,H,1.0,0.0,A Marriner,11.0,7.0,6.0,2.0,7.0,3.0,5.0,12.0,2.0,2.0,0.0,0.0,1.11,10.0,19.0,1.14,9.55,22.92,1.13,9.55,22.04,1.12,9.31,23.28
2422,2020/21,2020-12-26,Sheffield United,Everton,0.0,1.0,A,0.0,0.0,D Coote,10.0,7.0,2.0,3.0,6.0,3.0,11.0,10.0,2.0,4.0,0.0,0.0,4.2,3.6,1.85,4.26,3.66,1.94,3.38,3.29,2.37,4.2,3.59,1.9
2423,2020/21,2020-12-27,Leeds,Burnley,1.0,0.0,H,1.0,0.0,R Jones,11.0,14.0,4.0,6.0,4.0,12.0,8.0,14.0,0.0,3.0,0.0,0.0,1.72,4.0,4.33,1.76,4.09,4.71,1.72,4.18,4.91,1.75,3.98,4.5
2424,2020/21,2020-12-27,Liverpool,West Brom,1.0,1.0,D,1.0,0.0,K Friend,17.0,5.0,2.0,3.0,8.0,3.0,8.0,5.0,0.0,1.0,0.0,0.0,1.11,10.0,19.0,1.14,9.42,22.43,1.13,9.46,22.33,1.13,9.05,20.61
2425,2020/21,2020-12-27,West Ham,Brighton,2.0,2.0,D,0.0,1.0,S Hooper,11.0,13.0,4.0,4.0,5.0,4.0,6.0,8.0,0.0,0.0,0.0,0.0,2.3,3.4,3.1,2.42,3.38,3.19,2.42,3.34,3.24,2.37,3.32,3.11
2426,2020/21,2020-12-27,Wolves,Tottenham,1.0,1.0,D,0.0,1.0,P Tierney,11.0,6.0,6.0,3.0,9.0,2.0,20.0,13.0,4.0,1.0,0.0,0.0,3.6,3.25,2.15,3.76,3.37,2.17,3.61,3.4,2.21,3.62,3.28,2.16
2427,2020/21,2020-12-28,Chelsea,Aston Villa,1.0,1.0,D,1.0,0.0,S Attwell,16.0,10.0,5.0,2.0,11.0,4.0,16.0,3.0,3.0,1.0,0.0,0.0,1.61,4.2,5.0,1.71,4.25,4.89,1.86,4.07,4.15,1.69,4.18,4.72
2428,2020/21,2020-12-28,Crystal Palace,Leicester,1.0,1.0,D,0.0,0.0,G Scott,4.0,17.0,1.0,3.0,2.0,5.0,10.0,7.0,0.0,1.0,0.0,0.0,3.75,3.5,2.0,3.95,3.58,2.04,3.4,3.49,2.27,3.81,3.52,2.01
2429,2020/21,2020-12-29,Brighton,Arsenal,0.0,1.0,A,0.0,0.0,M Atkinson,13.0,11.0,2.0,3.0,5.0,4.0,11.0,4.0,2.0,0.0,0.0,0.0,3.25,3.5,2.2,3.27,3.43,2.35,3.85,3.56,2.08,3.22,3.38,2.29
2430,2020/21,2020-12-29,Burnley,Sheffield United,1.0,0.0,H,1.0,0.0,C Kavanagh,5.0,7.0,3.0,3.0,3.0,5.0,13.0,17.0,1.0,2.0,0.0,0.0,2.37,3.1,3.25,2.45,3.2,3.31,2.43,3.22,3.34,2.41,3.15,3.22
2431,2020/21,2020-12-29,Man United,Wolves,1.0,0.0,H,0.0,0.0,J Moss,11.0,9.0,3.0,5.0,2.0,2.0,11.0,7.0,1.0,1.0,0.0,0.0,1.53,4.2,6.25,1.53,4.35,5.94,1.57,4.31,6.35,1.55,4.21,6.1
2432,2020/21,2020-12-29,Southampton,West Ham,0.0,0.0,D,0.0,0.0,A Madley,8.0,8.0,3.0,3.0,4.0,3.0,16.0,15.0,3.0,1.0,0.0,0.0,2.1,3.6,3.4,2.23,3.57,3.4,2.05,3.65,3.84,2.19,3.48,3.33
2433,2020/21,2020-12-29,West Brom,Leeds,0.0,5.0,A,0.0,4.0,L Mason,4.0,14.0,1.0,6.0,3.0,10.0,7.0,10.0,0.0,1.0,0.0,0.0,3.6,3.6,2.0,3.72,3.71,2.06,4.35,4.04,1.83,3.59,3.67,2.03
2434,2020/21,2020-12-30,Newcastle,Liverpool,0.0,0.0,D,0.0,0.0,P Tierney,8.0,11.0,2.0,4.0,5.0,12.0,9.0,13.0,2.0,3.0,0.0,0.0,12.0,6.0,1.25,9.61,6.09,1.32,10.49,6.04,1.3,9.81,5.93,1.29
2435,2020/21,2021-01-01,Everton,West Ham,0.0,1.0,A,0.0,0.0,K Friend,10.0,11.0,2.0,5.0,5.0,4.0,9.0,7.0,2.0,0.0,0.0,0.0,2.1,3.5,3.5,2.19,3.52,3.55,2.3,3.52,3.3,2.15,3.44,3.5
2436,2020/21,2021-01-01,Man United,Aston Villa,2.0,1.0,H,1.0,0.0,M Oliver,19.0,5.0,9.0,5.0,5.0,10.0,22.0,10.0,4.0,0.0,0.0,0.0,1.72,4.2,4.2,1.78,4.14,4.52,1.75,4.13,4.74,1.74,4.14,4.42
2437,2020/21,2021-01-02,Brighton,Wolves,3.0,3.0,D,1.0,3.0,A Madley,13.0,11.0,4.0,4.0,5.0,8.0,13.0,8.0,2.0,1.0,0.0,0.0,2.62,3.25,2.75,2.68,3.28,2.91,2.87,3.09,2.86,2.66,3.15,2.85
2438,2020/21,2021-01-02,Crystal Palace,Sheffield United,2.0,0.0,H,2.0,0.0,S Attwell,9.0,7.0,4.0,2.0,3.0,6.0,8.0,18.0,1.0,3.0,0.0,0.0,1.95,3.5,3.9,2.02,3.45,3.84,2.14,3.28,4.0,2.01,3.4,3.93
2439,2020/21,2021-01-02,Tottenham,Leeds,3.0,0.0,H,2.0,0.0,D Coote,20.0,18.0,7.0,5.0,3.0,5.0,15.0,13.0,2.0,1.0,1.0,0.0,1.75,4.1,4.2,1.81,4.13,4.34,1.89,4.08,3.98,1.8,4.05,4.15
2440,2020/21,2021-01-02,West Brom,Arsenal,0.0,4.0,A,0.0,2.0,M Atkinson,7.0,21.0,3.0,12.0,3.0,5.0,7.0,4.0,1.0,2.0,0.0,0.0,5.75,4.0,1.57,5.98,4.09,1.63,6.21,4.14,1.61,5.78,4.01,1.61
2441,2020/21,2021-01-03,Chelsea,Man City,1.0,3.0,A,0.0,3.0,A Taylor,9.0,18.0,2.0,6.0,5.0,3.0,11.0,10.0,3.0,1.0,0.0,0.0,3.0,3.7,2.2,2.95,3.67,2.4,3.5,3.59,2.18,3.01,3.66,2.24
2442,2020/21,2021-01-03,Newcastle,Leicester,1.0,2.0,A,0.0,0.0,R Jones,8.0,9.0,2.0,3.0,3.0,6.0,10.0,11.0,0.0,2.0,0.0,0.0,5.25,4.2,1.61,5.35,3.99,1.7,6.57,4.14,1.58,5.19,3.97,1.67
2443,2020/21,2021-01-04,Southampton,Liverpool,1.0,0.0,H,1.0,0.0,A Marriner,7.0,17.0,3.0,1.0,1.0,10.0,5.0,12.0,1.0,3.0,0.0,0.0,5.0,4.33,1.61,5.03,4.44,1.67,6.16,4.92,1.52,4.89,4.24,1.65
2444,2020/21,2021-01-12,Burnley,Man United,0.0,1.0,A,0.0,0.0,K Friend,11.0,13.0,0.0,7.0,3.0,4.0,15.0,13.0,1.0,2.0,0.0,0.0,7.0,4.5,1.45,7.33,4.66,1.48,7.92,5.05,1.43,7.03,4.56,1.47
2445,2020/21,2021-01-12,Sheffield United,Newcastle,1.0,0.0,H,0.0,0.0,A Madley,17.0,7.0,4.0,3.0,5.0,2.0,13.0,12.0,2.0,3.0,0.0,1.0,2.45,3.1,3.1,2.53,3.18,3.2,2.34,3.23,3.5,2.49,3.11,3.13
2446,2020/21,2021-01-12,Wolves,Everton,1.0,2.0,A,1.0,1.0,M Atkinson,12.0,5.0,3.0,3.0,6.0,5.0,6.0,11.0,2.0,2.0,0.0,0.0,2.45,3.1,3.1,2.56,3.18,3.15,2.73,2.93,3.18,2.5,3.12,3.1
2447,2020/21,2021-01-13,Man City,Brighton,1.0,0.0,H,1.0,0.0,D England,16.0,5.0,6.0,1.0,8.0,4.0,4.0,12.0,0.0,2.0,0.0,0.0,1.14,8.5,16.0,1.19,7.61,16.97,1.18,7.99,17.46,1.18,7.48,15.78
2448,2020/21,2021-01-13,Tottenham,Fulham,1.0,1.0,D,1.0,0.0,P Tierney,15.0,15.0,6.0,4.0,6.0,5.0,13.0,15.0,1.0,2.0,0.0,0.0,1.36,5.0,8.5,1.36,4.97,8.16,1.66,3.85,6.19,1.4,4.91,7.98
2449,2020/21,2021-01-14,Arsenal,Crystal Palace,0.0,0.0,D,0.0,0.0,A Marriner,11.0,12.0,4.0,2.0,7.0,3.0,10.0,11.0,1.0,1.0,0.0,0.0,1.53,4.0,6.5,1.58,4.18,6.55,1.74,3.94,5.14,1.55,4.1,6.37
2450,2020/21,2021-01-16,Fulham,Chelsea,0.0,1.0,A,0.0,0.0,P Bankes,10.0,21.0,3.0,6.0,1.0,12.0,11.0,10.0,2.0,3.0,1.0,0.0,6.5,4.33,1.5,6.81,4.17,1.56,6.29,4.09,1.61,6.3,4.21,1.55
2451,2020/21,2021-01-16,Leeds,Brighton,0.0,1.0,A,0.0,1.0,K Friend,7.0,7.0,2.0,2.0,5.0,2.0,8.0,9.0,1.0,1.0,0.0,0.0,2.1,3.5,3.4,2.18,3.67,3.43,2.3,3.58,3.24,2.17,3.57,3.31
2452,2020/21,2021-01-16,Leicester,Southampton,2.0,0.0,H,1.0,0.0,S Attwell,16.0,8.0,5.0,3.0,2.0,5.0,10.0,11.0,2.0,2.0,0.0,0.0,1.8,3.75,4.5,1.8,3.69,4.52,1.73,3.86,5.32,1.8,3.72,4.58
2453,2020/21,2021-01-16,West Ham,Burnley,1.0,0.0,H,1.0,0.0,C Kavanagh,15.0,10.0,4.0,2.0,7.0,4.0,12.0,9.0,2.0,1.0,0.0,0.0,1.8,3.5,4.75,1.85,3.57,4.88,1.79,3.73,5.11,1.84,3.49,4.69
2454,2020/21,2021-01-16,Wolves,West Brom,2.0,3.0,A,2.0,1.0,M Oliver,23.0,12.0,6.0,5.0,11.0,0.0,10.0,14.0,2.0,1.0,0.0,0.0,1.6,3.5,7.0,1.63,3.7,7.07,1.64,3.85,6.52,1.61,3.67,6.71
2455,2020/21,2021-01-17,Liverpool,Man United,0.0,0.0,D,0.0,0.0,P Tierney,17.0,8.0,3.0,4.0,7.0,3.0,15.0,6.0,2.0,1.0,0.0,0.0,1.95,3.8,3.6,1.98,4.0,3.71,1.94,3.98,3.89,1.97,3.84,3.65
2456,2020/21,2021-01-17,Man City,Crystal Palace,4.0,0.0,H,1.0,0.0,L Mason,13.0,2.0,6.0,0.0,11.0,1.0,9.0,8.0,0.0,0.0,0.0,0.0,1.14,8.5,17.0,1.18,7.87,18.27,1.19,7.48,17.24,1.17,7.67,17.03
2457,2020/21,2021-01-17,Sheffield United,Tottenham,1.0,3.0,A,0.0,2.0,A Marriner,15.0,14.0,5.0,5.0,5.0,7.0,13.0,4.0,4.0,0.0,0.0,0.0,6.25,3.75,1.6,6.1,3.73,1.68,4.81,3.71,1.83,5.96,3.73,1.65
2458,2020/21,2021-01-18,Arsenal,Newcastle,3.0,0.0,H,0.0,0.0,D Coote,20.0,4.0,6.0,1.0,7.0,2.0,9.0,8.0,0.0,0.0,0.0,0.0,1.4,4.5,8.0,1.45,4.73,7.98,1.44,4.84,7.87,1.44,4.61,7.54
2459,2020/21,2021-01-19,Leicester,Chelsea,2.0,0.0,H,2.0,0.0,C Pawson,8.0,9.0,6.0,5.0,6.0,3.0,7.0,16.0,1.0,3.0,0.0,0.0,2.87,3.4,2.45,2.92,3.49,2.55,2.88,3.48,2.58,2.9,3.41,2.49
2460,2020/21,2021-01-19,West Ham,West Brom,2.0,1.0,H,1.0,0.0,G Scott,14.0,6.0,6.0,2.0,3.0,1.0,10.0,10.0,0.0,1.0,0.0,0.0,1.57,4.2,5.5,1.58,4.23,6.35,1.54,4.27,7.01,1.58,4.08,6.09
2461,2020/21,2021-01-20,Fulham,Man United,1.0,2.0,A,1.0,1.0,M Atkinson,12.0,15.0,5.0,5.0,2.0,8.0,6.0,10.0,3.0,1.0,0.0,0.0,6.0,4.33,1.53,6.32,4.41,1.56,5.49,4.18,1.66,6.05,4.31,1.55
2462,2020/21,2021-01-20,Man City,Aston Villa,2.0,0.0,H,0.0,0.0,J Moss,28.0,11.0,9.0,4.0,16.0,2.0,10.0,9.0,0.0,2.0,0.0,0.0,1.22,6.5,12.0,1.24,6.1,11.61,1.33,5.95,9.55,1.25,6.21,11.36
2463,2020/21,2021-01-21,Liverpool,Burnley,0.0,1.0,A,0.0,0.0,M Dean,27.0,6.0,6.0,4.0,12.0,0.0,11.0,8.0,2.0,1.0,0.0,0.0,1.18,7.5,15.0,1.21,7.24,15.81,1.35,5.34,9.48,1.2,7.05,14.89
2464,2020/21,2021-01-23,Aston Villa,Newcastle,2.0,0.0,H,2.0,0.0,S Hooper,14.0,7.0,5.0,1.0,5.0,4.0,9.0,18.0,0.0,3.0,0.0,0.0,1.45,4.75,6.5,1.52,4.68,6.46,1.52,4.66,6.51,1.5,4.53,6.37
2465,2020/21,2021-01-26,Crystal Palace,West Ham,2.0,3.0,A,1.0,2.0,S Attwell,6.0,17.0,3.0,7.0,3.0,4.0,9.0,8.0,0.0,0.0,0.0,0.0,3.1,3.25,2.37,3.21,3.32,2.44,3.64,3.38,2.21,3.16,3.27,2.39
2466,2020/21,2021-01-26,Newcastle,Leeds,1.0,2.0,A,0.0,1.0,A Taylor,22.0,9.0,5.0,2.0,9.0,5.0,10.0,15.0,1.0,3.0,0.0,0.0,3.9,3.8,1.85,3.92,3.89,1.95,4.2,4.01,1.86,3.83,3.83,1.93
2467,2020/21,2021-01-26,Southampton,Arsenal,1.0,3.0,A,1.0,2.0,K Friend,13.0,9.0,5.0,5.0,4.0,5.0,11.0,6.0,1.0,2.0,0.0,0.0,3.5,3.6,2.05,3.59,3.69,2.11,3.55,3.74,2.11,3.49,3.6,2.09
2468,2020/21,2021-01-26,West Brom,Man City,0.0,5.0,A,0.0,4.0,C Kavanagh,4.0,18.0,1.0,7.0,3.0,8.0,8.0,8.0,2.0,0.0,0.0,0.0,15.0,7.5,1.18,15.82,7.25,1.21,20.07,8.8,1.16,15.44,7.06,1.2
2469,2020/21,2021-01-27,Brighton,Fulham,0.0,0.0,D,0.0,0.0,C Pawson,16.0,10.0,5.0,3.0,10.0,0.0,10.0,14.0,2.0,1.0,0.0,0.0,2.05,3.4,3.75,2.07,3.47,3.96,2.14,3.35,3.9,2.06,3.38,3.82
2470,2020/21,2021-01-27,Burnley,Aston Villa,3.0,2.0,H,0.0,1.0,P Tierney,10.0,18.0,5.0,10.0,2.0,4.0,16.0,7.0,1.0,0.0,0.0,0.0,3.8,3.5,1.95,4.01,3.65,2.0,4.66,3.84,1.82,3.84,3.53,2.0
2471,2020/21,2021-01-27,Chelsea,Wolves,0.0,0.0,D,0.0,0.0,A Madley,14.0,4.0,5.0,0.0,13.0,1.0,14.0,7.0,1.0,1.0,0.0,0.0,1.6,4.2,5.25,1.63,4.26,5.68,1.64,3.97,6.1,1.62,4.08,5.53
2472,2020/21,2021-01-27,Everton,Leicester,1.0,1.0,D,1.0,0.0,M Dean,8.0,19.0,2.0,6.0,5.0,11.0,12.0,10.0,1.0,1.0,0.0,0.0,2.8,3.3,2.55,2.92,3.26,2.68,3.38,3.34,2.34,2.83,3.25,2.61
2473,2020/21,2021-01-27,Man United,Sheffield United,1.0,2.0,A,0.0,1.0,P Bankes,16.0,5.0,4.0,3.0,7.0,2.0,10.0,12.0,1.0,1.0,0.0,0.0,1.25,6.0,11.0,1.29,6.21,11.4,1.28,6.26,11.23,1.28,5.94,10.6
2474,2020/21,2021-01-28,Tottenham,Liverpool,1.0,3.0,A,0.0,1.0,M Atkinson,3.0,14.0,2.0,7.0,1.0,2.0,9.0,11.0,1.0,2.0,0.0,0.0,3.2,3.6,2.2,3.33,3.61,2.25,3.69,3.9,2.02,3.22,3.54,2.22
2475,2020/21,2021-01-30,Arsenal,Man United,0.0,0.0,D,0.0,0.0,M Oliver,17.0,14.0,3.0,3.0,4.0,7.0,9.0,16.0,1.0,3.0,0.0,0.0,2.8,3.5,2.45,2.93,3.46,2.55,3.6,3.7,2.11,2.86,3.4,2.51
2476,2020/21,2021-01-30,Crystal Palace,Wolves,1.0,0.0,H,0.0,0.0,S Hooper,11.0,6.0,2.0,4.0,1.0,6.0,7.0,10.0,1.0,2.0,0.0,0.0,2.87,3.2,2.55,3.05,3.15,2.65,2.99,3.18,2.68,2.96,3.1,2.61
2477,2020/21,2021-01-30,Everton,Newcastle,0.0,2.0,A,0.0,0.0,S Attwell,11.0,13.0,3.0,3.0,7.0,12.0,13.0,6.0,3.0,4.0,0.0,0.0,1.55,4.0,6.5,1.61,4.03,6.49,1.56,4.17,6.83,1.59,3.95,6.27
2478,2020/21,2021-01-30,Man City,Sheffield United,1.0,0.0,H,1.0,0.0,D Coote,10.0,4.0,5.0,1.0,10.0,0.0,7.0,10.0,0.0,3.0,0.0,0.0,1.12,9.0,18.0,1.13,9.43,26.18,1.19,7.29,18.12,1.13,8.75,21.73
2479,2020/21,2021-01-30,Southampton,Aston Villa,0.0,1.0,A,0.0,1.0,L Mason,20.0,8.0,5.0,4.0,7.0,1.0,12.0,11.0,1.0,0.0,0.0,0.0,2.8,3.6,2.37,2.9,3.73,2.44,3.37,3.74,2.18,2.86,3.59,2.41
2480,2020/21,2021-01-30,West Brom,Fulham,2.0,2.0,D,0.0,1.0,A Taylor,5.0,12.0,3.0,7.0,2.0,3.0,9.0,10.0,1.0,0.0,0.0,0.0,3.3,3.2,2.3,3.43,3.26,2.36,3.6,3.41,2.22,3.33,3.19,2.32
2481,2020/21,2021-01-31,Brighton,Tottenham,1.0,0.0,H,1.0,0.0,P Bankes,16.0,8.0,5.0,4.0,9.0,2.0,11.0,11.0,2.0,1.0,0.0,0.0,3.2,3.4,2.25,3.18,3.46,2.39,3.12,3.43,2.44,3.12,3.36,2.35
2482,2020/21,2021-01-31,Chelsea,Burnley,2.0,0.0,H,1.0,0.0,G Scott,19.0,1.0,8.0,0.0,4.0,2.0,7.0,9.0,0.0,1.0,0.0,0.0,1.33,5.0,9.5,1.36,5.25,10.02,1.36,5.2,9.96,1.34,5.15,9.64
2483,2020/21,2021-01-31,Leicester,Leeds,1.0,3.0,A,1.0,1.0,C Kavanagh,18.0,8.0,8.0,7.0,6.0,4.0,17.0,16.0,0.0,3.0,0.0,0.0,1.8,4.0,4.2,1.81,4.18,4.27,1.87,3.93,4.28,1.82,4.02,4.11
2484,2020/21,2021-01-31,West Ham,Liverpool,1.0,3.0,A,0.0,0.0,J Moss,8.0,14.0,2.0,5.0,6.0,5.0,7.0,8.0,2.0,0.0,0.0,0.0,4.33,4.0,1.75,4.65,4.1,1.77,3.66,3.53,2.14,4.39,3.99,1.77
2485,2020/21,2021-02-02,Man United,Southampton,9.0,0.0,H,4.0,0.0,M Dean,24.0,3.0,14.0,1.0,5.0,3.0,11.0,6.0,2.0,3.0,0.0,2.0,1.4,4.75,7.0,1.46,4.81,7.59,1.45,4.95,7.33,1.44,4.73,7.22
2486,2020/21,2021-02-02,Newcastle,Crystal Palace,1.0,2.0,A,1.0,2.0,D England,21.0,6.0,5.0,3.0,9.0,1.0,14.0,11.0,1.0,3.0,0.0,0.0,2.8,3.2,2.6,3.01,3.16,2.68,3.01,3.45,2.49,2.91,3.15,2.63
2487,2020/21,2021-02-02,Sheffield United,West Brom,2.0,1.0,H,0.0,1.0,P Tierney,14.0,8.0,6.0,4.0,9.0,2.0,11.0,9.0,2.0,1.0,0.0,0.0,2.0,3.3,4.0,2.11,3.33,4.03,2.2,3.36,3.68,2.05,3.3,3.99
2488,2020/21,2021-02-02,Wolves,Arsenal,2.0,1.0,H,1.0,1.0,C Pawson,11.0,9.0,7.0,3.0,9.0,6.0,11.0,8.0,3.0,2.0,0.0,2.0,3.6,3.3,2.1,3.71,3.36,2.2,3.72,3.34,2.2,3.63,3.29,2.17
2489,2020/21,2021-02-03,Aston Villa,West Ham,1.0,3.0,A,0.0,0.0,A Madley,9.0,20.0,2.0,10.0,7.0,3.0,11.0,15.0,1.0,1.0,0.0,0.0,2.2,3.4,3.25,2.23,3.5,3.46,2.46,3.57,2.98,2.21,3.43,3.33
2490,2020/21,2021-02-03,Burnley,Man City,0.0,2.0,A,0.0,2.0,M Atkinson,2.0,17.0,0.0,6.0,1.0,3.0,8.0,5.0,2.0,1.0,0.0,0.0,13.0,7.0,1.2,14.8,6.57,1.23,17.18,6.69,1.22,14.33,6.54,1.22
2491,2020/21,2021-02-03,Fulham,Leicester,0.0,2.0,A,0.0,2.0,R Jones,8.0,9.0,1.0,5.0,5.0,2.0,17.0,10.0,3.0,1.0,0.0,0.0,4.0,3.5,1.9,4.12,3.56,2.0,3.9,3.34,2.14,4.0,3.49,1.97
2492,2020/21,2021-02-03,Leeds,Everton,1.0,2.0,A,0.0,2.0,M Oliver,16.0,10.0,7.0,6.0,7.0,1.0,12.0,12.0,2.0,3.0,0.0,0.0,2.5,3.5,2.7,2.51,3.71,2.82,2.65,3.51,2.78,2.47,3.63,2.75
2493,2020/21,2021-02-03,Liverpool,Brighton,0.0,1.0,A,0.0,0.0,K Friend,11.0,13.0,1.0,4.0,6.0,3.0,12.0,6.0,1.0,0.0,0.0,0.0,1.33,5.25,9.0,1.37,5.5,8.87,1.52,4.68,6.57,1.36,5.23,8.38
2494,2020/21,2021-02-04,Tottenham,Chelsea,0.0,1.0,A,0.0,1.0,A Marriner,7.0,18.0,2.0,2.0,2.0,7.0,20.0,14.0,2.0,3.0,0.0,0.0,3.5,3.4,2.1,3.58,3.52,2.18,4.11,3.59,1.99,3.48,3.43,2.16
2495,2020/21,2021-02-06,Aston Villa,Arsenal,1.0,0.0,H,1.0,0.0,C Kavanagh,12.0,14.0,8.0,3.0,3.0,7.0,12.0,12.0,3.0,2.0,0.0,0.0,2.62,3.5,2.6,2.84,3.51,2.6,3.05,3.5,2.45,2.74,3.47,2.56
2496,2020/21,2021-02-06,Burnley,Brighton,1.0,1.0,D,0.0,1.0,A Taylor,20.0,10.0,7.0,2.0,8.0,7.0,8.0,10.0,2.0,0.0,0.0,0.0,3.6,3.1,2.2,3.74,3.21,2.26,3.66,3.24,2.27,3.58,3.17,2.22
2497,2020/21,2021-02-06,Fulham,West Ham,0.0,0.0,D,0.0,0.0,M Dean,20.0,8.0,2.0,1.0,7.0,3.0,11.0,10.0,1.0,2.0,0.0,1.0,3.6,3.5,2.05,3.66,3.56,2.13,4.07,3.67,1.98,3.57,3.46,2.1
2498,2020/21,2021-02-06,Man United,Everton,3.0,3.0,D,2.0,0.0,J Moss,14.0,6.0,5.0,3.0,5.0,1.0,14.0,10.0,2.0,1.0,0.0,0.0,1.53,4.2,6.0,1.57,4.35,6.22,1.64,4.25,5.61,1.56,4.26,5.99
2499,2020/21,2021-02-06,Newcastle,Southampton,3.0,2.0,H,3.0,1.0,C Pawson,6.0,14.0,4.0,5.0,0.0,7.0,11.0,14.0,2.0,1.0,1.0,0.0,3.0,3.3,2.4,3.06,3.32,2.54,3.39,3.64,2.21,2.99,3.27,2.47
2500,2020/21,2021-02-07,Liverpool,Man City,1.0,4.0,A,0.0,0.0,M Oliver,8.0,8.0,3.0,5.0,6.0,1.0,13.0,8.0,2.0,1.0,0.0,0.0,3.4,3.6,2.05,3.44,3.7,2.17,3.15,3.69,2.3,3.37,3.63,2.12
2501,2020/21,2021-02-07,Sheffield United,Chelsea,1.0,2.0,A,0.0,1.0,K Friend,8.0,9.0,3.0,3.0,1.0,8.0,8.0,8.0,1.0,0.0,0.0,0.0,7.0,4.5,1.45,7.64,4.46,1.49,6.96,4.36,1.53,7.18,4.38,1.48
2502,2020/21,2021-02-07,Tottenham,West Brom,2.0,0.0,H,0.0,0.0,S Attwell,13.0,4.0,6.0,1.0,8.0,0.0,16.0,12.0,1.0,2.0,0.0,0.0,1.45,4.5,7.0,1.47,4.58,7.81,1.4,5.04,8.69,1.46,4.51,7.23
2503,2020/21,2021-02-07,Wolves,Leicester,0.0,0.0,D,0.0,0.0,M Atkinson,13.0,13.0,1.0,3.0,8.0,2.0,11.0,15.0,1.0,3.0,0.0,0.0,3.5,3.4,2.1,3.63,3.49,2.17,3.51,3.32,2.3,3.52,3.37,2.16
2504,2020/21,2021-02-08,Leeds,Crystal Palace,2.0,0.0,H,1.0,0.0,A Marriner,17.0,8.0,7.0,3.0,5.0,3.0,7.0,8.0,0.0,2.0,0.0,0.0,1.8,3.8,4.2,1.88,3.93,4.24,1.79,3.67,5.13,1.86,3.82,4.06
2505,2020/21,2021-02-13,Brighton,Aston Villa,0.0,0.0,D,0.0,0.0,D England,26.0,4.0,9.0,1.0,9.0,2.0,16.0,12.0,2.0,3.0,0.0,0.0,2.7,3.5,2.5,2.85,3.51,2.59,2.87,3.45,2.61,2.77,3.4,2.56
2506,2020/21,2021-02-13,Crystal Palace,Burnley,0.0,3.0,A,0.0,2.0,M Oliver,13.0,16.0,3.0,4.0,7.0,4.0,15.0,14.0,0.0,0.0,0.0,0.0,2.37,3.1,3.2,2.54,3.18,3.19,2.91,3.25,2.7,2.42,3.11,3.22
2507,2020/21,2021-02-13,Leicester,Liverpool,3.0,1.0,H,0.0,0.0,A Taylor,11.0,15.0,6.0,4.0,2.0,12.0,9.0,6.0,1.0,2.0,0.0,0.0,3.5,3.4,2.1,3.5,3.53,2.2,3.96,4.02,1.92,3.45,3.49,2.14
2508,2020/21,2021-02-13,Man City,Tottenham,3.0,0.0,H,1.0,0.0,P Tierney,15.0,7.0,6.0,3.0,4.0,2.0,12.0,13.0,1.0,3.0,0.0,0.0,1.28,5.75,9.5,1.35,5.91,8.75,1.34,5.94,9.05,1.33,5.56,8.65
2509,2020/21,2021-02-14,Arsenal,Leeds,4.0,2.0,H,3.0,0.0,S Attwell,13.0,9.0,5.0,5.0,4.0,5.0,8.0,17.0,0.0,2.0,0.0,0.0,1.83,3.8,4.0,1.93,3.79,4.1,1.85,3.9,4.42,1.89,3.77,3.98
2510,2020/21,2021-02-14,Everton,Fulham,0.0,2.0,A,0.0,0.0,A Madley,7.0,12.0,2.0,3.0,5.0,4.0,7.0,16.0,1.0,1.0,0.0,0.0,1.85,3.6,4.2,1.96,3.61,4.24,2.03,3.47,4.13,1.93,3.53,4.09
2511,2020/21,2021-02-14,Southampton,Wolves,1.0,2.0,A,1.0,0.0,G Scott,7.0,10.0,3.0,4.0,4.0,6.0,10.0,9.0,2.0,2.0,0.0,0.0,2.37,3.2,3.1,2.44,3.28,3.25,2.27,3.29,3.6,2.42,3.21,3.12
2512,2020/21,2021-02-14,West Brom,Man United,1.0,1.0,D,1.0,1.0,C Pawson,7.0,10.0,3.0,7.0,4.0,5.0,13.0,10.0,5.0,0.0,0.0,0.0,10.0,5.5,1.3,9.65,5.71,1.34,9.8,6.02,1.32,9.19,5.52,1.33
2513,2020/21,2021-02-15,Chelsea,Newcastle,2.0,0.0,H,2.0,0.0,P Bankes,18.0,10.0,5.0,4.0,10.0,5.0,9.0,13.0,0.0,0.0,0.0,0.0,1.22,6.5,12.0,1.26,6.85,11.46,1.28,6.11,12.8,1.24,6.36,11.97
2514,2020/21,2021-02-15,West Ham,Sheffield United,3.0,0.0,H,1.0,0.0,S Hooper,13.0,8.0,9.0,5.0,7.0,7.0,11.0,12.0,0.0,2.0,0.0,0.0,1.66,3.75,5.25,1.75,3.82,5.26,2.07,3.37,4.11,1.73,3.74,5.04
2515,2020/21,2021-02-17,Burnley,Fulham,1.0,1.0,D,0.0,0.0,J Moss,8.0,8.0,3.0,3.0,5.0,5.0,7.0,13.0,1.0,1.0,0.0,0.0,2.75,3.2,2.7,2.87,3.19,2.77,3.05,3.15,2.66,2.77,3.15,2.72
2516,2020/21,2021-02-17,Everton,Man City,1.0,3.0,A,1.0,1.0,A Marriner,3.0,16.0,2.0,7.0,0.0,10.0,8.0,8.0,2.0,1.0,0.0,0.0,8.5,5.5,1.33,8.77,5.62,1.36,12.07,6.04,1.28,8.56,5.33,1.35
2517,2020/21,2021-02-19,Wolves,Leeds,1.0,0.0,H,0.0,0.0,D Coote,15.0,18.0,5.0,7.0,7.0,9.0,13.0,8.0,1.0,0.0,0.0,0.0,2.37,3.3,3.0,2.41,3.42,3.17,2.34,3.44,3.28,2.38,3.36,3.08
2518,2020/21,2021-02-20,Burnley,West Brom,0.0,0.0,D,0.0,0.0,M Dean,6.0,10.0,1.0,3.0,5.0,5.0,16.0,10.0,3.0,0.0,0.0,1.0,2.0,3.3,4.0,2.06,3.41,4.12,2.18,3.36,3.77,2.04,3.31,3.96
2519,2020/21,2021-02-20,Fulham,Sheffield United,1.0,0.0,H,0.0,0.0,M Atkinson,15.0,4.0,7.0,2.0,6.0,4.0,11.0,14.0,1.0,2.0,0.0,0.0,2.15,3.2,3.6,2.23,3.24,3.77,1.97,3.43,4.45,2.2,3.19,3.61
2520,2020/21,2021-02-20,Liverpool,Everton,0.0,2.0,A,0.0,1.0,C Kavanagh,15.0,9.0,6.0,6.0,7.0,2.0,10.0,10.0,2.0,1.0,0.0,0.0,1.44,4.5,7.0,1.5,4.64,6.94,1.38,5.42,8.5,1.47,4.59,6.79
2521,2020/21,2021-02-20,Southampton,Chelsea,1.0,1.0,D,1.0,0.0,A Taylor,4.0,9.0,1.0,3.0,3.0,6.0,10.0,10.0,1.0,1.0,0.0,0.0,5.0,3.8,1.7,5.11,3.88,1.75,4.55,3.78,1.85,4.93,3.76,1.74
2522,2020/21,2021-02-21,Arsenal,Man City,0.0,1.0,A,0.0,1.0,J Moss,7.0,15.0,1.0,3.0,1.0,3.0,11.0,9.0,2.0,2.0,0.0,0.0,6.5,4.33,1.5,6.42,4.54,1.54,7.22,4.64,1.49,6.27,4.36,1.53
2523,2020/21,2021-02-21,Aston Villa,Leicester,1.0,2.0,A,0.0,2.0,M Oliver,11.0,16.0,2.0,7.0,7.0,8.0,11.0,12.0,2.0,1.0,0.0,0.0,2.87,3.5,2.4,2.94,3.55,2.49,3.68,3.76,2.06,2.87,3.5,2.44
2524,2020/21,2021-02-21,Man United,Newcastle,3.0,1.0,H,1.0,1.0,P Tierney,15.0,10.0,7.0,6.0,6.0,4.0,9.0,11.0,1.0,2.0,0.0,0.0,1.28,5.5,10.0,1.31,5.85,10.95,1.35,5.36,10.03,1.3,5.75,10.27
2525,2020/21,2021-02-21,West Ham,Tottenham,2.0,1.0,H,1.0,0.0,C Pawson,4.0,20.0,4.0,4.0,5.0,7.0,14.0,7.0,4.0,3.0,0.0,0.0,2.62,3.4,2.7,2.73,3.38,2.78,3.18,3.54,2.35,2.64,3.33,2.73
2526,2020/21,2021-02-22,Brighton,Crystal Palace,1.0,2.0,A,0.0,1.0,K Friend,25.0,3.0,5.0,2.0,13.0,0.0,11.0,6.0,2.0,0.0,0.0,0.0,1.7,3.5,5.5,1.75,3.61,5.64,1.79,3.53,5.47,1.74,3.53,5.36
2527,2020/21,2021-02-23,Leeds,Southampton,3.0,0.0,H,0.0,0.0,A Marriner,11.0,13.0,7.0,5.0,2.0,4.0,11.0,13.0,1.0,2.0,0.0,0.0,2.25,3.5,3.1,2.4,3.52,3.12,2.22,3.62,3.39,2.34,3.47,3.06
2528,2020/21,2021-02-27,Leeds,Aston Villa,0.0,1.0,A,0.0,1.0,P Bankes,13.0,9.0,3.0,4.0,7.0,5.0,14.0,14.0,3.0,2.0,0.0,0.0,2.15,3.6,3.2,2.25,3.74,3.22,2.05,3.91,3.59,2.23,3.63,3.12
2529,2020/21,2021-02-27,Man City,West Ham,2.0,1.0,H,1.0,1.0,M Oliver,10.0,9.0,3.0,3.0,4.0,2.0,8.0,11.0,1.0,1.0,0.0,0.0,1.22,6.5,12.0,1.24,6.76,13.19,1.29,6.33,11.01,1.23,6.55,12.55
2530,2020/21,2021-02-27,Newcastle,Wolves,1.0,1.0,D,0.0,0.0,M Dean,19.0,14.0,7.0,4.0,3.0,5.0,11.0,13.0,2.0,0.0,0.0,0.0,3.5,3.2,2.2,3.56,3.16,2.36,3.78,3.25,2.22,3.51,3.12,2.28
2531,2020/21,2021-02-27,West Brom,Brighton,1.0,0.0,H,1.0,0.0,L Mason,6.0,15.0,2.0,6.0,7.0,4.0,11.0,12.0,0.0,0.0,0.0,0.0,4.2,3.3,1.95,4.22,3.53,1.99,4.61,3.7,1.86,4.14,3.44,1.96
2532,2020/21,2021-02-28,Chelsea,Man United,0.0,0.0,D,0.0,0.0,S Attwell,18.0,11.0,6.0,4.0,3.0,4.0,11.0,12.0,1.0,2.0,0.0,0.0,2.15,3.4,3.4,2.3,3.34,3.47,2.42,3.32,3.24,2.27,3.29,3.35
2533,2020/21,2021-02-28,Crystal Palace,Fulham,0.0,0.0,D,0.0,0.0,A Taylor,3.0,16.0,0.0,4.0,1.0,3.0,10.0,14.0,1.0,1.0,0.0,0.0,3.5,3.2,2.2,3.62,3.24,2.29,3.54,3.25,2.32,3.49,3.17,2.26
2534,2020/21,2021-02-28,Leicester,Arsenal,1.0,3.0,A,1.0,2.0,P Tierney,8.0,12.0,3.0,4.0,2.0,7.0,15.0,3.0,2.0,1.0,0.0,0.0,2.5,3.4,2.8,2.61,3.38,2.92,2.33,3.4,3.36,2.51,3.34,2.89
2535,2020/21,2021-02-28,Sheffield United,Liverpool,0.0,2.0,A,0.0,0.0,J Moss,8.0,16.0,2.0,8.0,4.0,3.0,9.0,9.0,0.0,0.0,0.0,0.0,8.0,5.0,1.36,7.95,5.19,1.41,8.48,5.5,1.38,7.56,4.94,1.41
2536,2020/21,2021-02-28,Tottenham,Burnley,4.0,0.0,H,3.0,0.0,K Friend,16.0,10.0,7.0,3.0,3.0,4.0,6.0,10.0,0.0,0.0,0.0,0.0,1.53,4.0,6.5,1.56,4.1,7.22,1.52,4.41,6.99,1.55,4.04,6.66
2537,2020/21,2021-03-01,Everton,Southampton,1.0,0.0,H,1.0,0.0,M Atkinson,7.0,9.0,1.0,1.0,4.0,10.0,13.0,9.0,0.0,2.0,0.0,0.0,2.15,3.5,3.3,2.21,3.58,3.44,2.2,3.55,3.49,2.19,3.45,3.34
2538,2020/21,2021-03-02,Man City,Wolves,4.0,1.0,H,1.0,0.0,C Kavanagh,22.0,6.0,10.0,1.0,10.0,2.0,9.0,5.0,0.0,1.0,0.0,0.0,1.18,7.0,15.0,1.23,6.38,16.42,1.21,6.96,15.9,1.22,6.41,15.26
2539,2020/21,2021-03-03,Burnley,Leicester,1.0,1.0,D,1.0,1.0,A Madley,12.0,15.0,7.0,4.0,5.0,8.0,6.0,12.0,0.0,2.0,0.0,0.0,4.0,3.25,2.0,4.1,3.29,2.11,3.89,3.13,2.24,3.97,3.3,2.05
2540,2020/21,2021-03-03,Crystal Palace,Man United,0.0,0.0,D,0.0,0.0,A Marriner,8.0,11.0,2.0,1.0,4.0,6.0,4.0,13.0,1.0,0.0,0.0,0.0,8.0,4.75,1.4,8.18,4.7,1.45,7.73,4.61,1.47,7.56,4.6,1.44
2541,2020/21,2021-03-03,Sheffield United,Aston Villa,1.0,0.0,H,1.0,0.0,R Jones,9.0,16.0,2.0,4.0,2.0,7.0,13.0,6.0,1.0,0.0,1.0,0.0,3.75,3.4,2.05,3.77,3.58,2.09,3.59,3.39,2.23,3.73,3.44,2.07
2542,2020/21,2021-03-04,Fulham,Tottenham,0.0,1.0,A,0.0,1.0,D Coote,11.0,9.0,3.0,2.0,4.0,1.0,13.0,9.0,2.0,1.0,0.0,0.0,4.0,3.6,1.9,4.02,3.66,2.0,3.95,3.39,2.11,3.95,3.57,1.96
2543,2020/21,2021-03-04,Liverpool,Chelsea,0.0,1.0,A,0.0,1.0,M Atkinson,7.0,11.0,1.0,5.0,5.0,2.0,9.0,8.0,0.0,0.0,0.0,0.0,2.25,3.6,3.0,2.28,3.69,3.2,2.26,3.52,3.37,2.26,3.59,3.1
2544,2020/21,2021-03-04,West Brom,Everton,0.0,1.0,A,0.0,0.0,D England,11.0,11.0,3.0,3.0,3.0,3.0,9.0,7.0,3.0,1.0,0.0,0.0,4.33,3.6,1.83,4.49,3.77,1.87,3.99,3.54,2.04,4.43,3.67,1.84
2545,2020/21,2021-03-06,Aston Villa,Wolves,0.0,0.0,D,0.0,0.0,A Madley,9.0,10.0,1.0,2.0,5.0,3.0,13.0,13.0,1.0,0.0,0.0,0.0,2.37,3.25,3.1,2.48,3.18,3.28,2.7,3.13,3.02,2.42,3.2,3.14
2546,2020/21,2021-03-06,Brighton,Leicester,1.0,2.0,A,1.0,0.0,M Oliver,7.0,8.0,2.0,4.0,6.0,6.0,14.0,8.0,0.0,1.0,0.0,0.0,2.55,3.25,2.8,2.54,3.37,3.02,2.52,3.25,3.14,2.56,3.24,2.9
2547,2020/21,2021-03-06,Burnley,Arsenal,1.0,1.0,D,1.0,1.0,A Marriner,9.0,15.0,5.0,3.0,2.0,4.0,5.0,12.0,1.0,1.0,0.0,0.0,5.5,4.0,1.61,5.73,4.02,1.66,5.18,3.7,1.78,5.48,3.94,1.64
2548,2020/21,2021-03-06,Sheffield United,Southampton,0.0,2.0,A,0.0,1.0,P Tierney,8.0,15.0,2.0,5.0,7.0,3.0,17.0,11.0,4.0,3.0,0.0,0.0,3.6,3.5,2.0,3.77,3.43,2.14,3.74,3.34,2.19,3.67,3.4,2.09
2549,2020/21,2021-03-07,Liverpool,Fulham,0.0,1.0,A,0.0,1.0,K Friend,16.0,10.0,3.0,3.0,9.0,4.0,10.0,8.0,2.0,3.0,0.0,0.0,1.36,5.0,8.5,1.42,4.92,8.54,1.67,4.03,5.68,1.38,4.98,8.39
2550,2020/21,2021-03-07,Man City,Man United,0.0,2.0,A,0.0,1.0,A Taylor,23.0,8.0,6.0,6.0,6.0,2.0,9.0,12.0,0.0,3.0,0.0,0.0,1.45,4.5,7.0,1.52,4.45,6.97,1.51,4.48,7.2,1.5,4.35,6.74
2551,2020/21,2021-03-07,Tottenham,Crystal Palace,4.0,1.0,H,1.0,1.0,S Attwell,12.0,5.0,5.0,1.0,1.0,5.0,8.0,17.0,2.0,3.0,0.0,0.0,1.45,4.5,7.0,1.5,4.53,7.36,1.56,4.17,6.87,1.47,4.48,7.11
2552,2020/21,2021-03-07,West Brom,Newcastle,0.0,0.0,D,0.0,0.0,M Atkinson,13.0,9.0,3.0,5.0,9.0,7.0,11.0,10.0,0.0,0.0,0.0,0.0,2.37,3.2,3.1,2.47,3.29,3.19,2.32,3.29,3.48,2.45,3.2,3.09
2553,2020/21,2021-03-08,Chelsea,Everton,2.0,0.0,H,1.0,0.0,D Coote,19.0,7.0,9.0,1.0,7.0,3.0,11.0,12.0,0.0,3.0,0.0,0.0,1.53,4.0,6.5,1.55,4.33,6.72,1.68,3.95,5.74,1.55,4.14,6.29
2554,2020/21,2021-03-08,West Ham,Leeds,2.0,0.0,H,2.0,0.0,M Dean,16.0,17.0,5.0,2.0,6.0,6.0,9.0,9.0,1.0,1.0,0.0,0.0,2.05,3.6,3.5,2.14,3.67,3.55,2.25,3.61,3.33,2.09,3.59,3.46
2555,2020/21,2021-03-10,Man City,Southampton,5.0,2.0,H,3.0,1.0,J Moss,17.0,11.0,10.0,6.0,5.0,5.0,6.0,4.0,1.0,0.0,0.0,0.0,1.18,7.5,15.0,1.22,7.28,14.8,1.18,7.78,18.52,1.21,6.91,14.17
2556,2020/21,2021-03-12,Newcastle,Aston Villa,1.0,1.0,D,0.0,0.0,P Tierney,12.0,15.0,3.0,6.0,2.0,2.0,10.0,10.0,2.0,3.0,0.0,0.0,3.8,3.3,2.05,3.86,3.38,2.14,3.8,3.42,2.14,3.8,3.33,2.09
2557,2020/21,2021-03-13,Crystal Palace,West Brom,1.0,0.0,H,1.0,0.0,S Hooper,6.0,12.0,4.0,1.0,3.0,2.0,16.0,15.0,3.0,1.0,0.0,0.0,2.15,3.2,3.6,2.31,3.19,3.63,2.39,3.16,3.48,2.24,3.17,3.55
2558,2020/21,2021-03-13,Everton,Burnley,1.0,2.0,A,1.0,2.0,J Moss,14.0,14.0,4.0,5.0,7.0,4.0,9.0,6.0,0.0,4.0,0.0,0.0,1.83,3.5,4.5,1.93,3.52,4.54,2.05,3.35,4.23,1.88,3.49,4.42
2559,2020/21,2021-03-13,Fulham,Man City,0.0,3.0,A,0.0,0.0,A Marriner,3.0,8.0,0.0,7.0,4.0,2.0,14.0,13.0,0.0,0.0,0.0,0.0,10.0,5.0,1.33,10.46,5.04,1.37,8.36,4.76,1.44,9.63,4.98,1.35
2560,2020/21,2021-03-13,Leeds,Chelsea,0.0,0.0,D,0.0,0.0,K Friend,7.0,15.0,4.0,8.0,8.0,5.0,16.0,6.0,3.0,0.0,0.0,0.0,4.75,4.0,1.7,4.69,3.99,1.78,5.3,3.99,1.71,4.57,3.9,1.76
2561,2020/21,2021-03-14,Arsenal,Tottenham,2.0,1.0,H,1.0,1.0,M Oliver,13.0,6.0,3.0,3.0,6.0,3.0,12.0,14.0,1.0,2.0,0.0,1.0,2.55,3.4,2.75,2.65,3.38,2.87,2.73,3.34,2.81,2.56,3.34,2.82
2562,2020/21,2021-03-14,Leicester,Sheffield United,5.0,0.0,H,1.0,0.0,P Bankes,19.0,1.0,10.0,0.0,9.0,1.0,10.0,9.0,0.0,2.0,0.0,0.0,1.5,4.2,6.5,1.56,4.16,6.87,1.56,3.96,7.64,1.54,4.12,6.6
2563,2020/21,2021-03-14,Man United,West Ham,1.0,0.0,H,0.0,0.0,M Atkinson,15.0,7.0,4.0,0.0,6.0,3.0,12.0,2.0,4.0,0.0,0.0,0.0,1.83,3.6,4.33,1.88,3.63,4.59,1.81,3.68,5.05,1.86,3.57,4.42
2564,2020/21,2021-03-14,Southampton,Brighton,1.0,2.0,A,1.0,1.0,S Attwell,9.0,8.0,4.0,6.0,4.0,5.0,11.0,10.0,0.0,0.0,0.0,0.0,2.9,3.1,2.5,3.03,3.14,2.68,3.34,3.25,2.41,2.98,3.07,2.6
2565,2020/21,2021-03-15,Wolves,Liverpool,0.0,1.0,A,0.0,1.0,C Pawson,10.0,12.0,5.0,4.0,3.0,2.0,17.0,10.0,2.0,1.0,0.0,0.0,4.75,3.75,1.72,4.93,3.86,1.78,5.93,3.95,1.66,4.81,3.74,1.76
2566,2020/21,2021-03-19,Fulham,Leeds,1.0,2.0,A,1.0,1.0,D Coote,13.0,13.0,6.0,4.0,13.0,7.0,13.0,12.0,2.0,2.0,0.0,0.0,2.37,3.4,3.0,2.48,3.42,3.07,2.56,3.45,2.94,2.43,3.35,3.0
2567,2020/21,2021-03-20,Brighton,Newcastle,3.0,0.0,H,1.0,0.0,A Taylor,11.0,3.0,6.0,1.0,3.0,1.0,12.0,5.0,0.0,1.0,0.0,0.0,1.66,3.5,6.0,1.67,3.61,6.73,1.76,3.64,5.55,1.66,3.54,6.24
2568,2020/21,2021-03-21,Aston Villa,Tottenham,0.0,2.0,A,0.0,1.0,M Dean,8.0,9.0,1.0,3.0,5.0,8.0,18.0,13.0,3.0,2.0,0.0,0.0,2.9,3.3,2.45,3.03,3.46,2.48,3.12,3.54,2.39,2.97,3.38,2.42
2569,2020/21,2021-03-21,West Ham,Arsenal,3.0,3.0,D,3.0,1.0,J Moss,15.0,16.0,5.0,7.0,3.0,5.0,18.0,8.0,3.0,1.0,0.0,0.0,2.8,3.5,2.45,2.9,3.49,2.56,3.54,3.56,2.18,2.83,3.43,2.5
2570,2020/21,2021-04-03,Arsenal,Liverpool,0.0,3.0,A,0.0,0.0,S Attwell,3.0,16.0,2.0,7.0,1.0,2.0,10.0,10.0,1.0,1.0,0.0,0.0,3.1,3.7,2.15,3.18,3.66,2.3,2.94,3.69,2.43,3.13,3.56,2.26
2571,2020/21,2021-04-03,Chelsea,West Brom,2.0,5.0,A,1.0,2.0,D Coote,18.0,14.0,8.0,7.0,10.0,3.0,11.0,6.0,1.0,1.0,1.0,0.0,1.22,6.0,15.0,1.22,6.5,16.63,1.3,5.73,12.2,1.22,6.33,14.99
2572,2020/21,2021-04-03,Leeds,Sheffield United,2.0,1.0,H,1.0,1.0,G Scott,23.0,9.0,8.0,1.0,5.0,7.0,12.0,13.0,1.0,2.0,0.0,0.0,1.5,4.33,6.5,1.53,4.56,6.51,1.6,4.17,6.25,1.52,4.4,6.36
2573,2020/21,2021-04-03,Leicester,Man City,0.0,2.0,A,0.0,0.0,A Taylor,5.0,11.0,2.0,4.0,1.0,1.0,13.0,12.0,2.0,3.0,0.0,0.0,6.0,4.2,1.53,6.24,4.12,1.61,5.2,3.86,1.75,6.16,4.07,1.57
2574,2020/21,2021-04-04,Aston Villa,Fulham,3.0,1.0,H,0.0,0.0,A Madley,14.0,15.0,4.0,7.0,4.0,4.0,14.0,20.0,1.0,2.0,0.0,0.0,2.25,3.3,3.3,2.32,3.36,3.4,2.6,3.28,3.02,2.28,3.29,3.32
2575,2020/21,2021-04-04,Man United,Brighton,2.0,1.0,H,0.0,1.0,M Dean,15.0,5.0,7.0,3.0,5.0,6.0,14.0,7.0,2.0,2.0,0.0,0.0,1.61,4.0,5.5,1.67,4.04,5.59,1.67,4.06,5.6,1.64,3.97,5.39
2576,2020/21,2021-04-04,Newcastle,Tottenham,2.0,2.0,D,1.0,2.0,C Pawson,22.0,11.0,6.0,5.0,7.0,3.0,13.0,14.0,3.0,2.0,0.0,0.0,5.5,4.0,1.6,5.66,4.17,1.65,5.62,3.95,1.68,5.56,4.03,1.62
2577,2020/21,2021-04-04,Southampton,Burnley,3.0,2.0,H,2.0,2.0,A Marriner,24.0,7.0,9.0,5.0,6.0,7.0,11.0,10.0,0.0,0.0,0.0,0.0,2.05,3.3,3.8,2.11,3.36,3.97,2.03,3.45,4.16,2.1,3.29,3.78
2578,2020/21,2021-04-05,Everton,Crystal Palace,1.0,1.0,D,0.0,0.0,K Friend,15.0,13.0,7.0,6.0,3.0,4.0,10.0,10.0,2.0,0.0,0.0,0.0,1.75,3.5,5.0,1.84,3.54,5.07,1.89,3.47,4.8,1.8,3.46,4.91
2579,2020/21,2021-04-05,Wolves,West Ham,2.0,3.0,A,1.0,3.0,M Oliver,20.0,9.0,5.0,6.0,4.0,2.0,9.0,9.0,1.0,4.0,0.0,0.0,2.87,3.2,2.55,2.99,3.21,2.66,2.91,3.2,2.74,2.95,3.13,2.58
2580,2020/21,2021-04-09,Fulham,Wolves,0.0,1.0,A,0.0,0.0,J Moss,14.0,7.0,3.0,3.0,3.0,4.0,11.0,8.0,0.0,0.0,0.0,0.0,2.5,3.0,3.1,2.6,3.07,3.22,2.75,3.13,2.96,2.57,3.01,3.14
2581,2020/21,2021-04-10,Crystal Palace,Chelsea,1.0,4.0,A,0.0,3.0,M Oliver,1.0,23.0,1.0,10.0,0.0,8.0,7.0,12.0,1.0,0.0,0.0,0.0,7.0,3.8,1.53,7.31,4.12,1.55,7.75,4.23,1.52,6.95,3.98,1.54
2582,2020/21,2021-04-10,Liverpool,Aston Villa,2.0,1.0,H,0.0,1.0,P Tierney,23.0,9.0,10.0,5.0,7.0,0.0,16.0,11.0,2.0,4.0,0.0,0.0,1.5,4.33,6.5,1.53,4.6,6.49,1.46,4.79,7.53,1.52,4.51,6.22
2583,2020/21,2021-04-10,Man City,Leeds,1.0,2.0,A,0.0,1.0,A Marriner,29.0,2.0,7.0,2.0,9.0,3.0,12.0,15.0,3.0,1.0,0.0,1.0,1.28,5.75,10.0,1.31,5.97,10.38,1.39,5.32,8.5,1.3,5.92,9.56
2584,2020/21,2021-04-11,Burnley,Newcastle,1.0,2.0,A,1.0,0.0,A Taylor,24.0,10.0,4.0,5.0,13.0,3.0,11.0,12.0,1.0,0.0,0.0,0.0,2.3,3.1,3.4,2.41,3.18,3.43,2.27,3.44,3.43,2.34,3.12,3.39
2585,2020/21,2021-04-11,Sheffield United,Arsenal,0.0,3.0,A,0.0,1.0,P Bankes,7.0,14.0,2.0,5.0,2.0,4.0,9.0,6.0,1.0,1.0,0.0,0.0,6.5,3.75,1.57,6.16,4.03,1.63,5.58,4.05,1.67,6.15,3.97,1.59
2586,2020/21,2021-04-11,Tottenham,Man United,1.0,3.0,A,1.0,0.0,C Kavanagh,12.0,12.0,3.0,7.0,7.0,5.0,11.0,15.0,1.0,5.0,0.0,0.0,2.87,3.4,2.45,2.9,3.49,2.56,3.02,3.6,2.42,2.87,3.44,2.49
2587,2020/21,2021-04-11,West Ham,Leicester,3.0,2.0,H,2.0,0.0,M Dean,4.0,15.0,4.0,5.0,1.0,9.0,7.0,13.0,3.0,3.0,0.0,0.0,3.0,3.3,2.37,3.11,3.47,2.42,3.25,3.31,2.42,3.01,3.38,2.41
2588,2020/21,2021-04-12,Brighton,Everton,0.0,0.0,D,0.0,0.0,D England,23.0,8.0,3.0,1.0,10.0,3.0,12.0,7.0,1.0,2.0,0.0,0.0,2.25,3.3,3.3,2.33,3.29,3.45,2.15,3.51,3.67,2.3,3.26,3.31
2589,2020/21,2021-04-12,West Brom,Southampton,3.0,0.0,H,2.0,0.0,S Hooper,15.0,14.0,6.0,4.0,5.0,10.0,12.0,11.0,0.0,1.0,0.0,0.0,3.6,3.3,2.1,3.69,3.34,2.21,3.69,3.65,2.09,3.55,3.28,2.19
2590,2020/21,2021-04-16,Everton,Tottenham,2.0,2.0,D,1.0,1.0,M Oliver,18.0,12.0,7.0,3.0,6.0,3.0,8.0,8.0,1.0,1.0,0.0,0.0,3.4,3.5,2.1,3.46,3.56,2.21,3.59,3.46,2.2,3.42,3.47,2.17
2591,2020/21,2021-04-17,Newcastle,West Ham,3.0,2.0,H,2.0,0.0,K Friend,16.0,16.0,8.0,6.0,3.0,8.0,9.0,7.0,2.0,0.0,0.0,1.0,3.5,3.5,2.05,3.73,3.47,2.14,3.48,3.5,2.22,3.65,3.45,2.08
2592,2020/21,2021-04-17,Wolves,Sheffield United,1.0,0.0,H,0.0,0.0,R Jones,10.0,8.0,5.0,2.0,3.0,3.0,8.0,15.0,1.0,2.0,0.0,0.0,1.66,3.5,5.75,1.72,3.6,5.99,1.81,3.52,5.31,1.69,3.55,5.81
2593,2020/21,2021-04-18,Arsenal,Fulham,1.0,1.0,D,0.0,0.0,C Pawson,18.0,3.0,5.0,1.0,11.0,1.0,9.0,11.0,0.0,3.0,0.0,0.0,1.7,3.8,4.8,1.79,3.75,5.03,1.9,3.7,4.38,1.75,3.72,4.91
2594,2020/21,2021-04-18,Man United,Burnley,3.0,1.0,H,0.0,0.0,J Moss,17.0,10.0,9.0,3.0,8.0,3.0,9.0,12.0,1.0,2.0,0.0,0.0,1.33,5.25,9.0,1.38,5.09,9.52,1.39,5.23,8.59,1.36,5.05,9.25
2595,2020/21,2021-04-19,Leeds,Liverpool,1.0,1.0,D,0.0,1.0,A Taylor,12.0,17.0,5.0,7.0,10.0,8.0,17.0,15.0,2.0,1.0,0.0,0.0,4.5,4.33,1.66,4.85,4.36,1.7,5.44,4.47,1.62,4.7,4.26,1.68
2596,2020/21,2021-04-20,Chelsea,Brighton,0.0,0.0,D,0.0,0.0,S Attwell,7.0,11.0,4.0,2.0,0.0,3.0,8.0,9.0,2.0,0.0,0.0,1.0,1.57,4.0,6.0,1.63,3.85,6.66,1.69,3.74,6.02,1.61,3.85,6.26
2597,2020/21,2021-04-21,Aston Villa,Man City,1.0,2.0,A,1.0,2.0,P Bankes,8.0,13.0,3.0,3.0,1.0,11.0,12.0,7.0,0.0,1.0,1.0,1.0,9.0,4.75,1.36,8.85,5.02,1.4,9.64,5.47,1.34,8.68,4.88,1.38
2598,2020/21,2021-04-21,Tottenham,Southampton,2.0,1.0,H,0.0,1.0,D Coote,12.0,10.0,3.0,5.0,5.0,5.0,10.0,14.0,2.0,1.0,0.0,0.0,1.75,3.8,4.5,1.83,3.86,4.56,1.86,3.9,4.33,1.8,3.79,4.42
2599,2020/21,2021-04-22,Leicester,West Brom,3.0,0.0,H,3.0,0.0,A Madley,17.0,4.0,7.0,1.0,7.0,3.0,13.0,12.0,0.0,2.0,0.0,0.0,1.53,3.8,6.0,1.6,4.17,6.22,1.64,4.04,5.96,1.59,4.08,5.94
2600,2020/21,2021-04-23,Arsenal,Everton,0.0,1.0,A,0.0,0.0,J Moss,14.0,8.0,3.0,1.0,7.0,3.0,13.0,10.0,1.0,3.0,0.0,0.0,2.0,3.5,3.75,2.08,3.52,3.88,2.06,3.62,3.81,2.06,3.46,3.77
2601,2020/21,2021-04-24,Liverpool,Newcastle,1.0,1.0,D,1.0,0.0,A Marriner,22.0,7.0,9.0,4.0,6.0,3.0,9.0,7.0,2.0,1.0,0.0,0.0,1.22,6.5,12.0,1.26,6.53,12.17,1.22,7.14,12.64,1.24,6.38,12.06
2602,2020/21,2021-04-24,Sheffield United,Brighton,1.0,0.0,H,1.0,0.0,K Friend,7.0,17.0,3.0,4.0,2.0,12.0,13.0,7.0,3.0,0.0,0.0,0.0,5.25,3.4,1.75,5.54,3.67,1.75,6.43,3.94,1.61,5.33,3.56,1.74
2603,2020/21,2021-04-24,West Ham,Chelsea,0.0,1.0,A,0.0,1.0,C Kavanagh,9.0,17.0,2.0,6.0,4.0,2.0,9.0,11.0,0.0,4.0,1.0,0.0,4.75,3.6,1.75,4.91,3.88,1.78,5.09,3.97,1.72,4.74,3.75,1.77
2604,2020/21,2021-04-25,Aston Villa,West Brom,2.0,2.0,D,1.0,1.0,S Attwell,24.0,10.0,11.0,4.0,11.0,4.0,14.0,9.0,0.0,2.0,0.0,0.0,1.85,3.6,4.2,1.9,3.8,4.28,2.1,3.57,3.76,1.88,3.67,4.19
2605,2020/21,2021-04-25,Leeds,Man United,0.0,0.0,D,0.0,0.0,C Pawson,6.0,16.0,3.0,4.0,2.0,6.0,21.0,11.0,4.0,1.0,0.0,0.0,4.0,4.2,1.75,4.17,4.2,1.83,4.42,3.98,1.83,4.05,4.05,1.82
2606,2020/21,2021-04-25,Wolves,Burnley,0.0,4.0,A,0.0,3.0,D England,12.0,14.0,2.0,7.0,8.0,5.0,8.0,9.0,1.0,2.0,0.0,0.0,2.0,3.4,3.9,2.12,3.32,3.99,2.44,3.06,3.5,2.07,3.31,3.88
2607,2020/21,2021-04-26,Leicester,Crystal Palace,2.0,1.0,H,0.0,1.0,G Scott,13.0,4.0,5.0,2.0,7.0,2.0,13.0,12.0,0.0,1.0,0.0,0.0,1.4,4.33,8.5,1.48,4.36,8.24,1.44,4.75,8.25,1.47,4.26,7.71
2608,2020/21,2021-04-30,Southampton,Leicester,1.0,1.0,D,0.0,0.0,R Jones,5.0,23.0,3.0,9.0,0.0,10.0,9.0,13.0,1.0,0.0,1.0,0.0,3.8,3.8,1.9,3.87,3.92,1.96,4.21,3.81,1.91,3.82,3.81,1.94
2609,2020/21,2021-05-01,Brighton,Leeds,2.0,0.0,H,1.0,0.0,C Kavanagh,17.0,11.0,5.0,2.0,2.0,9.0,17.0,6.0,1.0,1.0,0.0,0.0,2.05,3.5,3.5,2.19,3.52,3.54,2.09,3.54,3.82,2.16,3.45,3.43
2610,2020/21,2021-05-01,Chelsea,Fulham,2.0,0.0,H,1.0,0.0,K Friend,9.0,10.0,5.0,3.0,1.0,8.0,15.0,8.0,1.0,1.0,0.0,0.0,1.44,4.4,7.5,1.49,4.36,8.0,1.49,4.26,8.34,1.48,4.27,7.59
2611,2020/21,2021-05-01,Crystal Palace,Man City,0.0,2.0,A,0.0,0.0,D Coote,9.0,20.0,4.0,3.0,2.0,6.0,9.0,10.0,2.0,0.0,0.0,0.0,10.0,5.0,1.33,10.77,5.18,1.35,9.44,5.58,1.34,10.1,5.14,1.34
2612,2020/21,2021-05-01,Everton,Aston Villa,1.0,2.0,A,1.0,1.0,S Hooper,16.0,13.0,3.0,5.0,3.0,6.0,10.0,13.0,0.0,2.0,0.0,0.0,1.95,3.6,3.8,2.07,3.7,3.72,1.99,3.84,3.84,2.02,3.62,3.69
2613,2020/21,2021-05-02,Newcastle,Arsenal,0.0,2.0,A,0.0,1.0,M Dean,5.0,19.0,1.0,5.0,3.0,7.0,10.0,9.0,2.0,1.0,1.0,0.0,3.6,3.6,2.0,3.75,3.58,2.1,3.75,3.64,2.08,3.64,3.57,2.05
2614,2020/21,2021-05-02,Tottenham,Sheffield United,4.0,0.0,H,1.0,0.0,A Marriner,20.0,8.0,11.0,1.0,6.0,6.0,8.0,9.0,1.0,1.0,0.0,0.0,1.25,6.0,12.0,1.29,6.11,11.87,1.31,5.78,10.51,1.29,5.73,11.16
2615,2020/21,2021-05-03,Burnley,West Ham,1.0,2.0,A,1.0,2.0,A Taylor,8.0,22.0,3.0,4.0,5.0,4.0,4.0,8.0,2.0,1.0,0.0,0.0,3.1,3.6,2.2,3.21,3.54,2.33,3.09,3.61,2.38,3.17,3.49,2.26
2616,2020/21,2021-05-03,West Brom,Wolves,1.0,1.0,D,0.0,1.0,P Tierney,10.0,20.0,4.0,10.0,5.0,6.0,17.0,11.0,2.0,0.0,0.0,0.0,2.9,3.2,2.5,2.97,3.25,2.65,2.62,3.13,3.11,2.91,3.19,2.58
2617,2020/21,2021-05-07,Leicester,Newcastle,2.0,4.0,A,0.0,2.0,D England,25.0,14.0,9.0,6.0,9.0,6.0,12.0,9.0,1.0,1.0,0.0,0.0,1.4,4.75,8.0,1.44,4.92,7.87,1.41,4.99,8.68,1.42,4.8,7.83
2618,2020/21,2021-05-08,Leeds,Tottenham,3.0,1.0,H,2.0,1.0,M Oliver,16.0,11.0,7.0,3.0,8.0,6.0,12.0,10.0,1.0,2.0,0.0,0.0,3.4,3.8,2.0,3.56,3.9,2.06,4.13,4.06,1.87,3.46,3.8,2.04
2619,2020/21,2021-05-08,Liverpool,Southampton,2.0,0.0,H,1.0,0.0,K Friend,14.0,12.0,6.0,6.0,8.0,4.0,10.0,6.0,0.0,1.0,0.0,0.0,1.25,6.0,11.0,1.29,6.19,10.41,1.33,6.09,9.28,1.29,5.97,10.14
2620,2020/21,2021-05-08,Man City,Chelsea,1.0,2.0,A,1.0,0.0,A Taylor,16.0,12.0,4.0,5.0,6.0,2.0,12.0,10.0,2.0,0.0,0.0,0.0,1.9,3.4,4.2,1.94,3.55,4.38,2.08,3.36,4.09,1.94,3.45,4.26
2621,2020/21,2021-05-08,Sheffield United,Crystal Palace,0.0,2.0,A,0.0,1.0,S Hooper,7.0,21.0,0.0,8.0,5.0,11.0,11.0,8.0,1.0,1.0,0.0,0.0,3.0,3.2,2.45,3.02,3.32,2.53,3.05,3.25,2.55,2.97,3.25,2.52
2622,2020/21,2021-05-09,Arsenal,West Brom,3.0,1.0,H,2.0,0.0,P Bankes,15.0,12.0,7.0,1.0,6.0,6.0,7.0,9.0,1.0,2.0,0.0,0.0,1.44,4.5,7.0,1.47,4.7,7.6,1.52,4.41,7.07,1.47,4.53,7.01
2623,2020/21,2021-05-09,Aston Villa,Man United,1.0,3.0,A,1.0,0.0,C Kavanagh,11.0,18.0,5.0,7.0,5.0,6.0,13.0,18.0,1.0,1.0,1.0,0.0,4.2,3.8,1.8,4.45,3.86,1.85,4.38,4.07,1.82,4.38,3.81,1.82
2624,2020/21,2021-05-09,West Ham,Everton,0.0,1.0,A,0.0,1.0,S Attwell,11.0,9.0,0.0,3.0,5.0,6.0,8.0,10.0,2.0,1.0,0.0,0.0,2.2,3.5,3.2,2.28,3.51,3.35,2.15,3.62,3.54,2.27,3.44,3.22
2625,2020/21,2021-05-09,Wolves,Brighton,2.0,1.0,H,0.0,1.0,J Moss,16.0,5.0,6.0,3.0,10.0,5.0,12.0,7.0,2.0,2.0,0.0,2.0,3.3,3.3,2.2,3.41,3.46,2.27,4.23,3.35,2.05,3.35,3.3,2.27
2626,2020/21,2021-05-10,Fulham,Burnley,0.0,2.0,A,0.0,2.0,D Coote,21.0,14.0,3.0,5.0,8.0,4.0,11.0,10.0,2.0,0.0,0.0,0.0,2.2,3.4,3.3,2.22,3.56,3.44,2.26,3.48,3.43,2.21,3.41,3.35
2627,2020/21,2021-05-11,Man United,Leicester,1.0,2.0,A,1.0,1.0,C Pawson,4.0,12.0,1.0,3.0,3.0,4.0,9.0,12.0,0.0,0.0,0.0,0.0,2.5,3.4,2.8,2.59,3.42,2.92,3.94,3.61,2.03,2.54,3.37,2.88
2628,2020/21,2021-05-11,Southampton,Crystal Palace,3.0,1.0,H,1.0,1.0,A Madley,13.0,11.0,6.0,4.0,12.0,8.0,20.0,13.0,2.0,3.0,0.0,0.0,2.05,3.6,3.5,2.11,3.65,3.63,1.88,3.87,4.28,2.1,3.56,3.56
2629,2020/21,2021-05-12,Chelsea,Arsenal,0.0,1.0,A,0.0,1.0,A Marriner,19.0,5.0,5.0,2.0,9.0,1.0,7.0,6.0,0.0,1.0,0.0,0.0,1.65,4.0,5.0,1.75,3.88,5.17,1.99,3.39,4.42,1.73,3.8,5.04
2630,2020/21,2021-05-13,Aston Villa,Everton,0.0,0.0,D,0.0,0.0,M Atkinson,13.0,15.0,2.0,5.0,9.0,1.0,9.0,12.0,2.0,0.0,0.0,0.0,2.7,3.4,2.6,2.82,3.5,2.62,3.12,3.39,2.47,2.72,3.44,2.61
2631,2020/21,2021-05-13,Man United,Liverpool,2.0,4.0,A,1.0,2.0,A Taylor,18.0,17.0,3.0,8.0,6.0,4.0,10.0,12.0,3.0,0.0,0.0,0.0,3.0,3.75,2.2,3.12,3.78,2.17,2.85,3.77,2.47,3.15,3.76,2.18
2632,2020/21,2021-05-14,Newcastle,Man City,3.0,4.0,A,2.0,2.0,K Friend,11.0,15.0,5.0,6.0,4.0,5.0,11.0,10.0,2.0,2.0,0.0,0.0,11.0,6.0,1.25,11.02,5.79,1.29,8.12,5.89,1.35,10.52,5.8,1.3
2633,2020/21,2021-05-15,Brighton,West Ham,1.0,1.0,D,0.0,0.0,A Marriner,10.0,15.0,2.0,3.0,3.0,3.0,7.0,5.0,1.0,1.0,0.0,0.0,2.9,3.6,2.3,3.01,3.57,2.4,3.51,3.61,2.17,2.98,3.49,2.39
2634,2020/21,2021-05-15,Burnley,Leeds,0.0,4.0,A,0.0,1.0,G Scott,16.0,16.0,4.0,6.0,6.0,8.0,10.0,10.0,1.0,1.0,0.0,0.0,3.2,3.75,2.1,3.2,3.72,2.23,3.58,3.87,2.06,3.14,3.64,2.23
2635,2020/21,2021-05-15,Southampton,Fulham,3.0,1.0,H,1.0,0.0,C Pawson,11.0,10.0,7.0,3.0,6.0,5.0,9.0,15.0,0.0,1.0,0.0,0.0,2.0,3.6,3.6,2.02,3.61,3.78,1.87,3.84,4.38,2.02,3.58,3.73
2636,2020/21,2021-05-16,Crystal Palace,Aston Villa,3.0,2.0,H,1.0,2.0,D Coote,23.0,19.0,8.0,5.0,7.0,7.0,23.0,13.0,3.0,2.0,0.0,0.0,3.0,3.6,2.25,3.14,3.58,2.32,3.2,3.62,2.31,3.05,3.5,2.33
2637,2020/21,2021-05-16,Everton,Sheffield United,0.0,1.0,A,0.0,1.0,A Moss,16.0,10.0,6.0,3.0,11.0,4.0,8.0,12.0,1.0,3.0,0.0,0.0,1.36,4.75,8.5,1.4,4.9,8.69,1.35,5.33,9.25,1.4,4.73,8.34
2638,2020/21,2021-05-16,Tottenham,Wolves,2.0,0.0,H,1.0,0.0,M Atkinson,24.0,15.0,13.0,3.0,10.0,3.0,8.0,11.0,1.0,0.0,0.0,0.0,1.5,4.33,6.5,1.56,4.29,6.38,1.56,4.63,5.95,1.54,4.28,6.27
2639,2020/21,2021-05-16,West Brom,Liverpool,1.0,2.0,A,1.0,1.0,M Dean,10.0,26.0,3.0,6.0,9.0,13.0,7.0,14.0,0.0,0.0,0.0,0.0,12.0,6.5,1.22,11.65,6.78,1.24,11.9,7.23,1.23,12.37,6.75,1.23
2640,2020/21,2021-05-18,Brighton,Man City,3.0,2.0,H,0.0,1.0,S Attwell,19.0,8.0,6.0,4.0,5.0,3.0,13.0,11.0,3.0,3.0,0.0,1.0,7.0,4.5,1.45,6.89,4.53,1.49,7.37,4.75,1.46,6.93,4.49,1.49
2641,2020/21,2021-05-18,Chelsea,Leicester,2.0,1.0,H,0.0,0.0,M Dean,17.0,7.0,6.0,3.0,6.0,5.0,15.0,16.0,2.0,4.0,0.0,0.0,1.7,3.75,5.0,1.74,3.74,5.36,1.71,3.88,5.45,1.72,3.71,5.37
2642,2020/21,2021-05-18,Man United,Fulham,1.0,1.0,D,1.0,0.0,L Mason,13.0,8.0,6.0,5.0,6.0,1.0,10.0,15.0,2.0,3.0,0.0,0.0,1.28,6.0,9.0,1.32,5.81,9.28,1.3,5.93,10.85,1.32,5.71,9.38
2643,2020/21,2021-05-18,Southampton,Leeds,0.0,2.0,A,0.0,0.0,P Bankes,18.0,15.0,3.0,7.0,4.0,5.0,10.0,12.0,0.0,3.0,0.0,0.0,2.55,3.9,2.5,2.6,3.84,2.61,2.71,3.9,2.52,2.6,3.81,2.54
2644,2020/21,2021-05-19,Burnley,Liverpool,0.0,3.0,A,0.0,1.0,C Kavanagh,10.0,20.0,4.0,3.0,6.0,7.0,10.0,7.0,0.0,0.0,0.0,0.0,11.0,7.0,1.22,11.1,6.61,1.26,9.95,6.52,1.29,10.82,6.67,1.25
2645,2020/21,2021-05-19,Crystal Palace,Arsenal,1.0,3.0,A,0.0,1.0,A Taylor,12.0,6.0,6.0,3.0,6.0,7.0,7.0,7.0,2.0,1.0,0.0,0.0,6.0,4.5,1.5,6.16,4.49,1.55,5.96,4.09,1.63,6.14,4.41,1.53
2646,2020/21,2021-05-19,Everton,Wolves,1.0,0.0,H,0.0,0.0,A Madley,14.0,9.0,4.0,3.0,7.0,12.0,11.0,11.0,0.0,2.0,0.0,0.0,1.85,3.6,4.2,1.9,3.68,4.3,1.85,3.57,4.89,1.89,3.61,4.25
2647,2020/21,2021-05-19,Newcastle,Sheffield United,1.0,0.0,H,1.0,0.0,R Jones,16.0,11.0,5.0,1.0,5.0,2.0,7.0,7.0,0.0,2.0,0.0,0.0,1.72,3.8,4.75,1.75,3.87,4.82,1.82,3.82,4.59,1.75,3.83,4.75
2648,2020/21,2021-05-19,Tottenham,Aston Villa,1.0,2.0,A,1.0,2.0,C Pawson,10.0,20.0,4.0,4.0,4.0,5.0,14.0,13.0,1.0,1.0,0.0,0.0,1.5,4.5,6.0,1.54,4.77,5.92,1.64,4.47,5.27,1.53,4.65,5.85
2649,2020/21,2021-05-19,West Brom,West Ham,1.0,3.0,A,1.0,1.0,M Oliver,14.0,21.0,4.0,9.0,6.0,8.0,8.0,11.0,2.0,2.0,0.0,0.0,5.0,4.33,1.6,5.35,4.29,1.63,4.91,4.31,1.68,5.26,4.25,1.62
2650,2020/21,2021-05-23,Arsenal,Brighton,2.0,0.0,H,0.0,0.0,J Moss,16.0,5.0,5.0,1.0,11.0,3.0,10.0,8.0,0.0,0.0,0.0,0.0,1.57,4.33,5.25,1.63,4.46,5.34,1.7,4.21,5.05,1.62,4.29,5.23
2651,2020/21,2021-05-23,Aston Villa,Chelsea,2.0,1.0,H,1.0,0.0,S Attwell,6.0,23.0,3.0,7.0,2.0,9.0,11.0,12.0,3.0,3.0,0.0,1.0,6.5,4.6,1.45,6.75,4.63,1.51,6.95,5.06,1.46,6.62,4.56,1.49
2652,2020/21,2021-05-23,Fulham,Newcastle,0.0,2.0,A,0.0,1.0,C Kavanagh,14.0,10.0,0.0,4.0,5.0,4.0,12.0,6.0,1.0,0.0,0.0,0.0,2.05,3.8,3.3,2.08,3.94,3.41,2.53,3.47,2.91,2.09,3.81,3.32
2653,2020/21,2021-05-23,Leeds,West Brom,3.0,1.0,H,2.0,0.0,D Coote,17.0,14.0,9.0,5.0,8.0,3.0,12.0,12.0,2.0,1.0,0.0,0.0,1.4,5.25,6.5,1.45,5.24,6.54,1.54,4.81,5.69,1.44,5.18,6.51
2654,2020/21,2021-05-23,Leicester,Tottenham,2.0,4.0,A,1.0,1.0,A Taylor,10.0,11.0,6.0,4.0,8.0,7.0,9.0,8.0,0.0,2.0,0.0,0.0,2.0,4.0,3.3,2.06,4.19,3.35,1.78,4.36,4.33,2.04,4.02,3.33
2655,2020/21,2021-05-23,Liverpool,Crystal Palace,2.0,0.0,H,1.0,0.0,C Pawson,19.0,5.0,5.0,4.0,14.0,1.0,10.0,8.0,2.0,2.0,0.0,0.0,1.14,8.5,15.0,1.16,8.73,18.32,1.19,8.34,15.0,1.16,8.28,17.35
2656,2020/21,2021-05-23,Man City,Everton,5.0,0.0,H,2.0,0.0,M Oliver,21.0,8.0,11.0,3.0,7.0,5.0,8.0,10.0,2.0,2.0,0.0,0.0,1.44,5.0,6.5,1.43,5.09,7.24,1.28,6.28,10.34,1.44,4.94,6.83
2657,2020/21,2021-05-23,Sheffield United,Burnley,1.0,0.0,H,1.0,0.0,K Friend,12.0,10.0,3.0,3.0,8.0,9.0,11.0,1.0,3.0,1.0,0.0,0.0,2.8,3.6,2.4,2.87,3.74,2.43,2.85,3.45,2.58,2.84,3.63,2.41
2658,2020/21,2021-05-23,West Ham,Southampton,3.0,0.0,H,2.0,0.0,M Atkinson,14.0,17.0,7.0,5.0,2.0,3.0,5.0,9.0,0.0,3.0,0.0,0.0,1.65,4.0,5.0,1.74,3.99,5.03,1.79,3.94,4.75,1.72,4.0,4.76
2659,2020/21,2021-05-23,Wolves,Man United,1.0,2.0,A,1.0,2.0,M Dean,14.0,9.0,4.0,4.0,6.0,2.0,14.0,3.0,4.0,1.0,0.0,0.0,2.5,3.5,2.7,2.59,3.78,2.7,2.48,3.19,3.28,2.53,3.63,2.69
2660,2021/22,2021-08-13,Brentford,Arsenal,2.0,0.0,H,1.0,0.0,M Oliver,8.0,22.0,3.0,4.0,2.0,5.0,12.0,8.0,0.0,0.0,0.0,0.0,4.0,3.4,1.95,4.05,3.46,2.05,3.94,3.33,2.13,4.02,3.43,2.02
2661,2021/22,2021-08-14,Burnley,Brighton,1.0,2.0,A,1.0,0.0,D Coote,14.0,14.0,3.0,8.0,7.0,6.0,10.0,7.0,2.0,1.0,0.0,0.0,3.1,3.1,2.45,3.3,3.12,2.51,3.27,3.14,2.51,3.19,3.09,2.49
2662,2021/22,2021-08-14,Chelsea,Crystal Palace,3.0,0.0,H,2.0,0.0,J Moss,13.0,4.0,6.0,1.0,5.0,2.0,15.0,11.0,0.0,0.0,0.0,0.0,1.25,5.75,13.0,1.26,6.24,12.74,1.34,5.4,11.0,1.26,5.92,12.8
2663,2021/22,2021-08-14,Everton,Southampton,3.0,1.0,H,0.0,1.0,A Madley,14.0,6.0,6.0,3.0,6.0,8.0,13.0,15.0,2.0,0.0,0.0,0.0,1.9,3.5,4.0,2.01,3.56,4.1,2.05,3.45,4.07,1.97,3.53,4.04
2664,2021/22,2021-08-14,Leicester,Wolves,1.0,0.0,H,1.0,0.0,C Pawson,9.0,17.0,5.0,3.0,5.0,4.0,6.0,10.0,1.0,2.0,0.0,0.0,1.66,3.8,5.25,1.73,3.79,5.47,1.76,3.77,5.22,1.71,3.75,5.32
2665,2021/22,2021-08-14,Man United,Leeds,5.0,1.0,H,1.0,0.0,P Tierney,16.0,10.0,8.0,3.0,5.0,4.0,11.0,9.0,1.0,2.0,0.0,0.0,1.53,4.5,5.75,1.56,4.57,5.96,1.67,4.2,5.4,1.55,4.48,5.87
2666,2021/22,2021-08-14,Norwich,Liverpool,0.0,3.0,A,0.0,1.0,A Marriner,14.0,19.0,3.0,8.0,3.0,11.0,4.0,14.0,1.0,1.0,0.0,0.0,9.0,5.75,1.3,8.35,5.86,1.36,7.0,4.9,1.48,8.78,5.71,1.33
2667,2021/22,2021-08-14,Watford,Aston Villa,3.0,2.0,H,2.0,0.0,M Dean,13.0,11.0,7.0,2.0,2.0,4.0,18.0,13.0,3.0,1.0,0.0,0.0,3.1,3.2,2.37,3.18,3.31,2.47,3.68,3.35,2.21,3.14,3.26,2.41
2668,2021/22,2021-08-15,Newcastle,West Ham,2.0,4.0,A,2.0,1.0,M Atkinson,17.0,8.0,3.0,9.0,7.0,6.0,4.0,3.0,1.0,0.0,0.0,0.0,3.2,3.5,2.2,3.21,3.59,2.32,3.46,3.55,2.21,3.2,3.51,2.26
2669,2021/22,2021-08-15,Tottenham,Man City,1.0,0.0,H,0.0,0.0,A Taylor,13.0,18.0,3.0,4.0,3.0,11.0,11.0,8.0,2.0,1.0,0.0,0.0,5.5,4.2,1.6,5.56,4.09,1.67,5.97,4.25,1.61,5.49,4.1,1.64
2670,2021/22,2021-08-21,Aston Villa,Newcastle,2.0,0.0,H,1.0,0.0,D Coote,10.0,9.0,2.0,1.0,3.0,4.0,8.0,18.0,3.0,4.0,0.0,0.0,1.8,3.75,4.33,1.83,3.99,4.4,1.87,3.83,4.39,1.82,3.92,4.25
2671,2021/22,2021-08-21,Brighton,Watford,2.0,0.0,H,2.0,0.0,A Taylor,13.0,10.0,3.0,1.0,7.0,2.0,11.0,6.0,4.0,0.0,0.0,0.0,1.7,3.5,5.75,1.75,3.55,5.8,1.78,3.55,5.6,1.74,3.52,5.53
2672,2021/22,2021-08-21,Crystal Palace,Brentford,0.0,0.0,D,0.0,0.0,M Atkinson,7.0,14.0,2.0,3.0,3.0,5.0,12.0,9.0,3.0,1.0,0.0,0.0,2.55,3.2,2.87,2.65,3.28,2.95,2.68,3.2,2.97,2.61,3.18,2.9
2673,2021/22,2021-08-21,Leeds,Everton,2.0,2.0,D,1.0,1.0,D England,17.0,17.0,4.0,8.0,8.0,5.0,6.0,13.0,2.0,4.0,0.0,0.0,2.37,3.4,3.0,2.39,3.51,3.14,2.15,3.52,3.65,2.37,3.47,3.03
2674,2021/22,2021-08-21,Liverpool,Burnley,2.0,0.0,H,1.0,0.0,M Dean,27.0,9.0,9.0,3.0,8.0,4.0,6.0,12.0,0.0,0.0,0.0,0.0,1.18,7.5,13.0,1.21,6.98,15.68,1.25,6.75,13.5,1.21,6.97,14.41
2675,2021/22,2021-08-21,Man City,Norwich,5.0,0.0,H,2.0,0.0,G Scott,16.0,1.0,4.0,0.0,6.0,1.0,13.0,7.0,1.0,0.0,0.0,0.0,1.08,11.0,26.0,1.11,11.28,26.2,1.13,10.0,26.0,1.11,10.58,25.64
2676,2021/22,2021-08-22,Arsenal,Chelsea,0.0,2.0,A,0.0,2.0,P Tierney,6.0,22.0,3.0,5.0,9.0,8.0,10.0,4.0,3.0,0.0,0.0,0.0,4.75,3.75,1.72,4.9,3.83,1.79,4.5,3.56,1.93,4.76,3.74,1.78
2677,2021/22,2021-08-22,Southampton,Man United,1.0,1.0,D,1.0,0.0,C Pawson,8.0,15.0,3.0,4.0,7.0,7.0,12.0,10.0,2.0,3.0,0.0,0.0,5.5,4.2,1.57,5.32,4.41,1.64,5.7,4.45,1.61,5.36,4.26,1.61
2678,2021/22,2021-08-22,Wolves,Tottenham,0.0,1.0,A,0.0,1.0,S Attwell,25.0,8.0,6.0,6.0,5.0,4.0,9.0,7.0,1.0,4.0,0.0,0.0,3.2,3.2,2.35,3.25,3.15,2.52,2.95,3.09,2.79,3.2,3.15,2.43
2679,2021/22,2021-08-23,West Ham,Leicester,4.0,1.0,H,1.0,0.0,M Oliver,13.0,5.0,7.0,1.0,10.0,0.0,8.0,8.0,0.0,1.0,0.0,1.0,2.5,3.5,2.75,2.61,3.51,2.82,2.52,3.5,2.95,2.58,3.44,2.75
2680,2021/22,2021-08-28,Aston Villa,Brentford,1.0,1.0,D,1.0,1.0,P Bankes,7.0,9.0,5.0,2.0,3.0,2.0,15.0,14.0,3.0,3.0,0.0,0.0,1.95,3.6,3.8,2.02,3.63,3.95,2.1,3.33,4.07,2.0,3.57,3.84
2681,2021/22,2021-08-28,Brighton,Everton,0.0,2.0,A,0.0,1.0,J Moss,14.0,14.0,3.0,5.0,4.0,5.0,7.0,9.0,1.0,2.0,0.0,0.0,2.3,3.2,3.3,2.37,3.29,3.37,2.35,3.26,3.46,2.35,3.25,3.27
2682,2021/22,2021-08-28,Liverpool,Chelsea,1.0,1.0,D,1.0,1.0,A Taylor,24.0,6.0,7.0,3.0,12.0,3.0,13.0,4.0,0.0,2.0,0.0,1.0,2.45,3.3,2.9,2.52,3.36,3.06,2.47,3.36,3.13,2.5,3.33,2.95
2683,2021/22,2021-08-28,Man City,Arsenal,5.0,0.0,H,3.0,0.0,M Atkinson,25.0,1.0,10.0,0.0,14.0,0.0,5.0,7.0,1.0,2.0,0.0,1.0,1.25,6.0,12.0,1.26,6.28,12.59,1.36,5.2,10.5,1.26,6.16,11.99
2684,2021/22,2021-08-28,Newcastle,Southampton,2.0,2.0,D,0.0,0.0,P Tierney,10.0,22.0,5.0,6.0,4.0,4.0,11.0,6.0,3.0,3.0,0.0,0.0,2.5,3.4,2.8,2.55,3.52,2.9,2.51,3.59,2.89,2.52,3.47,2.82
2685,2021/22,2021-08-28,Norwich,Leicester,1.0,2.0,A,1.0,1.0,R Jones,14.0,9.0,4.0,3.0,9.0,9.0,8.0,9.0,2.0,1.0,0.0,0.0,4.5,3.5,1.85,4.47,3.54,1.93,4.4,3.67,1.91,4.34,3.55,1.9
2686,2021/22,2021-08-28,West Ham,Crystal Palace,2.0,2.0,D,1.0,0.0,S Attwell,14.0,9.0,4.0,2.0,5.0,3.0,10.0,7.0,1.0,0.0,0.0,0.0,1.55,4.0,6.5,1.59,4.07,6.64,1.59,4.0,6.8,1.58,4.02,6.29
2687,2021/22,2021-08-29,Burnley,Leeds,1.0,1.0,D,0.0,0.0,M Oliver,12.0,12.0,3.0,2.0,5.0,5.0,13.0,9.0,4.0,3.0,0.0,0.0,3.1,3.5,2.25,3.15,3.58,2.35,3.35,3.6,2.24,3.07,3.51,2.33
2688,2021/22,2021-08-29,Tottenham,Watford,1.0,0.0,H,1.0,0.0,A Marriner,15.0,9.0,8.0,2.0,10.0,3.0,8.0,14.0,3.0,3.0,0.0,0.0,1.36,4.75,9.0,1.45,4.42,9.04,1.44,4.65,8.5,1.44,4.48,8.42
2689,2021/22,2021-08-29,Wolves,Man United,0.0,1.0,A,0.0,0.0,M Dean,15.0,10.0,6.0,3.0,5.0,7.0,7.0,9.0,3.0,4.0,0.0,0.0,5.0,3.5,1.75,5.14,3.51,1.83,4.93,3.8,1.79,4.91,3.48,1.82
2690,2021/22,2021-09-11,Arsenal,Norwich,1.0,0.0,H,0.0,0.0,M Oliver,30.0,10.0,7.0,1.0,8.0,4.0,9.0,11.0,1.0,2.0,0.0,0.0,1.5,4.6,6.0,1.53,4.57,6.5,1.44,4.91,7.9,1.52,4.48,6.4
2691,2021/22,2021-09-11,Brentford,Brighton,0.0,1.0,A,0.0,0.0,G Scott,7.0,4.0,1.0,2.0,1.0,6.0,9.0,12.0,3.0,2.0,0.0,0.0,2.8,3.2,2.62,2.93,3.19,2.72,3.14,3.0,2.7,2.86,3.14,2.69
2692,2021/22,2021-09-11,Chelsea,Aston Villa,3.0,0.0,H,1.0,0.0,S Attwell,12.0,18.0,4.0,6.0,4.0,11.0,11.0,11.0,1.0,4.0,0.0,0.0,1.28,5.5,11.0,1.31,5.51,12.17,1.35,5.38,10.33,1.3,5.46,11.28
2693,2021/22,2021-09-11,Crystal Palace,Tottenham,3.0,0.0,H,0.0,0.0,J Moss,18.0,2.0,4.0,1.0,8.0,2.0,13.0,15.0,2.0,1.0,0.0,1.0,4.2,3.5,1.9,4.42,3.47,1.96,3.95,3.33,2.13,4.25,3.44,1.95
2694,2021/22,2021-09-11,Leicester,Man City,0.0,1.0,A,0.0,0.0,P Tierney,6.0,25.0,1.0,8.0,5.0,8.0,4.0,11.0,1.0,2.0,0.0,0.0,6.0,4.0,1.57,5.87,4.26,1.61,5.62,4.15,1.65,5.7,4.22,1.6
2695,2021/22,2021-09-11,Man United,Newcastle,4.0,1.0,H,1.0,0.0,A Taylor,21.0,12.0,7.0,3.0,7.0,3.0,9.0,2.0,1.0,0.0,0.0,0.0,1.18,7.5,15.0,1.19,7.56,16.42,1.2,7.45,15.76,1.2,7.27,14.77
2696,2021/22,2021-09-11,Southampton,West Ham,0.0,0.0,D,0.0,0.0,D Coote,11.0,13.0,3.0,3.0,5.0,4.0,10.0,12.0,3.0,1.0,0.0,1.0,2.9,3.5,2.4,2.93,3.48,2.54,3.16,3.55,2.36,2.89,3.46,2.47
2697,2021/22,2021-09-11,Watford,Wolves,0.0,2.0,A,0.0,0.0,P Bankes,6.0,14.0,2.0,5.0,6.0,8.0,15.0,13.0,3.0,3.0,0.0,0.0,3.4,3.2,2.25,3.47,3.22,2.36,3.67,3.21,2.28,3.36,3.19,2.33
2698,2021/22,2021-09-12,Leeds,Liverpool,0.0,3.0,A,0.0,1.0,C Pawson,9.0,30.0,4.0,9.0,2.0,11.0,9.0,8.0,2.0,1.0,1.0,0.0,4.33,4.0,1.75,4.54,4.15,1.78,5.04,4.48,1.66,4.34,4.05,1.78
2699,2021/22,2021-09-13,Everton,Burnley,3.0,1.0,H,0.0,0.0,M Atkinson,14.0,11.0,6.0,6.0,4.0,6.0,3.0,6.0,1.0,1.0,0.0,0.0,1.7,3.75,5.0,1.74,3.83,5.35,1.78,3.53,5.58,1.75,3.71,5.01
2700,2021/22,2021-09-17,Newcastle,Leeds,1.0,1.0,D,1.0,1.0,M Dean,17.0,22.0,7.0,9.0,4.0,5.0,9.0,11.0,2.0,2.0,0.0,0.0,3.0,3.6,2.3,3.05,3.69,2.36,3.25,3.74,2.23,3.01,3.62,2.33
2701,2021/22,2021-09-18,Aston Villa,Everton,3.0,0.0,H,0.0,0.0,C Pawson,15.0,11.0,3.0,1.0,5.0,4.0,7.0,10.0,1.0,1.0,0.0,0.0,2.4,3.3,3.0,2.42,3.44,3.15,2.18,3.46,3.65,2.4,3.36,3.06
2702,2021/22,2021-09-18,Burnley,Arsenal,0.0,1.0,A,0.0,1.0,A Taylor,18.0,13.0,3.0,3.0,8.0,3.0,9.0,8.0,2.0,1.0,0.0,0.0,3.8,3.6,1.95,3.87,3.57,2.06,3.94,3.79,1.98,3.82,3.5,2.03
2703,2021/22,2021-09-18,Liverpool,Crystal Palace,3.0,0.0,H,1.0,0.0,A Madley,25.0,13.0,10.0,2.0,10.0,5.0,17.0,11.0,3.0,1.0,0.0,0.0,1.2,7.0,13.0,1.22,6.87,15.6,1.29,6.13,11.57,1.22,6.84,14.04
2704,2021/22,2021-09-18,Man City,Southampton,0.0,0.0,D,0.0,0.0,J Moss,18.0,10.0,1.0,2.0,8.0,5.0,5.0,12.0,0.0,2.0,0.0,0.0,1.12,9.5,17.0,1.16,8.48,19.72,1.18,8.18,16.74,1.15,8.46,18.55
2705,2021/22,2021-09-18,Norwich,Watford,1.0,3.0,A,1.0,1.0,R Jones,12.0,12.0,5.0,8.0,4.0,8.0,10.0,14.0,1.0,1.0,0.0,0.0,2.15,3.3,3.5,2.21,3.48,3.53,2.41,3.29,3.31,2.18,3.39,3.47
2706,2021/22,2021-09-18,Wolves,Brentford,0.0,2.0,A,0.0,2.0,D England,11.0,9.0,0.0,3.0,4.0,2.0,10.0,7.0,4.0,2.0,0.0,1.0,1.83,3.25,5.0,1.93,3.3,4.98,1.83,3.42,5.38,1.9,3.27,4.83
2707,2021/22,2021-09-19,Brighton,Leicester,2.0,1.0,H,1.0,0.0,S Attwell,12.0,14.0,5.0,3.0,4.0,9.0,8.0,10.0,2.0,1.0,0.0,0.0,2.7,3.2,2.75,2.83,3.25,2.77,2.55,3.23,3.12,2.75,3.23,2.73
2708,2021/22,2021-09-19,Tottenham,Chelsea,0.0,3.0,A,0.0,0.0,P Tierney,8.0,20.0,2.0,10.0,5.0,11.0,4.0,15.0,0.0,1.0,0.0,0.0,5.0,3.8,1.7,4.98,4.02,1.74,4.2,3.4,2.04,4.89,3.83,1.74
2709,2021/22,2021-09-19,West Ham,Man United,1.0,2.0,A,1.0,1.0,M Atkinson,13.0,17.0,4.0,10.0,2.0,11.0,5.0,8.0,0.0,0.0,0.0,0.0,4.33,4.0,1.75,4.69,3.9,1.81,4.31,3.79,1.89,4.51,3.9,1.78
2710,2021/22,2021-09-25,Brentford,Liverpool,3.0,3.0,D,1.0,1.0,S Attwell,12.0,16.0,4.0,6.0,2.0,11.0,8.0,7.0,1.0,1.0,0.0,0.0,7.0,4.5,1.45,7.48,4.51,1.49,7.88,4.98,1.43,6.96,4.48,1.49
2711,2021/22,2021-09-25,Chelsea,Man City,0.0,1.0,A,0.0,0.0,M Oliver,5.0,15.0,0.0,4.0,4.0,13.0,12.0,10.0,3.0,2.0,0.0,0.0,2.62,3.2,2.75,2.74,3.3,2.83,2.92,3.21,2.72,2.66,3.26,2.79
2712,2021/22,2021-09-25,Everton,Norwich,2.0,0.0,H,1.0,0.0,D Coote,11.0,10.0,4.0,2.0,6.0,4.0,12.0,9.0,2.0,3.0,0.0,0.0,1.61,3.8,5.75,1.65,3.91,6.09,1.7,3.82,5.72,1.63,3.86,5.96
2713,2021/22,2021-09-25,Leeds,West Ham,1.0,2.0,A,1.0,0.0,K Friend,15.0,20.0,5.0,7.0,5.0,7.0,10.0,6.0,3.0,2.0,0.0,0.0,3.0,3.6,2.25,3.17,3.73,2.28,3.08,3.62,2.38,3.04,3.67,2.29
2714,2021/22,2021-09-25,Leicester,Burnley,2.0,2.0,D,1.0,2.0,C Kavanagh,22.0,9.0,5.0,3.0,8.0,4.0,10.0,8.0,2.0,4.0,0.0,0.0,1.57,4.0,6.0,1.6,4.09,6.37,1.71,3.9,5.39,1.59,4.05,6.12
2715,2021/22,2021-09-25,Man United,Aston Villa,0.0,1.0,A,0.0,0.0,M Dean,28.0,7.0,4.0,3.0,5.0,5.0,9.0,13.0,2.0,2.0,0.0,0.0,1.36,5.25,8.0,1.41,5.12,8.13,1.42,5.1,7.95,1.4,5.08,7.84
2716,2021/22,2021-09-25,Watford,Newcastle,1.0,1.0,D,0.0,1.0,J Gillett,15.0,20.0,4.0,6.0,5.0,6.0,19.0,12.0,4.0,3.0,0.0,0.0,2.2,3.4,3.3,2.26,3.42,3.47,2.16,3.57,3.59,2.27,3.37,3.32
2717,2021/22,2021-09-26,Arsenal,Tottenham,3.0,1.0,H,3.0,0.0,C Pawson,12.0,10.0,7.0,4.0,4.0,4.0,12.0,13.0,2.0,1.0,0.0,0.0,2.15,3.3,3.5,2.29,3.3,3.54,2.25,3.4,3.53,2.28,3.31,3.35
2718,2021/22,2021-09-26,Southampton,Wolves,0.0,1.0,A,0.0,0.0,A Madley,18.0,5.0,6.0,3.0,5.0,5.0,12.0,8.0,0.0,0.0,0.0,0.0,2.62,3.2,2.8,2.7,3.27,2.89,2.15,3.42,3.78,2.65,3.24,2.83
2719,2021/22,2021-09-27,Crystal Palace,Brighton,1.0,1.0,D,1.0,0.0,A Marriner,8.0,8.0,3.0,4.0,6.0,5.0,12.0,10.0,2.0,3.0,0.0,0.0,3.1,3.2,2.45,3.14,3.21,2.56,2.96,3.14,2.74,3.04,3.15,2.54
2720,2021/22,2021-10-02,Brighton,Arsenal,0.0,0.0,D,0.0,0.0,J Moss,21.0,8.0,2.0,2.0,8.0,5.0,8.0,5.0,2.0,1.0,0.0,0.0,3.0,3.25,2.4,3.16,3.2,2.54,3.31,3.4,2.35,3.05,3.22,2.5
2721,2021/22,2021-10-02,Burnley,Norwich,0.0,0.0,D,0.0,0.0,K Friend,14.0,10.0,4.0,2.0,9.0,5.0,13.0,3.0,5.0,2.0,0.0,0.0,1.85,3.6,4.33,1.9,3.69,4.42,1.99,3.6,4.12,1.88,3.61,4.33
2722,2021/22,2021-10-02,Chelsea,Southampton,3.0,1.0,H,1.0,0.0,M Atkinson,20.0,6.0,9.0,2.0,7.0,2.0,11.0,13.0,1.0,3.0,0.0,1.0,1.36,4.75,9.0,1.4,4.91,9.22,1.46,4.71,7.79,1.38,4.9,8.92
2723,2021/22,2021-10-02,Leeds,Watford,1.0,0.0,H,1.0,0.0,S Hooper,20.0,5.0,4.0,1.0,6.0,3.0,10.0,16.0,0.0,3.0,0.0,0.0,1.7,4.0,4.75,1.78,3.96,4.8,1.78,3.98,4.74,1.76,3.9,4.63
2724,2021/22,2021-10-02,Man United,Everton,1.0,1.0,D,1.0,0.0,M Oliver,13.0,12.0,6.0,2.0,10.0,1.0,10.0,9.0,1.0,1.0,0.0,0.0,1.45,4.33,7.5,1.51,4.37,7.59,1.56,4.33,6.57,1.5,4.38,7.08
2725,2021/22,2021-10-02,Wolves,Newcastle,2.0,1.0,H,1.0,1.0,G Scott,7.0,8.0,3.0,2.0,0.0,4.0,15.0,5.0,0.0,2.0,0.0,0.0,1.61,4.2,5.25,1.72,4.06,5.06,1.83,3.72,4.77,1.69,4.0,5.02
2726,2021/22,2021-10-03,Crystal Palace,Leicester,2.0,2.0,D,0.0,2.0,A Taylor,18.0,9.0,4.0,5.0,1.0,3.0,15.0,11.0,2.0,3.0,0.0,0.0,3.1,3.4,2.3,3.17,3.44,2.41,2.87,3.3,2.7,3.11,3.41,2.36
2727,2021/22,2021-10-03,Liverpool,Man City,2.0,2.0,D,0.0,0.0,P Tierney,6.0,12.0,4.0,3.0,3.0,4.0,10.0,12.0,3.0,3.0,0.0,0.0,2.87,3.5,2.4,2.99,3.55,2.46,3.12,3.54,2.38,2.9,3.53,2.43
2728,2021/22,2021-10-03,Tottenham,Aston Villa,2.0,1.0,H,1.0,0.0,C Kavanagh,17.0,14.0,8.0,3.0,5.0,8.0,11.0,14.0,2.0,1.0,0.0,0.0,2.1,3.6,3.4,2.13,3.61,3.64,2.14,3.47,3.74,2.12,3.53,3.5
2729,2021/22,2021-10-03,West Ham,Brentford,1.0,2.0,A,0.0,1.0,P Bankes,18.0,13.0,5.0,6.0,11.0,6.0,16.0,13.0,2.0,3.0,0.0,0.0,1.75,3.75,4.75,1.84,3.65,4.82,1.76,3.85,5.13,1.82,3.62,4.67
2730,2021/22,2021-10-16,Aston Villa,Wolves,2.0,3.0,A,0.0,0.0,M Oliver,14.0,9.0,5.0,4.0,6.0,7.0,8.0,17.0,2.0,3.0,0.0,0.0,2.15,3.25,3.5,2.32,3.31,3.47,2.16,3.31,3.89,2.25,3.28,3.42
2731,2021/22,2021-10-16,Brentford,Chelsea,0.0,1.0,A,0.0,1.0,A Taylor,17.0,5.0,7.0,1.0,5.0,5.0,13.0,8.0,1.0,1.0,0.0,0.0,6.5,3.8,1.57,6.69,3.92,1.61,5.64,3.87,1.7,6.37,3.84,1.6
2732,2021/22,2021-10-16,Leicester,Man United,4.0,2.0,H,1.0,1.0,C Pawson,22.0,18.0,11.0,6.0,4.0,3.0,5.0,17.0,0.0,3.0,0.0,0.0,3.5,3.6,2.05,3.56,3.68,2.13,3.7,3.97,1.99,3.49,3.59,2.1
2733,2021/22,2021-10-16,Man City,Burnley,2.0,0.0,H,1.0,0.0,M Atkinson,15.0,7.0,6.0,2.0,6.0,2.0,11.0,5.0,1.0,0.0,0.0,0.0,1.12,9.0,19.0,1.13,9.94,24.65,1.15,9.13,21.3,1.12,9.47,22.12
2734,2021/22,2021-10-16,Norwich,Brighton,0.0,0.0,D,0.0,0.0,P Bankes,15.0,11.0,3.0,3.0,8.0,4.0,5.0,14.0,3.0,5.0,0.0,0.0,3.6,3.4,2.1,3.77,3.41,2.16,4.12,3.69,1.96,3.67,3.34,2.13
2735,2021/22,2021-10-16,Southampton,Leeds,1.0,0.0,H,0.0,0.0,D Coote,19.0,3.0,5.0,0.0,8.0,1.0,16.0,14.0,2.0,3.0,0.0,0.0,2.3,3.5,3.0,2.44,3.58,3.01,2.12,3.72,3.55,2.4,3.52,2.93
2736,2021/22,2021-10-16,Watford,Liverpool,0.0,5.0,A,0.0,2.0,J Moss,6.0,19.0,2.0,8.0,1.0,9.0,4.0,10.0,0.0,0.0,0.0,0.0,8.5,5.5,1.33,9.43,5.49,1.36,8.6,5.68,1.36,8.67,5.33,1.36
2737,2021/22,2021-10-17,Everton,West Ham,0.0,1.0,A,0.0,0.0,S Attwell,15.0,16.0,2.0,4.0,7.0,9.0,3.0,3.0,0.0,2.0,0.0,0.0,2.5,3.4,2.8,2.57,3.37,2.98,2.91,3.36,2.63,2.52,3.35,2.89
2738,2021/22,2021-10-17,Newcastle,Tottenham,2.0,3.0,A,1.0,3.0,A Marriner,7.0,14.0,1.0,4.0,2.0,9.0,13.0,4.0,4.0,1.0,1.0,0.0,3.5,3.6,2.05,3.57,3.66,2.13,3.58,3.71,2.11,3.51,3.58,2.09
2739,2021/22,2021-10-18,Arsenal,Crystal Palace,2.0,2.0,D,1.0,0.0,M Dean,17.0,9.0,6.0,6.0,6.0,4.0,7.0,4.0,1.0,1.0,0.0,0.0,1.6,3.8,6.0,1.66,3.94,5.91,1.62,4.17,5.96,1.65,3.87,5.65
2740,2021/22,2021-10-22,Arsenal,Aston Villa,3.0,1.0,H,2.0,0.0,C Pawson,22.0,10.0,9.0,4.0,7.0,4.0,17.0,10.0,2.0,5.0,0.0,0.0,1.83,3.75,4.2,1.92,3.77,4.22,2.04,3.65,3.87,1.91,3.73,4.05
2741,2021/22,2021-10-23,Brighton,Man City,1.0,4.0,A,0.0,3.0,K Friend,10.0,23.0,5.0,14.0,7.0,6.0,10.0,6.0,2.0,3.0,0.0,0.0,8.0,4.75,1.4,7.66,4.79,1.46,8.18,4.95,1.43,7.71,4.77,1.42
2742,2021/22,2021-10-23,Chelsea,Norwich,7.0,0.0,H,3.0,0.0,A Madley,23.0,3.0,13.0,1.0,5.0,0.0,14.0,16.0,0.0,2.0,0.0,1.0,1.18,7.0,15.0,1.19,7.28,19.32,1.22,6.75,15.5,1.19,7.07,17.21
2743,2021/22,2021-10-23,Crystal Palace,Newcastle,1.0,1.0,D,0.0,0.0,D England,15.0,6.0,3.0,2.0,3.0,7.0,13.0,9.0,3.0,4.0,0.0,0.0,1.9,3.6,4.0,1.99,3.7,3.98,2.0,3.51,4.2,1.97,3.61,3.88
2744,2021/22,2021-10-23,Everton,Watford,2.0,5.0,A,1.0,1.0,G Scott,15.0,20.0,4.0,8.0,3.0,5.0,9.0,13.0,4.0,3.0,0.0,0.0,1.65,3.8,5.5,1.68,3.88,5.79,1.84,3.57,4.98,1.67,3.86,5.49
2745,2021/22,2021-10-23,Leeds,Wolves,1.0,1.0,D,0.0,1.0,R Jones,18.0,8.0,4.0,4.0,6.0,3.0,15.0,14.0,2.0,3.0,0.0,0.0,2.4,3.4,2.87,2.67,3.46,2.79,2.64,3.44,2.84,2.57,3.37,2.79
2746,2021/22,2021-10-23,Southampton,Burnley,2.0,2.0,D,1.0,1.0,C Kavanagh,16.0,9.0,4.0,5.0,6.0,2.0,10.0,11.0,1.0,3.0,0.0,0.0,1.95,3.5,3.9,2.02,3.63,3.98,2.09,3.46,3.92,2.0,3.54,3.87
2747,2021/22,2021-10-24,Brentford,Leicester,1.0,2.0,A,0.0,1.0,S Hooper,15.0,10.0,5.0,6.0,9.0,2.0,13.0,7.0,1.0,1.0,0.0,0.0,2.62,3.3,2.7,2.66,3.47,2.79,2.86,3.56,2.55,2.63,3.39,2.72
2748,2021/22,2021-10-24,Man United,Liverpool,0.0,5.0,A,0.0,4.0,A Taylor,12.0,19.0,4.0,8.0,6.0,3.0,10.0,8.0,6.0,0.0,1.0,0.0,3.1,3.6,2.2,3.15,3.73,2.29,3.09,3.66,2.35,3.06,3.66,2.27
2749,2021/22,2021-10-24,West Ham,Tottenham,1.0,0.0,H,0.0,0.0,P Tierney,13.0,7.0,4.0,4.0,2.0,4.0,11.0,4.0,2.0,1.0,0.0,0.0,2.3,3.5,3.0,2.32,3.54,3.23,2.25,3.65,3.29,2.35,3.49,3.01
2750,2021/22,2021-10-30,Burnley,Brentford,3.0,1.0,H,3.0,0.0,J Moss,15.0,12.0,6.0,5.0,4.0,2.0,7.0,10.0,1.0,1.0,0.0,0.0,2.6,3.3,2.75,2.73,3.31,2.84,2.74,3.21,2.9,2.66,3.24,2.78
2751,2021/22,2021-10-30,Leicester,Arsenal,0.0,2.0,A,0.0,2.0,M Oliver,16.0,9.0,8.0,5.0,7.0,6.0,8.0,11.0,2.0,0.0,0.0,0.0,2.4,3.5,2.87,2.52,3.49,2.95,2.55,3.53,2.88,2.47,3.47,2.87
2752,2021/22,2021-10-30,Liverpool,Brighton,2.0,2.0,D,2.0,1.0,M Dean,14.0,9.0,3.0,6.0,5.0,3.0,8.0,5.0,2.0,2.0,0.0,0.0,1.22,6.5,13.0,1.25,6.92,11.52,1.3,5.75,11.6,1.24,6.49,12.11
2753,2021/22,2021-10-30,Man City,Crystal Palace,0.0,2.0,A,0.0,1.0,A Marriner,14.0,8.0,3.0,3.0,7.0,1.0,11.0,11.0,2.0,3.0,1.0,0.0,1.14,8.0,19.0,1.15,8.94,22.14,1.14,9.25,21.0,1.16,8.13,18.61
2754,2021/22,2021-10-30,Newcastle,Chelsea,0.0,3.0,A,0.0,0.0,P Tierney,6.0,19.0,1.0,6.0,0.0,2.0,14.0,12.0,3.0,2.0,0.0,0.0,8.5,5.0,1.36,9.28,4.96,1.4,8.43,4.52,1.46,8.63,4.91,1.38
2755,2021/22,2021-10-30,Tottenham,Man United,0.0,3.0,A,0.0,1.0,S Attwell,9.0,10.0,0.0,4.0,10.0,2.0,12.0,14.0,2.0,3.0,0.0,0.0,2.87,3.6,2.37,3.04,3.66,2.38,3.18,3.74,2.27,2.93,3.57,2.37
2756,2021/22,2021-10-30,Watford,Southampton,0.0,1.0,A,0.0,1.0,P Bankes,10.0,12.0,4.0,1.0,5.0,8.0,16.0,6.0,2.0,2.0,0.0,0.0,3.2,3.3,2.3,3.22,3.4,2.39,3.22,3.54,2.33,3.12,3.37,2.35
2757,2021/22,2021-10-31,Aston Villa,West Ham,1.0,4.0,A,1.0,2.0,C Kavanagh,9.0,21.0,3.0,9.0,3.0,6.0,7.0,13.0,1.0,2.0,1.0,0.0,2.8,3.5,2.45,2.86,3.58,2.54,2.94,3.5,2.52,2.83,3.5,2.48
2758,2021/22,2021-10-31,Norwich,Leeds,1.0,2.0,A,0.0,0.0,A Taylor,14.0,13.0,3.0,6.0,5.0,0.0,14.0,23.0,1.0,4.0,0.0,0.0,3.4,3.5,2.1,3.58,3.7,2.11,3.66,3.72,2.08,3.44,3.6,2.11
2759,2021/22,2021-11-01,Wolves,Everton,2.0,1.0,H,2.0,0.0,M Atkinson,10.0,14.0,4.0,5.0,4.0,3.0,10.0,8.0,1.0,1.0,0.0,0.0,2.2,3.2,3.5,2.27,3.4,3.47,2.3,3.19,3.66,2.24,3.28,3.39
2760,2021/22,2021-11-05,Southampton,Aston Villa,1.0,0.0,H,1.0,0.0,A Madley,9.0,14.0,3.0,3.0,10.0,8.0,12.0,12.0,2.0,2.0,0.0,0.0,1.95,3.6,3.75,2.04,3.71,3.79,2.17,3.59,3.54,2.02,3.66,3.68
2761,2021/22,2021-11-06,Brentford,Norwich,1.0,2.0,A,0.0,2.0,J Gillett,19.0,9.0,7.0,5.0,6.0,2.0,12.0,13.0,2.0,3.0,0.0,0.0,1.6,4.0,5.75,1.63,4.05,6.06,1.68,4.07,5.46,1.63,3.92,5.8
2762,2021/22,2021-11-06,Brighton,Newcastle,1.0,1.0,D,1.0,0.0,D Coote,14.0,6.0,5.0,1.0,2.0,5.0,16.0,10.0,3.0,4.0,1.0,0.0,1.57,3.9,6.0,1.63,4.11,6.04,1.61,4.2,6.11,1.62,3.99,5.76
2763,2021/22,2021-11-06,Chelsea,Burnley,1.0,1.0,D,1.0,0.0,A Marriner,25.0,5.0,4.0,2.0,14.0,2.0,6.0,9.0,1.0,4.0,0.0,0.0,1.25,6.0,12.0,1.27,6.08,13.48,1.29,5.77,13.05,1.26,5.94,12.51
2764,2021/22,2021-11-06,Crystal Palace,Wolves,2.0,0.0,H,0.0,0.0,G Scott,13.0,4.0,6.0,2.0,4.0,6.0,14.0,13.0,2.0,1.0,0.0,0.0,2.45,3.2,3.0,2.56,3.17,3.17,2.37,3.16,3.52,2.5,3.15,3.08
2765,2021/22,2021-11-06,Man United,Man City,0.0,2.0,A,0.0,2.0,M Oliver,5.0,16.0,1.0,5.0,1.0,9.0,9.0,12.0,1.0,2.0,0.0,0.0,4.75,4.0,1.7,4.84,4.16,1.74,4.79,4.21,1.73,4.69,4.09,1.72
2766,2021/22,2021-11-07,Arsenal,Watford,1.0,0.0,H,0.0,0.0,K Friend,14.0,7.0,6.0,1.0,4.0,2.0,6.0,19.0,4.0,2.0,0.0,1.0,1.36,4.75,8.5,1.41,4.98,8.73,1.46,4.86,7.41,1.39,4.9,8.25
2767,2021/22,2021-11-07,Everton,Tottenham,0.0,0.0,D,0.0,0.0,C Kavanagh,12.0,8.0,2.0,0.0,4.0,2.0,13.0,17.0,2.0,4.0,1.0,0.0,3.1,3.25,2.37,3.15,3.34,2.46,3.48,3.35,2.31,3.06,3.28,2.42
2768,2021/22,2021-11-07,Leeds,Leicester,1.0,1.0,D,1.0,1.0,D England,18.0,9.0,5.0,3.0,10.0,5.0,12.0,5.0,1.0,1.0,0.0,0.0,2.8,3.5,2.45,2.84,3.61,2.54,2.69,3.49,2.76,2.76,3.56,2.5
2769,2021/22,2021-11-07,West Ham,Liverpool,3.0,2.0,H,1.0,1.0,C Pawson,7.0,16.0,3.0,5.0,3.0,2.0,11.0,6.0,1.0,1.0,0.0,0.0,4.75,4.0,1.7,4.74,4.15,1.75,4.47,4.4,1.75,4.59,4.11,1.72
2770,2021/22,2021-11-20,Aston Villa,Brighton,2.0,0.0,H,0.0,0.0,A Taylor,9.0,6.0,5.0,2.0,5.0,7.0,7.0,13.0,3.0,3.0,0.0,0.0,2.45,3.3,2.9,2.48,3.33,3.14,2.5,3.37,3.08,2.43,3.31,3.04
2771,2021/22,2021-11-20,Burnley,Crystal Palace,3.0,3.0,D,2.0,3.0,S Hooper,15.0,18.0,9.0,8.0,3.0,6.0,14.0,15.0,2.0,3.0,0.0,0.0,2.7,3.2,2.7,2.79,3.29,2.79,2.86,3.25,2.74,2.77,3.23,2.7
2772,2021/22,2021-11-20,Leicester,Chelsea,0.0,3.0,A,0.0,2.0,P Tierney,4.0,16.0,3.0,7.0,3.0,5.0,15.0,8.0,3.0,1.0,0.0,0.0,4.75,3.75,1.75,4.92,3.76,1.8,5.06,3.81,1.78,4.74,3.72,1.78
2773,2021/22,2021-11-20,Liverpool,Arsenal,4.0,0.0,H,1.0,0.0,M Oliver,19.0,5.0,9.0,3.0,6.0,1.0,15.0,12.0,2.0,0.0,0.0,0.0,1.45,4.75,6.5,1.47,5.0,6.84,1.55,4.68,6.09,1.48,4.77,6.38
2774,2021/22,2021-11-20,Newcastle,Brentford,3.0,3.0,D,2.0,2.0,R Jones,23.0,10.0,9.0,4.0,8.0,2.0,13.0,11.0,2.0,2.0,0.0,0.0,2.62,3.4,2.7,2.67,3.42,2.81,2.51,3.45,3.0,2.64,3.37,2.72
2775,2021/22,2021-11-20,Norwich,Southampton,2.0,1.0,H,1.0,1.0,M Atkinson,8.0,17.0,4.0,5.0,5.0,7.0,8.0,9.0,3.0,2.0,0.0,0.0,3.6,3.5,2.05,3.71,3.54,2.12,3.53,3.53,2.19,3.63,3.46,2.1
2776,2021/22,2021-11-20,Watford,Man United,4.0,1.0,H,2.0,0.0,J Moss,20.0,9.0,7.0,3.0,9.0,3.0,7.0,5.0,2.0,1.0,0.0,1.0,6.5,4.75,1.45,6.25,4.69,1.53,6.58,4.8,1.5,6.22,4.65,1.5
2777,2021/22,2021-11-20,Wolves,West Ham,1.0,0.0,H,0.0,0.0,M Dean,15.0,8.0,5.0,3.0,7.0,3.0,6.0,9.0,1.0,1.0,0.0,0.0,3.0,3.25,2.4,3.18,3.28,2.49,3.19,3.32,2.46,3.02,3.27,2.47
2778,2021/22,2021-11-21,Man City,Everton,3.0,0.0,H,1.0,0.0,S Attwell,17.0,4.0,7.0,1.0,7.0,1.0,5.0,7.0,1.0,1.0,0.0,0.0,1.14,8.0,19.0,1.19,7.71,17.04,1.2,7.5,16.0,1.18,7.56,15.95
2779,2021/22,2021-11-21,Tottenham,Leeds,2.0,1.0,H,0.0,1.0,A Marriner,13.0,18.0,4.0,7.0,4.0,8.0,11.0,12.0,1.0,4.0,0.0,0.0,1.7,4.2,4.5,1.77,4.15,4.61,1.61,4.18,6.01,1.73,4.07,4.56
2780,2021/22,2021-11-27,Arsenal,Newcastle,2.0,0.0,H,0.0,0.0,S Attwell,24.0,9.0,6.0,5.0,4.0,4.0,6.0,12.0,1.0,3.0,0.0,0.0,1.44,4.75,7.0,1.48,4.95,6.77,1.53,4.52,6.63,1.47,4.77,6.61
2781,2021/22,2021-11-27,Brighton,Leeds,0.0,0.0,D,0.0,0.0,C Pawson,20.0,11.0,4.0,4.0,6.0,1.0,12.0,14.0,1.0,3.0,0.0,0.0,2.05,3.4,3.75,2.14,3.44,3.78,2.23,3.34,3.64,2.11,3.41,3.67
2782,2021/22,2021-11-27,Crystal Palace,Aston Villa,1.0,2.0,A,0.0,1.0,M Salisbury,8.0,10.0,3.0,3.0,7.0,3.0,12.0,10.0,3.0,3.0,0.0,0.0,2.2,3.4,3.3,2.3,3.4,3.42,2.36,3.26,3.43,2.24,3.37,3.36
2783,2021/22,2021-11-27,Liverpool,Southampton,4.0,0.0,H,3.0,0.0,A Marriner,20.0,7.0,6.0,3.0,5.0,7.0,7.0,14.0,0.0,1.0,0.0,0.0,1.28,6.0,9.0,1.3,6.08,10.1,1.25,6.75,12.0,1.29,5.99,9.78
2784,2021/22,2021-11-27,Norwich,Wolves,0.0,0.0,D,0.0,0.0,S Hooper,14.0,5.0,4.0,2.0,4.0,3.0,11.0,10.0,2.0,2.0,0.0,0.0,3.5,3.3,2.15,3.61,3.44,2.2,3.6,3.35,2.24,3.54,3.35,2.17
2785,2021/22,2021-11-28,Brentford,Everton,1.0,0.0,H,1.0,0.0,D England,6.0,14.0,4.0,5.0,3.0,3.0,8.0,11.0,4.0,3.0,0.0,0.0,2.25,3.2,3.4,2.29,3.33,3.51,2.29,3.26,3.62,2.25,3.27,3.4
2786,2021/22,2021-11-28,Chelsea,Man United,1.0,1.0,D,0.0,0.0,A Taylor,24.0,3.0,6.0,2.0,15.0,2.0,13.0,14.0,2.0,5.0,0.0,0.0,1.57,4.0,6.0,1.63,4.21,5.75,1.58,4.21,6.44,1.61,4.12,5.67
2787,2021/22,2021-11-28,Leicester,Watford,4.0,2.0,H,3.0,1.0,A Madley,18.0,16.0,8.0,5.0,8.0,6.0,5.0,19.0,0.0,0.0,0.0,0.0,1.61,4.0,5.5,1.65,4.16,5.57,1.69,4.05,5.33,1.63,4.15,5.26
2788,2021/22,2021-11-28,Man City,West Ham,2.0,1.0,H,1.0,0.0,M Oliver,19.0,5.0,9.0,3.0,8.0,4.0,7.0,6.0,2.0,0.0,0.0,0.0,1.28,5.75,10.0,1.3,5.98,10.56,1.27,6.5,11.0,1.3,5.82,10.01
2789,2021/22,2021-11-30,Leeds,Crystal Palace,1.0,0.0,H,0.0,0.0,K Friend,15.0,9.0,3.0,1.0,7.0,4.0,15.0,15.0,5.0,3.0,0.0,0.0,2.4,3.3,3.0,2.43,3.41,3.15,2.36,3.39,3.31,2.42,3.33,3.06
2790,2021/22,2021-11-30,Newcastle,Norwich,1.0,1.0,D,0.0,0.0,A Madley,9.0,16.0,1.0,6.0,2.0,5.0,8.0,11.0,0.0,0.0,0.0,1.0,1.95,3.5,3.9,2.02,3.68,3.91,2.09,3.6,3.75,1.99,3.63,3.82
2791,2021/22,2021-12-01,Aston Villa,Man City,1.0,2.0,A,0.0,2.0,M Dean,9.0,17.0,3.0,7.0,4.0,11.0,8.0,12.0,0.0,0.0,0.0,0.0,9.0,5.25,1.33,8.57,5.25,1.39,7.4,4.69,1.48,8.6,5.2,1.36
2792,2021/22,2021-12-01,Everton,Liverpool,1.0,4.0,A,1.0,2.0,P Tierney,8.0,16.0,2.0,7.0,3.0,11.0,8.0,16.0,4.0,3.0,0.0,0.0,7.5,5.25,1.36,7.67,5.17,1.43,9.13,5.18,1.38,7.52,5.05,1.41
2793,2021/22,2021-12-01,Southampton,Leicester,2.0,2.0,D,2.0,1.0,R Jones,15.0,15.0,7.0,6.0,2.0,4.0,14.0,11.0,1.0,3.0,0.0,0.0,2.37,3.5,2.87,2.47,3.56,2.98,2.42,3.57,3.02,2.43,3.47,2.91
2794,2021/22,2021-12-01,Watford,Chelsea,1.0,2.0,A,1.0,1.0,D Coote,13.0,8.0,6.0,4.0,6.0,0.0,18.0,16.0,4.0,3.0,0.0,0.0,10.0,5.25,1.3,10.31,5.61,1.33,11.04,5.51,1.32,10.3,5.43,1.31
2795,2021/22,2021-12-01,West Ham,Brighton,1.0,1.0,D,1.0,0.0,C Kavanagh,14.0,9.0,6.0,3.0,9.0,5.0,10.0,8.0,1.0,1.0,0.0,0.0,1.95,3.6,3.8,2.05,3.6,3.87,2.04,3.45,4.49,2.01,3.53,3.79
2796,2021/22,2021-12-01,Wolves,Burnley,0.0,0.0,D,0.0,0.0,J Brooks,16.0,6.0,2.0,1.0,5.0,5.0,5.0,7.0,2.0,3.0,0.0,0.0,1.85,3.5,4.33,1.98,3.43,4.39,1.88,3.43,4.94,1.95,3.41,4.23
2797,2021/22,2021-12-02,Man United,Arsenal,3.0,2.0,H,1.0,1.0,M Atkinson,14.0,17.0,10.0,8.0,3.0,8.0,9.0,10.0,1.0,0.0,0.0,0.0,1.95,3.75,3.75,2.07,3.68,3.75,2.08,3.76,3.58,2.02,3.66,3.66
2798,2021/22,2021-12-02,Tottenham,Brentford,2.0,0.0,H,1.0,0.0,J Moss,11.0,6.0,6.0,2.0,11.0,5.0,13.0,11.0,0.0,0.0,0.0,0.0,1.6,4.2,5.25,1.67,4.22,5.34,1.69,3.98,5.44,1.64,4.07,5.25
2799,2021/22,2021-12-04,Newcastle,Burnley,1.0,0.0,H,1.0,0.0,P Tierney,19.0,10.0,4.0,1.0,10.0,3.0,11.0,9.0,1.0,1.0,0.0,0.0,2.3,3.3,3.2,2.4,3.38,3.22,2.41,3.49,3.09,2.33,3.35,3.19
2800,2021/22,2021-12-04,Southampton,Brighton,1.0,1.0,D,1.0,0.0,A Taylor,14.0,14.0,4.0,4.0,6.0,2.0,15.0,12.0,4.0,2.0,0.0,0.0,2.45,3.2,3.0,2.48,3.25,3.22,2.65,3.23,2.96,2.45,3.21,3.1
2801,2021/22,2021-12-04,Watford,Man City,1.0,3.0,A,0.0,2.0,S Hooper,11.0,26.0,4.0,13.0,5.0,11.0,10.0,7.0,3.0,0.0,0.0,0.0,12.0,7.0,1.2,14.88,7.43,1.21,15.0,7.0,1.22,14.65,7.19,1.2
2802,2021/22,2021-12-04,West Ham,Chelsea,3.0,2.0,H,1.0,2.0,A Marriner,11.0,19.0,5.0,7.0,1.0,9.0,10.0,10.0,1.0,3.0,0.0,0.0,4.75,3.6,1.75,4.85,3.58,1.85,4.92,3.65,1.83,4.7,3.6,1.82
2803,2021/22,2021-12-04,Wolves,Liverpool,0.0,1.0,A,0.0,0.0,C Kavanagh,3.0,17.0,1.0,5.0,2.0,8.0,4.0,7.0,2.0,2.0,0.0,0.0,8.0,4.75,1.4,8.08,4.72,1.45,9.24,5.16,1.38,7.73,4.75,1.43
2804,2021/22,2021-12-05,Aston Villa,Leicester,2.0,1.0,H,1.0,1.0,M Oliver,13.0,12.0,4.0,5.0,3.0,6.0,8.0,25.0,1.0,1.0,0.0,0.0,2.37,3.4,3.0,2.38,3.49,3.17,2.4,3.42,3.17,2.36,3.45,3.03
2805,2021/22,2021-12-05,Leeds,Brentford,2.0,2.0,D,1.0,0.0,D Coote,13.0,9.0,6.0,3.0,5.0,1.0,11.0,9.0,5.0,3.0,0.0,0.0,1.95,3.6,3.8,1.98,3.63,4.13,1.83,3.63,4.94,1.94,3.62,3.99
2806,2021/22,2021-12-05,Man United,Crystal Palace,1.0,0.0,H,0.0,0.0,C Pawson,16.0,8.0,3.0,2.0,9.0,6.0,16.0,9.0,2.0,2.0,0.0,0.0,1.5,4.33,6.5,1.59,4.13,6.46,1.54,4.49,6.56,1.57,4.19,6.09
2807,2021/22,2021-12-05,Tottenham,Norwich,3.0,0.0,H,1.0,0.0,J Gillett,17.0,10.0,7.0,1.0,6.0,4.0,11.0,4.0,1.0,2.0,0.0,0.0,1.36,5.0,8.5,1.43,4.9,8.28,1.48,4.51,7.94,1.41,4.75,8.11
2808,2021/22,2021-12-06,Everton,Arsenal,2.0,1.0,H,0.0,1.0,M Dean,11.0,10.0,5.0,3.0,3.0,3.0,8.0,12.0,2.0,2.0,0.0,0.0,3.4,3.5,2.1,3.45,3.65,2.18,3.33,3.42,2.31,3.38,3.52,2.16
2809,2021/22,2021-12-10,Brentford,Watford,2.0,1.0,H,0.0,1.0,M Oliver,14.0,6.0,5.0,2.0,8.0,2.0,12.0,18.0,4.0,0.0,0.0,0.0,2.25,3.3,3.3,2.32,3.33,3.44,2.63,3.45,2.82,2.29,3.32,3.34
2810,2021/22,2021-12-11,Arsenal,Southampton,3.0,0.0,H,2.0,0.0,J Gillett,15.0,11.0,5.0,6.0,9.0,8.0,5.0,9.0,2.0,0.0,0.0,0.0,1.61,4.0,5.5,1.68,4.01,5.61,1.75,4.1,4.76,1.67,3.99,5.32
2811,2021/22,2021-12-11,Chelsea,Leeds,3.0,2.0,H,1.0,1.0,C Kavanagh,16.0,12.0,6.0,5.0,5.0,2.0,9.0,15.0,2.0,5.0,0.0,0.0,1.25,5.75,12.0,1.28,6.1,11.9,1.25,6.75,13.0,1.28,5.95,11.46
2812,2021/22,2021-12-11,Liverpool,Aston Villa,1.0,0.0,H,0.0,0.0,S Attwell,20.0,4.0,5.0,0.0,11.0,3.0,13.0,6.0,1.0,2.0,0.0,0.0,1.2,7.0,13.0,1.23,7.15,12.65,1.24,6.75,13.0,1.23,6.85,11.92
2813,2021/22,2021-12-11,Man City,Wolves,1.0,0.0,H,0.0,0.0,J Moss,24.0,2.0,10.0,1.0,14.0,1.0,12.0,5.0,3.0,2.0,0.0,1.0,1.14,8.0,19.0,1.17,8.21,20.21,1.16,8.25,21.0,1.16,8.11,20.35
2814,2021/22,2021-12-11,Norwich,Man United,0.0,1.0,A,0.0,0.0,D England,11.0,13.0,5.0,5.0,8.0,6.0,6.0,17.0,1.0,1.0,0.0,0.0,7.0,4.5,1.45,7.52,4.9,1.45,7.48,5.11,1.44,7.25,4.73,1.45
2815,2021/22,2021-12-12,Burnley,West Ham,0.0,0.0,D,0.0,0.0,G Scott,9.0,16.0,1.0,3.0,6.0,4.0,13.0,11.0,2.0,1.0,0.0,0.0,3.6,3.6,2.0,3.74,3.75,2.05,3.58,3.53,2.16,3.61,3.64,2.05
2816,2021/22,2021-12-12,Crystal Palace,Everton,3.0,1.0,H,1.0,0.0,A Madley,17.0,12.0,6.0,6.0,8.0,2.0,15.0,14.0,0.0,2.0,0.0,0.0,2.3,3.2,3.3,2.3,3.22,3.63,2.27,3.25,3.66,2.29,3.21,3.42
2817,2021/22,2021-12-12,Leicester,Newcastle,4.0,0.0,H,1.0,0.0,P Bankes,8.0,12.0,5.0,3.0,4.0,6.0,9.0,16.0,2.0,3.0,0.0,0.0,1.66,4.1,4.75,1.78,4.01,4.71,1.7,4.12,5.06,1.75,4.01,4.56
2818,2021/22,2021-12-14,Man City,Leeds,7.0,0.0,H,3.0,0.0,P Tierney,31.0,6.0,15.0,3.0,6.0,2.0,5.0,9.0,1.0,1.0,0.0,0.0,1.14,8.5,15.0,1.16,9.0,19.75,1.14,9.5,20.0,1.15,8.7,18.17
2819,2021/22,2021-12-14,Norwich,Aston Villa,0.0,2.0,A,0.0,1.0,D Coote,7.0,17.0,3.0,6.0,7.0,10.0,12.0,9.0,3.0,1.0,0.0,0.0,3.3,3.3,2.25,3.45,3.3,2.33,3.78,3.43,2.14,3.37,3.26,2.29
2820,2021/22,2021-12-15,Arsenal,West Ham,2.0,0.0,H,0.0,0.0,A Taylor,21.0,7.0,8.0,1.0,5.0,2.0,8.0,9.0,2.0,0.0,0.0,1.0,2.1,3.6,3.3,2.27,3.58,3.32,2.3,3.62,3.19,2.2,3.58,3.26
2821,2021/22,2021-12-15,Brighton,Wolves,0.0,1.0,A,0.0,1.0,T Harrington,12.0,8.0,2.0,5.0,7.0,4.0,11.0,14.0,2.0,0.0,0.0,0.0,2.25,3.1,3.5,2.37,3.05,3.66,2.0,3.25,4.6,2.32,3.05,3.51
2822,2021/22,2021-12-15,Crystal Palace,Southampton,2.0,2.0,D,1.0,2.0,S Hooper,9.0,15.0,6.0,4.0,4.0,6.0,16.0,20.0,2.0,4.0,0.0,0.0,2.15,3.3,3.5,2.17,3.41,3.71,2.03,3.49,4.08,2.14,3.38,3.59
2823,2021/22,2021-12-16,Chelsea,Everton,1.0,1.0,D,0.0,0.0,M Oliver,23.0,5.0,10.0,3.0,7.0,1.0,11.0,11.0,2.0,3.0,0.0,0.0,1.22,6.5,13.0,1.24,6.36,14.4,1.23,7.83,16.72,1.24,6.17,13.27
2824,2021/22,2021-12-16,Liverpool,Newcastle,3.0,1.0,H,2.0,1.0,M Dean,23.0,4.0,8.0,2.0,11.0,0.0,9.0,4.0,1.0,3.0,0.0,0.0,1.12,9.0,19.0,1.13,9.72,24.98,1.1,12.0,27.0,1.12,9.52,21.43
2825,2021/22,2021-12-18,Leeds,Arsenal,1.0,4.0,A,0.0,3.0,A Marriner,9.0,21.0,2.0,12.0,1.0,4.0,11.0,7.0,3.0,1.0,0.0,0.0,3.9,3.8,1.83,3.89,3.84,1.93,5.58,4.41,1.62,3.89,3.78,1.91
2826,2021/22,2021-12-19,Newcastle,Man City,0.0,4.0,A,0.0,2.0,M Atkinson,5.0,18.0,1.0,7.0,3.0,6.0,9.0,6.0,1.0,2.0,0.0,0.0,13.0,7.5,1.18,16.21,7.42,1.18,23.5,10.0,1.13,16.25,7.72,1.18
2827,2021/22,2021-12-19,Tottenham,Liverpool,2.0,2.0,D,1.0,1.0,P Tierney,10.0,18.0,5.0,6.0,6.0,4.0,12.0,11.0,4.0,4.0,0.0,1.0,5.25,4.75,1.53,5.19,4.78,1.57,5.13,4.4,1.65,5.18,4.5,1.59
2828,2021/22,2021-12-19,Wolves,Chelsea,0.0,0.0,D,0.0,0.0,D Coote,4.0,8.0,1.0,1.0,4.0,9.0,9.0,7.0,0.0,2.0,0.0,0.0,7.0,4.2,1.5,6.52,3.92,1.59,5.74,3.54,1.76,6.42,3.93,1.58
2829,2021/22,2021-12-26,Aston Villa,Chelsea,1.0,3.0,A,1.0,1.0,M Atkinson,8.0,10.0,1.0,4.0,2.0,5.0,8.0,11.0,3.0,1.0,0.0,0.0,5.25,3.8,1.65,5.57,3.77,1.69,5.37,3.91,1.71,5.35,3.77,1.7
2830,2021/22,2021-12-26,Brighton,Brentford,2.0,0.0,H,2.0,0.0,D England,15.0,16.0,5.0,6.0,6.0,9.0,8.0,10.0,1.0,3.0,0.0,0.0,1.9,3.4,4.2,1.95,3.49,4.25,1.99,3.41,4.42,1.95,3.45,4.15
2831,2021/22,2021-12-26,Man City,Leicester,6.0,3.0,H,4.0,0.0,C Kavanagh,17.0,14.0,9.0,8.0,14.0,4.0,11.0,9.0,1.0,2.0,0.0,0.0,1.18,7.5,13.0,1.19,7.91,13.72,1.13,10.5,21.0,1.18,7.85,14.75
2832,2021/22,2021-12-26,Norwich,Arsenal,0.0,5.0,A,0.0,2.0,G Scott,4.0,16.0,2.0,6.0,3.0,5.0,13.0,7.0,1.0,2.0,0.0,0.0,8.0,4.75,1.4,8.02,4.81,1.42,6.58,4.54,1.53,7.73,4.77,1.42
2833,2021/22,2021-12-26,Tottenham,Crystal Palace,3.0,0.0,H,2.0,0.0,J Moss,17.0,4.0,6.0,0.0,4.0,2.0,16.0,10.0,1.0,1.0,0.0,1.0,1.72,3.8,4.75,1.7,3.91,5.21,1.75,3.87,5.14,1.72,3.87,4.97
2834,2021/22,2021-12-26,West Ham,Southampton,2.0,3.0,A,0.0,1.0,K Friend,11.0,11.0,5.0,6.0,10.0,2.0,10.0,9.0,2.0,3.0,0.0,0.0,1.8,3.9,4.2,1.86,3.78,4.28,1.98,3.66,4.07,1.85,3.8,4.18
2835,2021/22,2021-12-27,Newcastle,Man United,1.0,1.0,D,1.0,0.0,C Pawson,13.0,13.0,8.0,4.0,2.0,4.0,11.0,8.0,3.0,3.0,0.0,0.0,6.5,4.75,1.44,6.92,4.46,1.49,6.28,4.74,1.53,6.66,4.58,1.48
2836,2021/22,2021-12-28,Crystal Palace,Norwich,3.0,0.0,H,3.0,0.0,P Tierney,19.0,12.0,6.0,3.0,8.0,8.0,9.0,13.0,1.0,2.0,0.0,0.0,1.65,3.75,5.5,1.69,3.77,5.91,1.78,3.6,5.48,1.68,3.74,5.68
2837,2021/22,2021-12-28,Leicester,Liverpool,1.0,0.0,H,0.0,0.0,M Oliver,6.0,21.0,1.0,4.0,1.0,12.0,8.0,11.0,0.0,1.0,0.0,0.0,8.0,5.5,1.33,7.76,5.82,1.38,8.27,6.23,1.33,7.72,5.72,1.36
2838,2021/22,2021-12-28,Southampton,Tottenham,1.0,1.0,D,1.0,1.0,A Taylor,9.0,21.0,2.0,11.0,3.0,7.0,15.0,5.0,2.0,2.0,1.0,0.0,3.75,3.5,2.0,3.87,3.52,2.08,3.77,3.37,2.17,3.74,3.51,2.05
2839,2021/22,2021-12-28,Watford,West Ham,1.0,4.0,A,1.0,2.0,D England,14.0,13.0,5.0,6.0,4.0,5.0,12.0,12.0,0.0,1.0,0.0,0.0,3.4,3.6,2.1,3.35,3.6,2.24,3.59,3.84,2.07,3.28,3.58,2.2
2840,2021/22,2021-12-29,Brentford,Man City,0.0,1.0,A,0.0,1.0,D Coote,6.0,12.0,2.0,3.0,3.0,5.0,12.0,10.0,0.0,0.0,0.0,0.0,19.0,8.0,1.14,16.97,7.96,1.17,14.33,8.47,1.19,17.6,7.93,1.17
2841,2021/22,2021-12-29,Chelsea,Brighton,1.0,1.0,D,1.0,0.0,M Dean,11.0,18.0,5.0,6.0,10.0,8.0,14.0,7.0,4.0,1.0,0.0,0.0,1.4,4.5,7.5,1.42,4.56,8.59,1.35,5.04,11.23,1.43,4.5,8.18
2842,2021/22,2021-12-30,Man United,Burnley,3.0,1.0,H,3.0,1.0,J Moss,18.0,10.0,6.0,3.0,7.0,5.0,5.0,10.0,0.0,0.0,0.0,0.0,1.36,5.0,9.0,1.38,4.97,8.67,1.39,4.97,9.7,1.38,4.99,8.54
2843,2021/22,2022-01-01,Arsenal,Man City,1.0,2.0,A,1.0,0.0,S Attwell,7.0,15.0,2.0,2.0,5.0,5.0,13.0,5.0,3.0,2.0,1.0,0.0,5.75,4.75,1.5,6.01,4.57,1.53,5.24,4.21,1.68,5.91,4.62,1.53
2844,2021/22,2022-01-01,Crystal Palace,West Ham,2.0,3.0,A,0.0,3.0,D England,22.0,10.0,6.0,5.0,9.0,1.0,6.0,16.0,0.0,2.0,0.0,0.0,3.1,3.4,2.3,3.09,3.41,2.4,3.56,3.37,2.25,3.09,3.46,2.33
2845,2021/22,2022-01-01,Watford,Tottenham,0.0,1.0,A,0.0,0.0,R Jones,6.0,21.0,4.0,9.0,3.0,7.0,6.0,9.0,0.0,1.0,0.0,0.0,5.0,4.2,1.61,5.42,4.25,1.62,6.01,4.12,1.63,5.32,4.17,1.62
2846,2021/22,2022-01-02,Brentford,Aston Villa,2.0,1.0,H,1.0,1.0,C Pawson,10.0,16.0,4.0,5.0,3.0,7.0,17.0,11.0,2.0,2.0,0.0,0.0,3.0,3.3,2.4,3.09,3.3,2.46,2.95,3.21,2.69,3.0,3.31,2.45
2847,2021/22,2022-01-02,Chelsea,Liverpool,2.0,2.0,D,2.0,2.0,A Taylor,15.0,10.0,6.0,6.0,6.0,7.0,5.0,13.0,1.0,2.0,0.0,0.0,3.1,3.5,2.25,3.14,3.6,2.29,2.67,3.58,2.72,3.06,3.54,2.31
2848,2021/22,2022-01-02,Everton,Brighton,2.0,3.0,A,0.0,2.0,J Brooks,17.0,12.0,6.0,5.0,8.0,5.0,5.0,12.0,1.0,1.0,0.0,0.0,2.75,3.2,2.62,2.87,3.08,2.78,2.91,3.12,2.67,2.78,3.16,2.72
2849,2021/22,2022-01-02,Leeds,Burnley,3.0,1.0,H,1.0,0.0,P Tierney,22.0,8.0,7.0,2.0,9.0,3.0,11.0,7.0,2.0,1.0,0.0,0.0,2.05,3.5,3.5,2.02,3.59,3.83,2.12,3.52,3.73,2.03,3.57,3.65
2850,2021/22,2022-01-03,Man United,Wolves,0.0,1.0,A,0.0,0.0,M Dean,9.0,19.0,2.0,6.0,3.0,8.0,9.0,8.0,3.0,1.0,0.0,0.0,1.53,4.33,6.0,1.56,4.37,5.98,1.74,3.74,5.53,1.56,4.17,6.08
2851,2021/22,2022-01-11,Southampton,Brentford,4.0,1.0,H,2.0,1.0,S Attwell,12.0,5.0,6.0,4.0,5.0,2.0,9.0,8.0,0.0,1.0,0.0,0.0,2.05,3.4,3.6,2.15,3.37,3.82,2.23,3.33,3.67,2.11,3.37,3.73
2852,2021/22,2022-01-12,West Ham,Norwich,2.0,0.0,H,1.0,0.0,S Hooper,13.0,7.0,5.0,3.0,11.0,2.0,9.0,8.0,0.0,0.0,0.0,0.0,1.28,5.5,10.0,1.32,5.53,10.04,1.4,5.15,8.47,1.31,5.52,10.28
2853,2021/22,2022-01-14,Brighton,Crystal Palace,1.0,1.0,D,0.0,0.0,R Jones,19.0,3.0,4.0,1.0,9.0,0.0,11.0,7.0,0.0,2.0,0.0,0.0,2.05,3.3,3.8,2.11,3.29,4.08,2.05,3.4,4.14,2.1,3.28,3.91
2854,2021/22,2022-01-15,Aston Villa,Man United,2.0,2.0,D,0.0,1.0,D Coote,13.0,13.0,9.0,6.0,3.0,6.0,8.0,13.0,1.0,2.0,0.0,0.0,2.87,3.5,2.4,2.89,3.51,2.49,2.49,3.61,2.91,2.92,3.49,2.42
2855,2021/22,2022-01-15,Man City,Chelsea,1.0,0.0,H,0.0,0.0,C Pawson,11.0,4.0,6.0,1.0,9.0,1.0,11.0,6.0,0.0,2.0,0.0,0.0,1.65,4.0,5.0,1.72,3.79,5.2,1.67,4.21,5.35,1.72,3.87,5.0
2856,2021/22,2022-01-15,Newcastle,Watford,1.0,1.0,D,0.0,0.0,P Tierney,12.0,18.0,1.0,5.0,4.0,6.0,13.0,13.0,3.0,2.0,0.0,0.0,2.0,3.6,3.6,2.05,3.74,3.59,1.84,3.71,4.61,2.06,3.62,3.55
2857,2021/22,2022-01-15,Norwich,Everton,2.0,1.0,H,2.0,0.0,A Madley,14.0,12.0,3.0,5.0,8.0,8.0,12.0,14.0,3.0,1.0,0.0,0.0,3.75,3.5,2.0,3.77,3.54,2.06,3.56,3.37,2.25,3.74,3.48,2.05
2858,2021/22,2022-01-15,Wolves,Southampton,3.0,1.0,H,1.0,0.0,M Salisbury,9.0,13.0,5.0,10.0,2.0,10.0,13.0,14.0,2.0,3.0,0.0,0.0,2.25,3.2,3.4,2.35,3.18,3.4,2.49,3.04,3.44,2.32,3.16,3.4
2859,2021/22,2022-01-16,Liverpool,Brentford,3.0,0.0,H,1.0,0.0,J Moss,27.0,6.0,13.0,1.0,9.0,0.0,6.0,6.0,0.0,1.0,0.0,0.0,1.3,5.5,10.0,1.3,5.82,10.45,1.29,6.25,11.37,1.3,5.68,10.64
2860,2021/22,2022-01-16,West Ham,Leeds,2.0,3.0,A,1.0,2.0,M Dean,15.0,18.0,5.0,5.0,4.0,3.0,6.0,9.0,3.0,2.0,0.0,0.0,1.61,4.2,5.0,1.65,4.28,5.13,1.69,4.24,5.03,1.65,4.21,4.98
2861,2021/22,2022-01-18,Brighton,Chelsea,1.0,1.0,D,0.0,1.0,K Friend,10.0,15.0,2.0,3.0,5.0,7.0,8.0,5.0,1.0,2.0,0.0,0.0,4.75,3.75,1.72,4.75,3.79,1.78,5.48,3.81,1.72,4.81,3.72,1.77
2862,2021/22,2022-01-19,Brentford,Man United,1.0,3.0,A,0.0,0.0,A Marriner,18.0,13.0,8.0,5.0,6.0,9.0,7.0,9.0,0.0,0.0,0.0,0.0,4.5,3.7,1.8,4.68,3.46,1.88,4.91,3.91,1.76,4.51,3.64,1.83
2863,2021/22,2022-01-19,Leicester,Tottenham,2.0,3.0,A,1.0,1.0,J Moss,14.0,27.0,4.0,10.0,3.0,8.0,6.0,12.0,1.0,2.0,0.0,0.0,3.0,3.5,2.3,3.12,3.41,2.38,3.34,3.5,2.27,3.04,3.42,2.36
2864,2021/22,2022-01-21,Watford,Norwich,0.0,3.0,A,0.0,0.0,M Dean,15.0,7.0,4.0,2.0,5.0,1.0,16.0,11.0,0.0,1.0,1.0,0.0,2.0,3.5,3.75,2.09,3.53,3.66,2.07,3.54,3.88,2.07,3.52,3.63
2865,2021/22,2022-01-22,Brentford,Wolves,1.0,2.0,A,0.0,0.0,P Bankes,11.0,7.0,1.0,2.0,6.0,3.0,6.0,7.0,2.0,3.0,0.0,0.0,3.2,2.8,2.6,3.15,3.11,2.54,2.53,3.07,3.33,3.09,3.05,2.54
2866,2021/22,2022-01-22,Everton,Aston Villa,0.0,1.0,A,0.0,1.0,C Pawson,15.0,8.0,1.0,3.0,9.0,2.0,14.0,16.0,5.0,3.0,0.0,0.0,2.75,3.25,2.62,2.82,3.25,2.7,2.65,3.63,2.69,2.75,3.29,2.66
2867,2021/22,2022-01-22,Leeds,Newcastle,0.0,1.0,A,0.0,0.0,C Kavanagh,13.0,15.0,4.0,3.0,6.0,7.0,9.0,9.0,4.0,2.0,0.0,0.0,2.0,3.5,3.75,2.03,3.72,3.67,1.86,4.06,4.17,2.01,3.72,3.63
2868,2021/22,2022-01-22,Man United,West Ham,1.0,0.0,H,0.0,0.0,J Moss,18.0,6.0,3.0,1.0,3.0,3.0,9.0,8.0,1.0,1.0,0.0,0.0,1.85,3.8,4.0,1.93,3.85,3.9,2.17,3.6,3.52,1.91,3.8,3.88
2869,2021/22,2022-01-22,Southampton,Man City,1.0,1.0,D,1.0,0.0,S Hooper,7.0,20.0,3.0,5.0,2.0,11.0,13.0,5.0,3.0,0.0,0.0,0.0,10.0,6.5,1.25,10.23,6.18,1.27,12.25,6.06,1.3,10.18,6.08,1.28
2870,2021/22,2022-01-23,Arsenal,Burnley,0.0,0.0,D,0.0,0.0,D Coote,20.0,10.0,5.0,1.0,12.0,4.0,9.0,13.0,0.0,2.0,0.0,0.0,1.36,4.75,9.0,1.36,5.22,9.18,1.32,5.57,11.9,1.36,4.97,9.11
2871,2021/22,2022-01-23,Chelsea,Tottenham,2.0,0.0,H,0.0,0.0,P Tierney,15.0,6.0,7.0,3.0,10.0,3.0,17.0,14.0,2.0,1.0,0.0,0.0,1.61,4.2,5.0,1.7,4.17,4.82,1.74,3.89,5.2,1.69,3.99,4.96
2872,2021/22,2022-01-23,Crystal Palace,Liverpool,1.0,3.0,A,0.0,2.0,K Friend,8.0,15.0,5.0,7.0,2.0,5.0,12.0,10.0,4.0,1.0,0.0,0.0,6.0,4.2,1.53,5.75,4.14,1.61,6.26,4.27,1.58,5.73,4.21,1.58
2873,2021/22,2022-01-23,Leicester,Brighton,1.0,1.0,D,0.0,0.0,M Atkinson,15.0,14.0,5.0,5.0,4.0,5.0,6.0,8.0,0.0,1.0,0.0,0.0,2.5,3.25,2.9,2.66,3.36,2.78,2.71,3.39,2.79,2.55,3.37,2.8
2874,2021/22,2022-02-05,Burnley,Watford,0.0,0.0,D,0.0,0.0,C Pawson,13.0,11.0,2.0,5.0,4.0,7.0,16.0,9.0,1.0,2.0,0.0,0.0,2.2,3.25,3.5,2.19,3.27,3.69,2.22,3.32,3.69,2.21,3.27,3.51
2875,2021/22,2022-02-08,Burnley,Man United,1.0,1.0,D,0.0,1.0,M Dean,9.0,22.0,3.0,5.0,2.0,10.0,11.0,10.0,2.0,1.0,0.0,0.0,5.5,4.0,1.61,6.09,4.13,1.62,6.65,4.25,1.56,5.82,4.07,1.61
2876,2021/22,2022-02-08,Newcastle,Everton,3.0,1.0,H,1.0,1.0,A Taylor,20.0,11.0,9.0,3.0,6.0,2.0,13.0,13.0,2.0,3.0,0.0,0.0,2.5,3.25,2.87,2.57,3.42,2.94,2.59,3.44,2.87,2.52,3.38,2.88
2877,2021/22,2022-02-08,West Ham,Watford,1.0,0.0,H,0.0,0.0,M Atkinson,9.0,6.0,3.0,1.0,5.0,6.0,1.0,6.0,1.0,0.0,0.0,0.0,1.55,4.2,5.75,1.54,4.42,6.7,1.55,4.32,7.03,1.55,4.3,6.28
2878,2021/22,2022-02-09,Aston Villa,Leeds,3.0,3.0,D,3.0,2.0,J Gillett,12.0,16.0,4.0,8.0,6.0,11.0,11.0,9.0,1.0,3.0,1.0,0.0,1.8,3.8,4.2,1.83,4.0,4.4,1.98,3.71,3.96,1.8,3.96,4.26
2879,2021/22,2022-02-09,Man City,Brentford,2.0,0.0,H,1.0,0.0,D England,15.0,6.0,7.0,2.0,9.0,3.0,7.0,13.0,0.0,0.0,0.0,0.0,1.1,9.5,23.0,1.12,10.16,25.77,1.1,11.25,31.0,1.11,9.98,23.47
2880,2021/22,2022-02-09,Norwich,Crystal Palace,1.0,1.0,D,1.0,0.0,P Tierney,5.0,13.0,1.0,5.0,4.0,6.0,11.0,15.0,1.0,2.0,0.0,0.0,3.5,3.25,2.15,3.66,3.38,2.21,3.53,3.27,2.31,3.5,3.36,2.18
2881,2021/22,2022-02-09,Tottenham,Southampton,2.0,3.0,A,1.0,1.0,D Coote,8.0,23.0,3.0,10.0,2.0,8.0,7.0,13.0,2.0,3.0,0.0,0.0,1.6,4.0,5.5,1.61,4.19,6.03,1.57,4.27,6.41,1.61,4.13,5.57
2882,2021/22,2022-02-10,Liverpool,Leicester,2.0,0.0,H,1.0,0.0,C Kavanagh,22.0,5.0,11.0,1.0,7.0,6.0,11.0,7.0,1.0,0.0,0.0,0.0,1.25,6.5,10.0,1.26,6.84,11.21,1.2,8.0,14.0,1.26,6.56,10.5
2883,2021/22,2022-02-10,Wolves,Arsenal,0.0,1.0,A,0.0,1.0,M Oliver,15.0,12.0,4.0,2.0,7.0,4.0,12.0,13.0,2.0,3.0,0.0,1.0,3.5,3.2,2.2,3.72,3.28,2.23,4.16,3.35,2.05,3.57,3.25,2.2
2884,2021/22,2022-02-12,Brentford,Crystal Palace,0.0,0.0,D,0.0,0.0,S Hooper,9.0,6.0,2.0,3.0,3.0,9.0,10.0,10.0,1.0,0.0,0.0,0.0,2.55,3.1,3.0,2.77,3.08,2.98,3.14,3.28,2.49,2.66,3.09,2.92
2885,2021/22,2022-02-12,Everton,Leeds,3.0,0.0,H,2.0,0.0,G Scott,21.0,7.0,10.0,0.0,5.0,3.0,8.0,9.0,1.0,1.0,0.0,0.0,2.25,3.5,3.0,2.37,3.58,3.12,2.66,3.65,2.67,2.32,3.64,2.99
2886,2021/22,2022-02-12,Man United,Southampton,1.0,1.0,D,1.0,0.0,S Attwell,12.0,13.0,8.0,4.0,1.0,4.0,12.0,13.0,4.0,0.0,0.0,0.0,1.6,4.0,5.5,1.63,4.32,5.53,1.54,4.61,6.26,1.61,4.22,5.43
2887,2021/22,2022-02-12,Norwich,Man City,0.0,4.0,A,0.0,1.0,A Marriner,8.0,22.0,3.0,9.0,4.0,12.0,7.0,8.0,0.0,2.0,0.0,0.0,15.0,8.0,1.16,18.96,7.94,1.18,18.5,7.75,1.18,18.09,7.86,1.17
2888,2021/22,2022-02-12,Watford,Brighton,0.0,2.0,A,0.0,1.0,J Moss,9.0,11.0,1.0,6.0,4.0,5.0,16.0,9.0,3.0,2.0,0.0,0.0,3.5,3.3,2.05,3.85,3.38,2.14,4.25,3.45,2.0,3.7,3.27,2.14
2889,2021/22,2022-02-13,Burnley,Liverpool,0.0,1.0,A,0.0,1.0,M Atkinson,8.0,12.0,5.0,4.0,5.0,8.0,7.0,6.0,0.0,1.0,0.0,0.0,10.0,5.25,1.28,10.82,6.03,1.29,13.5,7.2,1.22,10.72,5.75,1.29
2890,2021/22,2022-02-13,Leicester,West Ham,2.0,2.0,D,1.0,1.0,M Oliver,13.0,8.0,2.0,3.0,5.0,4.0,10.0,9.0,1.0,2.0,0.0,0.0,2.9,3.5,2.3,3.05,3.62,2.39,3.02,3.62,2.39,2.88,3.58,2.4
2891,2021/22,2022-02-13,Newcastle,Aston Villa,1.0,0.0,H,1.0,0.0,C Pawson,10.0,11.0,2.0,1.0,3.0,6.0,22.0,15.0,3.0,4.0,0.0,0.0,2.7,3.3,2.62,2.78,3.48,2.67,2.83,3.4,2.67,2.72,3.44,2.6
2892,2021/22,2022-02-13,Tottenham,Wolves,0.0,2.0,A,0.0,2.0,K Friend,17.0,11.0,7.0,7.0,7.0,3.0,13.0,13.0,3.0,1.0,0.0,0.0,1.7,3.6,5.5,1.69,3.82,5.86,1.69,3.78,5.9,1.68,3.76,5.57
2893,2021/22,2022-02-15,Man United,Brighton,2.0,0.0,H,0.0,0.0,P Bankes,19.0,10.0,7.0,3.0,10.0,2.0,8.0,10.0,3.0,1.0,0.0,1.0,1.72,3.75,4.75,1.81,3.78,4.87,1.83,3.59,5.0,1.78,3.78,4.74
2894,2021/22,2022-02-19,Arsenal,Brentford,2.0,1.0,H,0.0,0.0,J Moss,24.0,6.0,8.0,2.0,14.0,0.0,10.0,5.0,1.0,1.0,0.0,0.0,1.44,4.2,8.0,1.47,4.46,8.32,1.52,4.12,7.83,1.46,4.46,7.68
2895,2021/22,2022-02-19,Aston Villa,Watford,0.0,1.0,A,0.0,0.0,R Jones,20.0,8.0,1.0,4.0,10.0,5.0,12.0,7.0,1.0,2.0,0.0,0.0,1.65,3.6,5.75,1.68,3.95,5.62,1.61,4.04,6.2,1.67,3.93,5.41
2896,2021/22,2022-02-19,Brighton,Burnley,0.0,3.0,A,0.0,2.0,K Friend,11.0,10.0,1.0,4.0,4.0,4.0,12.0,12.0,1.0,4.0,0.0,0.0,1.66,3.5,6.0,1.67,3.78,6.18,1.68,3.53,6.76,1.67,3.74,5.75
2897,2021/22,2022-02-19,Crystal Palace,Chelsea,0.0,1.0,A,0.0,0.0,D Coote,7.0,9.0,0.0,3.0,4.0,4.0,4.0,20.0,1.0,3.0,0.0,0.0,5.5,3.8,1.65,5.86,3.99,1.66,6.49,3.91,1.62,5.59,3.9,1.65
2898,2021/22,2022-02-19,Liverpool,Norwich,3.0,1.0,H,0.0,0.0,M Dean,29.0,6.0,8.0,1.0,9.0,4.0,7.0,8.0,0.0,1.0,0.0,0.0,1.1,9.0,23.0,1.13,9.98,26.49,1.13,9.55,25.79,1.12,9.63,24.83
2899,2021/22,2022-02-19,Man City,Tottenham,2.0,3.0,A,1.0,1.0,A Taylor,21.0,6.0,4.0,5.0,10.0,0.0,5.0,7.0,0.0,3.0,0.0,0.0,1.28,6.0,10.0,1.29,6.05,11.91,1.28,6.26,11.17,1.29,5.87,10.84
2900,2021/22,2022-02-19,Southampton,Everton,2.0,0.0,H,0.0,0.0,A Madley,19.0,9.0,11.0,0.0,4.0,4.0,6.0,9.0,0.0,2.0,0.0,0.0,2.1,3.5,3.5,2.1,3.61,3.71,1.99,3.67,3.97,2.08,3.56,3.58
2901,2021/22,2022-02-19,West Ham,Newcastle,1.0,1.0,D,1.0,1.0,C Kavanagh,11.0,14.0,3.0,3.0,3.0,7.0,3.0,7.0,3.0,3.0,0.0,0.0,1.7,4.0,4.75,1.72,3.88,5.4,1.62,4.21,5.8,1.7,3.91,5.11
2902,2021/22,2022-02-20,Leeds,Man United,2.0,4.0,A,0.0,2.0,P Tierney,16.0,15.0,6.0,9.0,3.0,3.0,13.0,19.0,6.0,3.0,0.0,0.0,3.9,3.8,1.85,4.12,3.84,1.93,5.02,4.27,1.68,3.91,3.86,1.9
2903,2021/22,2022-02-20,Wolves,Leicester,2.0,1.0,H,1.0,1.0,C Pawson,11.0,17.0,3.0,7.0,7.0,10.0,12.0,9.0,4.0,4.0,0.0,0.0,2.25,3.3,3.25,2.34,3.24,3.5,2.19,3.27,3.81,2.29,3.28,3.33
2904,2021/22,2022-02-23,Burnley,Tottenham,1.0,0.0,H,0.0,0.0,G Scott,15.0,12.0,4.0,2.0,3.0,7.0,8.0,8.0,0.0,0.0,0.0,0.0,4.6,3.8,1.75,4.94,3.78,1.79,4.71,3.56,1.88,4.72,3.73,1.79
2905,2021/22,2022-02-23,Liverpool,Leeds,6.0,0.0,H,3.0,0.0,M Oliver,23.0,3.0,15.0,2.0,4.0,0.0,5.0,11.0,0.0,3.0,0.0,0.0,1.16,8.0,15.0,1.16,8.87,17.91,1.18,8.5,16.0,1.16,8.73,16.66
2906,2021/22,2022-02-23,Watford,Crystal Palace,1.0,4.0,A,1.0,2.0,A Marriner,8.0,7.0,1.0,5.0,6.0,4.0,12.0,9.0,2.0,1.0,0.0,0.0,3.1,3.3,2.3,3.24,3.24,2.47,3.03,3.17,2.66,3.2,3.24,2.4
2907,2021/22,2022-02-24,Arsenal,Wolves,2.0,1.0,H,0.0,1.0,M Atkinson,26.0,6.0,5.0,2.0,5.0,4.0,8.0,9.0,1.0,1.0,0.0,0.0,1.65,3.8,5.5,1.65,3.9,6.08,1.68,3.76,6.16,1.65,3.8,5.83
2908,2021/22,2022-02-25,Southampton,Norwich,2.0,0.0,H,1.0,0.0,S Hooper,27.0,8.0,9.0,1.0,13.0,6.0,12.0,9.0,1.0,2.0,0.0,0.0,1.53,4.33,6.0,1.56,4.35,6.55,1.51,4.45,6.93,1.54,4.37,6.22
2909,2021/22,2022-02-26,Brentford,Newcastle,0.0,2.0,A,0.0,2.0,M Dean,6.0,26.0,1.0,11.0,6.0,6.0,9.0,7.0,3.0,1.0,1.0,0.0,2.5,3.2,3.0,2.55,3.2,3.15,2.32,3.17,3.6,2.52,3.17,3.04
2910,2021/22,2022-02-26,Brighton,Aston Villa,0.0,2.0,A,0.0,1.0,J Brooks,12.0,9.0,1.0,4.0,7.0,2.0,17.0,11.0,4.0,5.0,0.0,0.0,2.2,3.3,3.5,2.24,3.42,3.52,2.26,3.29,3.64,2.27,3.28,3.41
2911,2021/22,2022-02-26,Crystal Palace,Burnley,1.0,1.0,D,1.0,0.0,J Moss,11.0,5.0,4.0,1.0,5.0,4.0,5.0,17.0,0.0,2.0,0.0,0.0,1.9,3.6,4.0,2.0,3.44,4.29,1.92,3.34,4.9,1.97,3.42,4.19
2912,2021/22,2022-02-26,Everton,Man City,0.0,1.0,A,0.0,0.0,P Tierney,6.0,13.0,2.0,8.0,3.0,4.0,7.0,14.0,3.0,2.0,0.0,0.0,10.0,5.75,1.28,10.59,6.17,1.29,12.5,6.75,1.25,10.95,6.04,1.28
2913,2021/22,2022-02-26,Leeds,Tottenham,0.0,4.0,A,0.0,3.0,C Pawson,19.0,15.0,3.0,11.0,3.0,6.0,16.0,11.0,4.0,2.0,0.0,0.0,4.2,3.6,1.85,4.14,4.03,1.87,3.79,3.87,2.0,4.03,3.96,1.86
2914,2021/22,2022-02-26,Man United,Watford,0.0,0.0,D,0.0,0.0,K Friend,22.0,10.0,3.0,2.0,4.0,3.0,2.0,7.0,0.0,0.0,0.0,0.0,1.3,5.5,9.5,1.36,5.67,8.94,1.39,4.98,9.14,1.34,5.44,9.04
2915,2021/22,2022-02-27,West Ham,Wolves,1.0,0.0,H,0.0,0.0,A Taylor,13.0,14.0,4.0,1.0,3.0,5.0,8.0,2.0,1.0,0.0,0.0,0.0,2.05,3.3,3.8,2.15,3.23,4.03,1.94,3.41,4.64,2.11,3.24,3.89
2916,2021/22,2022-03-01,Burnley,Leicester,0.0,2.0,A,0.0,0.0,C Kavanagh,9.0,22.0,2.0,6.0,6.0,8.0,10.0,13.0,1.0,1.0,0.0,0.0,2.9,3.4,2.4,2.98,3.39,2.55,2.95,3.31,2.63,2.94,3.34,2.52
2917,2021/22,2022-03-05,Aston Villa,Southampton,4.0,0.0,H,2.0,0.0,P Bankes,14.0,11.0,9.0,1.0,4.0,7.0,10.0,8.0,1.0,1.0,0.0,0.0,2.3,3.5,3.0,2.42,3.49,3.1,2.27,3.62,3.32,2.36,3.48,3.04
2918,2021/22,2022-03-05,Burnley,Chelsea,0.0,4.0,A,0.0,0.0,A Marriner,6.0,11.0,1.0,5.0,5.0,2.0,12.0,7.0,2.0,0.0,0.0,0.0,6.5,4.33,1.5,7.69,4.19,1.52,7.4,4.06,1.55,7.44,4.15,1.5
2919,2021/22,2022-03-05,Leicester,Leeds,1.0,0.0,H,0.0,0.0,D Coote,7.0,19.0,4.0,4.0,5.0,10.0,9.0,12.0,1.0,2.0,0.0,0.0,1.75,4.0,4.2,1.82,4.23,4.21,2.14,3.69,3.51,1.8,4.12,4.14
2920,2021/22,2022-03-05,Liverpool,West Ham,1.0,0.0,H,1.0,0.0,J Moss,22.0,13.0,5.0,5.0,4.0,6.0,7.0,7.0,2.0,1.0,0.0,0.0,1.28,5.75,9.5,1.3,5.99,10.58,1.27,6.5,11.5,1.3,5.86,9.95
2921,2021/22,2022-03-05,Newcastle,Brighton,2.0,1.0,H,2.0,0.0,M Atkinson,10.0,15.0,4.0,4.0,4.0,7.0,8.0,10.0,1.0,1.0,0.0,0.0,2.75,3.2,2.62,2.82,3.23,2.8,2.8,3.17,2.86,2.77,3.19,2.74
2922,2021/22,2022-03-05,Norwich,Brentford,1.0,3.0,A,0.0,1.0,A Taylor,15.0,10.0,7.0,6.0,5.0,5.0,13.0,18.0,2.0,5.0,0.0,0.0,2.9,3.1,2.5,3.04,3.19,2.64,3.22,3.25,2.48,2.95,3.15,2.6
2923,2021/22,2022-03-05,Wolves,Crystal Palace,0.0,2.0,A,0.0,2.0,A Madley,12.0,12.0,5.0,8.0,7.0,7.0,13.0,8.0,0.0,3.0,0.0,0.0,2.3,3.1,3.4,2.43,3.08,3.5,2.4,3.09,3.55,2.37,3.1,3.4
2924,2021/22,2022-03-06,Man City,Man United,4.0,1.0,H,2.0,1.0,M Oliver,24.0,5.0,10.0,2.0,9.0,3.0,10.0,14.0,0.0,1.0,0.0,0.0,1.4,4.75,7.5,1.43,4.9,8.34,1.43,5.06,7.66,1.41,4.91,7.86
2925,2021/22,2022-03-06,Watford,Arsenal,2.0,3.0,A,1.0,2.0,C Pawson,13.0,16.0,7.0,4.0,1.0,5.0,5.0,11.0,1.0,2.0,0.0,0.0,6.0,4.0,1.57,6.29,4.03,1.62,6.84,4.31,1.55,6.14,4.02,1.59
2926,2021/22,2022-03-07,Tottenham,Everton,5.0,0.0,H,3.0,0.0,S Attwell,14.0,6.0,7.0,0.0,5.0,2.0,15.0,10.0,2.0,0.0,0.0,0.0,1.57,3.8,5.75,1.61,4.27,5.97,1.77,3.83,5.05,1.61,4.13,5.61
2927,2021/22,2022-03-10,Leeds,Aston Villa,0.0,3.0,A,0.0,1.0,S Hooper,4.0,15.0,1.0,9.0,3.0,5.0,17.0,11.0,5.0,3.0,0.0,0.0,2.7,3.5,2.5,2.75,3.64,2.61,2.86,3.63,2.51,2.72,3.59,2.54
2928,2021/22,2022-03-10,Norwich,Chelsea,1.0,3.0,A,0.0,2.0,M Atkinson,9.0,15.0,3.0,7.0,3.0,8.0,8.0,15.0,0.0,2.0,0.0,0.0,11.0,4.75,1.3,14.15,5.78,1.28,10.58,4.98,1.36,11.9,5.59,1.29
2929,2021/22,2022-03-10,Southampton,Newcastle,1.0,2.0,A,1.0,1.0,K Friend,14.0,8.0,5.0,4.0,12.0,5.0,6.0,7.0,1.0,1.0,0.0,0.0,2.0,3.75,3.5,1.99,3.78,3.89,1.92,3.64,4.41,2.0,3.7,3.71
2930,2021/22,2022-03-10,Wolves,Watford,4.0,0.0,H,3.0,0.0,D England,10.0,9.0,5.0,0.0,5.0,2.0,11.0,10.0,2.0,2.0,0.0,0.0,1.75,3.6,4.5,1.84,3.56,5.02,1.97,3.44,4.44,1.82,3.5,4.84
2931,2021/22,2022-03-12,Brentford,Burnley,2.0,0.0,H,0.0,0.0,P Tierney,13.0,7.0,4.0,1.0,2.0,9.0,6.0,10.0,1.0,1.0,0.0,1.0,2.15,3.2,3.6,2.25,3.2,3.78,2.14,3.37,3.88,2.2,3.23,3.65
2932,2021/22,2022-03-12,Brighton,Liverpool,0.0,2.0,A,0.0,1.0,M Dean,8.0,18.0,3.0,9.0,7.0,6.0,12.0,15.0,3.0,1.0,0.0,0.0,6.0,4.33,1.5,6.65,4.44,1.54,6.88,4.63,1.51,6.2,4.47,1.53
2933,2021/22,2022-03-12,Man United,Tottenham,3.0,2.0,H,2.0,1.0,J Moss,10.0,10.0,6.0,3.0,4.0,5.0,8.0,7.0,2.0,1.0,0.0,0.0,2.2,3.4,3.25,2.22,3.66,3.35,2.39,3.54,3.12,2.18,3.56,3.33
2934,2021/22,2022-03-13,Arsenal,Leicester,2.0,0.0,H,1.0,0.0,A Taylor,21.0,6.0,8.0,3.0,2.0,6.0,8.0,10.0,0.0,3.0,0.0,0.0,1.5,4.5,6.0,1.54,4.62,6.22,1.45,4.78,7.92,1.53,4.55,6.0
2935,2021/22,2022-03-13,Chelsea,Newcastle,1.0,0.0,H,0.0,0.0,D Coote,8.0,7.0,3.0,2.0,7.0,2.0,17.0,16.0,4.0,3.0,0.0,0.0,1.3,5.25,11.0,1.34,5.17,10.18,1.41,4.94,8.76,1.33,5.3,10.16
2936,2021/22,2022-03-13,Everton,Wolves,0.0,1.0,A,0.0,0.0,M Oliver,8.0,14.0,2.0,3.0,5.0,2.0,13.0,11.0,2.0,1.0,1.0,0.0,2.3,3.2,3.3,2.37,3.2,3.48,2.33,3.1,3.69,2.31,3.24,3.35
2937,2021/22,2022-03-13,Leeds,Norwich,2.0,1.0,H,1.0,0.0,S Attwell,13.0,12.0,7.0,4.0,6.0,2.0,18.0,8.0,3.0,1.0,0.0,0.0,1.55,4.2,5.75,1.65,4.12,5.7,1.62,4.38,5.62,1.6,4.31,5.51
2938,2021/22,2022-03-13,Southampton,Watford,1.0,2.0,A,1.0,2.0,G Scott,13.0,9.0,7.0,5.0,11.0,3.0,8.0,12.0,3.0,2.0,0.0,0.0,1.6,4.2,5.25,1.61,4.33,5.82,1.68,4.05,5.48,1.61,4.17,5.59
2939,2021/22,2022-03-13,West Ham,Aston Villa,2.0,1.0,H,0.0,0.0,J Gillett,11.0,13.0,4.0,7.0,5.0,7.0,9.0,3.0,1.0,0.0,0.0,0.0,2.25,3.3,3.3,2.41,3.3,3.28,2.58,3.31,3.01,2.33,3.31,3.24
2940,2021/22,2022-03-14,Crystal Palace,Man City,0.0,0.0,D,0.0,0.0,M Atkinson,7.0,18.0,1.0,4.0,2.0,6.0,6.0,11.0,3.0,1.0,0.0,0.0,10.0,5.0,1.33,9.58,5.7,1.34,9.88,5.58,1.34,9.82,5.5,1.32
2941,2021/22,2022-03-16,Arsenal,Liverpool,0.0,2.0,A,0.0,0.0,A Marriner,9.0,9.0,2.0,3.0,1.0,6.0,9.0,9.0,0.0,1.0,0.0,0.0,3.5,4.0,1.9,3.78,4.12,1.93,3.75,3.6,2.09,3.78,3.98,1.92
2942,2021/22,2022-03-16,Brighton,Tottenham,0.0,2.0,A,0.0,1.0,R Jones,15.0,17.0,0.0,7.0,6.0,3.0,11.0,9.0,2.0,2.0,0.0,0.0,3.3,3.3,2.25,3.38,3.37,2.33,3.79,3.49,2.12,3.28,3.34,2.3
2943,2021/22,2022-03-17,Everton,Newcastle,1.0,0.0,H,0.0,0.0,C Pawson,9.0,17.0,3.0,6.0,5.0,7.0,13.0,11.0,2.0,1.0,1.0,0.0,2.4,3.25,3.1,2.4,3.38,3.22,2.41,3.31,3.28,2.37,3.38,3.11
2944,2021/22,2022-03-18,Wolves,Leeds,2.0,3.0,A,2.0,0.0,K Friend,14.0,15.0,8.0,6.0,2.0,5.0,13.0,14.0,1.0,4.0,1.0,0.0,2.1,3.5,3.4,2.17,3.53,3.6,2.29,3.38,3.47,2.14,3.49,3.56
2945,2021/22,2022-03-19,Aston Villa,Arsenal,0.0,1.0,A,0.0,1.0,A Madley,8.0,10.0,1.0,3.0,6.0,5.0,13.0,14.0,3.0,3.0,0.0,0.0,3.0,3.3,2.4,3.06,3.48,2.45,2.96,3.42,2.55,2.99,3.47,2.41
2946,2021/22,2022-03-20,Leicester,Brentford,2.0,1.0,H,2.0,0.0,D England,12.0,15.0,4.0,6.0,2.0,5.0,10.0,10.0,1.0,2.0,0.0,0.0,2.15,3.4,3.4,2.25,3.49,3.43,2.13,3.55,3.68,2.19,3.45,3.41
2947,2021/22,2022-03-20,Tottenham,West Ham,3.0,1.0,H,2.0,1.0,A Taylor,17.0,6.0,4.0,1.0,5.0,3.0,7.0,7.0,0.0,1.0,0.0,0.0,1.72,3.8,4.75,1.78,3.89,4.92,1.73,3.86,5.32,1.75,3.94,4.7
2948,2021/22,2022-04-02,Brighton,Norwich,0.0,0.0,D,0.0,0.0,S Hooper,31.0,6.0,4.0,0.0,11.0,2.0,12.0,11.0,1.0,1.0,0.0,0.0,1.5,4.0,7.0,1.53,4.08,7.94,1.52,4.33,7.16,1.5,4.12,7.51
2949,2021/22,2022-04-02,Burnley,Man City,0.0,2.0,A,0.0,2.0,C Pawson,3.0,18.0,1.0,6.0,1.0,8.0,11.0,6.0,1.0,0.0,0.0,0.0,15.0,6.5,1.2,15.0,6.63,1.23,16.5,7.3,1.2,13.75,6.54,1.23
2950,2021/22,2022-04-02,Chelsea,Brentford,1.0,4.0,A,0.0,0.0,A Madley,21.0,17.0,8.0,6.0,12.0,7.0,11.0,7.0,0.0,0.0,0.0,0.0,1.33,5.0,10.0,1.35,5.18,10.7,1.4,4.77,9.59,1.35,4.99,10.04
2951,2021/22,2022-04-02,Leeds,Southampton,1.0,1.0,D,1.0,0.0,A Taylor,12.0,14.0,3.0,6.0,4.0,7.0,14.0,7.0,1.0,1.0,0.0,0.0,2.37,3.75,2.75,2.39,3.69,3.01,2.5,3.63,2.86,2.42,3.61,2.86
2952,2021/22,2022-04-02,Liverpool,Watford,2.0,0.0,H,1.0,0.0,S Attwell,20.0,5.0,3.0,2.0,9.0,3.0,9.0,8.0,1.0,1.0,0.0,0.0,1.12,9.5,17.0,1.13,9.86,23.62,1.17,8.5,18.0,1.13,9.36,21.82
2953,2021/22,2022-04-02,Man United,Leicester,1.0,1.0,D,0.0,0.0,A Marriner,11.0,11.0,5.0,3.0,6.0,5.0,13.0,6.0,2.0,2.0,0.0,0.0,1.5,4.5,6.0,1.52,4.71,6.41,1.56,4.76,5.69,1.52,4.6,6.1
2954,2021/22,2022-04-02,Wolves,Aston Villa,2.0,1.0,H,2.0,0.0,D England,11.0,15.0,5.0,5.0,4.0,9.0,15.0,8.0,4.0,3.0,0.0,0.0,3.0,3.1,2.55,3.11,3.13,2.63,3.16,3.09,2.62,3.01,3.1,2.59
2955,2021/22,2022-04-03,Tottenham,Newcastle,5.0,1.0,H,1.0,1.0,M Atkinson,19.0,8.0,6.0,1.0,2.0,3.0,10.0,7.0,2.0,3.0,0.0,0.0,1.5,4.33,6.5,1.53,4.42,6.87,1.56,4.33,6.45,1.52,4.36,6.58
2956,2021/22,2022-04-03,West Ham,Everton,2.0,1.0,H,1.0,0.0,M Oliver,11.0,13.0,5.0,2.0,2.0,4.0,9.0,12.0,1.0,1.0,0.0,1.0,1.75,3.8,4.5,1.81,3.84,4.77,1.79,3.84,4.87,1.79,3.75,4.6
2957,2021/22,2022-04-04,Crystal Palace,Arsenal,3.0,0.0,H,2.0,0.0,P Tierney,6.0,12.0,5.0,3.0,0.0,2.0,11.0,15.0,0.0,2.0,0.0,0.0,4.0,3.4,1.95,4.15,3.51,2.01,4.15,3.35,2.07,4.05,3.41,1.99
2958,2021/22,2022-04-06,Burnley,Everton,3.0,2.0,H,1.0,2.0,M Dean,13.0,16.0,4.0,4.0,9.0,6.0,11.0,16.0,2.0,2.0,0.0,0.0,2.62,3.1,2.87,2.54,3.23,3.13,2.59,3.09,3.2,2.57,3.16,2.98
2959,2021/22,2022-04-08,Newcastle,Wolves,1.0,0.0,H,0.0,0.0,P Bankes,12.0,5.0,4.0,2.0,1.0,2.0,6.0,13.0,1.0,1.0,0.0,0.0,2.25,3.1,3.4,2.34,3.14,3.62,2.0,3.41,4.47,2.31,3.11,3.51
2960,2021/22,2022-04-09,Arsenal,Brighton,1.0,2.0,A,0.0,1.0,D Coote,20.0,8.0,4.0,3.0,11.0,2.0,12.0,19.0,3.0,4.0,0.0,0.0,1.61,3.8,5.75,1.67,3.95,5.85,1.64,3.88,6.43,1.65,3.9,5.64
2961,2021/22,2022-04-09,Aston Villa,Tottenham,0.0,4.0,A,0.0,1.0,G Scott,9.0,11.0,8.0,5.0,9.0,3.0,12.0,14.0,2.0,3.0,0.0,0.0,3.2,3.4,2.25,3.23,3.6,2.3,3.47,3.59,2.2,3.15,3.55,2.27
2962,2021/22,2022-04-09,Everton,Man United,1.0,0.0,H,1.0,0.0,J Moss,7.0,12.0,3.0,4.0,5.0,7.0,4.0,10.0,2.0,2.0,0.0,0.0,4.6,3.75,1.75,4.52,3.89,1.83,4.09,3.88,1.92,4.48,3.84,1.8
2963,2021/22,2022-04-09,Southampton,Chelsea,0.0,6.0,A,0.0,4.0,K Friend,4.0,24.0,1.0,14.0,3.0,3.0,11.0,10.0,1.0,0.0,0.0,0.0,3.8,3.6,1.95,4.08,3.76,1.95,3.93,3.56,2.05,3.98,3.69,1.93
2964,2021/22,2022-04-09,Watford,Leeds,0.0,3.0,A,0.0,1.0,A Marriner,8.0,10.0,1.0,5.0,3.0,8.0,8.0,12.0,2.0,0.0,0.0,0.0,2.7,3.4,2.55,2.75,3.6,2.63,2.91,3.45,2.57,2.69,3.54,2.58
2965,2021/22,2022-04-10,Brentford,West Ham,2.0,0.0,H,0.0,0.0,M Atkinson,15.0,5.0,7.0,1.0,4.0,6.0,2.0,6.0,0.0,1.0,0.0,0.0,2.62,3.3,2.62,2.72,3.34,2.82,2.77,3.35,2.76,2.69,3.31,2.73
2966,2021/22,2022-04-10,Leicester,Crystal Palace,2.0,1.0,H,2.0,0.0,R Jones,12.0,11.0,3.0,3.0,3.0,4.0,11.0,12.0,1.0,1.0,0.0,0.0,2.37,3.3,2.9,2.46,3.48,3.04,2.53,3.29,3.1,2.41,3.44,2.98
2967,2021/22,2022-04-10,Man City,Liverpool,2.0,2.0,D,2.0,1.0,A Taylor,11.0,6.0,5.0,4.0,4.0,1.0,9.0,11.0,1.0,4.0,0.0,0.0,2.0,3.75,3.5,2.1,3.75,3.56,1.98,3.82,3.9,2.06,3.71,3.5
2968,2021/22,2022-04-10,Norwich,Burnley,2.0,0.0,H,1.0,0.0,M Oliver,17.0,18.0,6.0,4.0,6.0,7.0,12.0,10.0,1.0,1.0,0.0,0.0,2.87,3.2,2.55,3.1,3.18,2.6,3.23,3.42,2.38,2.97,3.19,2.56
2969,2021/22,2022-04-16,Man United,Norwich,3.0,2.0,H,2.0,1.0,A Madley,20.0,15.0,9.0,4.0,6.0,7.0,7.0,6.0,0.0,0.0,0.0,0.0,1.25,6.5,10.0,1.23,6.6,14.96,1.29,6.35,9.95,1.24,6.45,12.84
2970,2021/22,2022-04-16,Southampton,Arsenal,1.0,0.0,H,1.0,0.0,P Bankes,9.0,23.0,3.0,6.0,6.0,8.0,6.0,6.0,2.0,1.0,0.0,0.0,3.8,3.6,1.95,3.97,3.79,1.97,4.08,3.79,1.94,3.9,3.68,1.95
2971,2021/22,2022-04-16,Tottenham,Brighton,0.0,1.0,A,0.0,0.0,C Pawson,5.0,12.0,0.0,5.0,4.0,4.0,14.0,10.0,3.0,3.0,0.0,0.0,1.53,4.0,6.5,1.56,4.35,6.52,1.51,4.56,6.92,1.54,4.25,6.35
2972,2021/22,2022-04-16,Watford,Brentford,1.0,2.0,A,0.0,1.0,S Hooper,17.0,16.0,4.0,5.0,6.0,5.0,11.0,9.0,2.0,1.0,0.0,0.0,2.7,3.3,2.55,2.95,3.33,2.62,2.94,3.39,2.58,2.86,3.28,2.59
2973,2021/22,2022-04-17,Newcastle,Leicester,2.0,1.0,H,1.0,1.0,J Gillett,16.0,8.0,7.0,2.0,3.0,5.0,10.0,10.0,2.0,2.0,0.0,0.0,2.2,3.4,3.3,2.25,3.46,3.46,2.06,3.56,3.9,2.25,3.38,3.32
2974,2021/22,2022-04-17,West Ham,Burnley,1.0,1.0,D,0.0,1.0,P Tierney,21.0,9.0,8.0,1.0,13.0,4.0,9.0,10.0,2.0,2.0,0.0,0.0,1.7,3.8,5.0,1.73,3.99,5.11,1.81,3.8,4.84,1.72,3.84,5.02
2975,2021/22,2022-04-19,Liverpool,Man United,4.0,0.0,H,2.0,0.0,M Atkinson,14.0,2.0,5.0,1.0,10.0,2.0,3.0,6.0,1.0,2.0,0.0,0.0,1.4,5.0,7.0,1.41,5.36,7.82,1.34,5.78,9.17,1.41,5.21,7.44
2976,2021/22,2022-04-20,Chelsea,Arsenal,2.0,4.0,A,2.0,2.0,J Moss,11.0,14.0,2.0,4.0,6.0,1.0,7.0,6.0,3.0,1.0,0.0,0.0,1.83,3.6,4.33,1.88,3.77,4.42,1.96,3.52,4.36,1.87,3.64,4.34
2977,2021/22,2022-04-20,Everton,Leicester,1.0,1.0,D,0.0,1.0,D Coote,13.0,11.0,3.0,3.0,5.0,4.0,8.0,17.0,3.0,1.0,0.0,0.0,2.25,3.4,3.25,2.32,3.52,3.26,2.67,3.31,2.9,2.32,3.45,3.15
2978,2021/22,2022-04-20,Man City,Brighton,3.0,0.0,H,0.0,0.0,M Dean,17.0,2.0,5.0,1.0,7.0,4.0,12.0,7.0,0.0,3.0,0.0,0.0,1.16,7.0,17.0,1.2,7.09,18.98,1.23,6.5,16.0,1.2,6.85,17.12
2979,2021/22,2022-04-20,Newcastle,Crystal Palace,1.0,0.0,H,1.0,0.0,T Harrington,13.0,10.0,4.0,2.0,2.0,5.0,12.0,12.0,1.0,1.0,0.0,0.0,2.25,3.4,3.25,2.4,3.24,3.36,2.32,3.24,3.54,2.34,3.26,3.25
2980,2021/22,2022-04-21,Burnley,Southampton,2.0,0.0,H,2.0,0.0,S Attwell,16.0,11.0,6.0,3.0,10.0,10.0,7.0,7.0,2.0,2.0,0.0,0.0,2.75,3.25,2.62,2.75,3.48,2.69,2.7,3.35,2.8,2.76,3.41,2.61
2981,2021/22,2022-04-23,Arsenal,Man United,3.0,1.0,H,2.0,1.0,C Pawson,14.0,14.0,7.0,5.0,1.0,7.0,9.0,12.0,3.0,4.0,0.0,0.0,2.05,3.5,3.5,2.13,3.64,3.58,2.06,3.68,3.75,2.11,3.58,3.5
2982,2021/22,2022-04-23,Brentford,Tottenham,0.0,0.0,D,0.0,0.0,M Atkinson,15.0,9.0,2.0,0.0,12.0,8.0,8.0,7.0,2.0,1.0,0.0,0.0,4.33,3.5,1.85,4.39,3.78,1.88,4.93,3.99,1.75,4.28,3.67,1.87
2983,2021/22,2022-04-23,Leicester,Aston Villa,0.0,0.0,D,0.0,0.0,A Madley,5.0,11.0,2.0,3.0,7.0,6.0,15.0,16.0,3.0,2.0,0.0,0.0,2.8,3.4,2.5,2.95,3.43,2.55,3.05,3.39,2.5,2.85,3.39,2.54
2984,2021/22,2022-04-23,Man City,Watford,5.0,1.0,H,3.0,1.0,K Friend,21.0,5.0,8.0,2.0,11.0,4.0,9.0,7.0,1.0,0.0,0.0,0.0,1.1,10.0,26.0,1.13,9.68,27.79,1.13,9.5,26.0,1.11,9.78,25.83
2985,2021/22,2022-04-23,Norwich,Newcastle,0.0,3.0,A,0.0,2.0,C Kavanagh,5.0,13.0,2.0,7.0,2.0,3.0,11.0,10.0,0.0,2.0,0.0,0.0,3.5,3.3,2.15,3.62,3.39,2.22,3.54,3.38,2.25,3.55,3.33,2.18
2986,2021/22,2022-04-24,Brighton,Southampton,2.0,2.0,D,2.0,1.0,R Jones,8.0,18.0,5.0,5.0,6.0,6.0,12.0,7.0,1.0,0.0,0.0,0.0,2.1,3.4,3.6,2.19,3.34,3.76,2.15,3.33,3.91,2.17,3.32,3.59
2987,2021/22,2022-04-24,Burnley,Wolves,1.0,0.0,H,0.0,0.0,A Taylor,14.0,10.0,5.0,4.0,3.0,6.0,8.0,7.0,3.0,1.0,0.0,0.0,2.7,3.0,2.87,2.73,3.15,2.95,2.57,3.14,3.17,2.71,3.11,2.86
2988,2021/22,2022-04-24,Chelsea,West Ham,1.0,0.0,H,0.0,0.0,M Oliver,26.0,6.0,5.0,2.0,3.0,1.0,11.0,9.0,1.0,0.0,0.0,1.0,1.5,4.33,6.5,1.53,4.53,6.68,1.43,4.72,8.16,1.53,4.37,6.4
2989,2021/22,2022-04-24,Liverpool,Everton,2.0,0.0,H,0.0,0.0,S Attwell,18.0,9.0,4.0,1.0,13.0,1.0,8.0,8.0,2.0,5.0,0.0,0.0,1.18,7.0,15.0,1.18,7.75,18.0,1.21,7.06,16.67,1.19,7.35,15.64
2990,2021/22,2022-04-25,Crystal Palace,Leeds,0.0,0.0,D,0.0,0.0,D England,17.0,9.0,7.0,2.0,6.0,3.0,12.0,13.0,2.0,2.0,0.0,0.0,2.05,3.5,3.5,2.11,3.69,3.6,2.44,3.49,2.99,2.08,3.59,3.53
2991,2021/22,2022-04-28,Man United,Chelsea,1.0,1.0,D,0.0,0.0,M Dean,6.0,21.0,3.0,6.0,2.0,9.0,9.0,12.0,0.0,1.0,0.0,0.0,3.2,3.4,2.25,3.23,3.68,2.27,3.6,3.62,2.13,3.17,3.57,2.25
2992,2021/22,2022-04-30,Aston Villa,Norwich,2.0,0.0,H,1.0,0.0,J Brooks,21.0,9.0,6.0,3.0,2.0,3.0,16.0,8.0,4.0,1.0,0.0,0.0,1.4,4.5,9.0,1.4,5.12,8.47,1.41,5.19,8.08,1.4,4.94,8.3
2993,2021/22,2022-04-30,Leeds,Man City,0.0,4.0,A,0.0,1.0,P Tierney,7.0,19.0,2.0,6.0,3.0,6.0,13.0,3.0,1.0,2.0,0.0,0.0,8.5,6.0,1.3,9.72,6.15,1.32,9.2,5.8,1.34,9.69,5.85,1.31
2994,2021/22,2022-04-30,Newcastle,Liverpool,0.0,1.0,A,0.0,1.0,A Marriner,4.0,24.0,2.0,10.0,0.0,6.0,11.0,11.0,1.0,3.0,0.0,0.0,8.5,5.0,1.36,8.02,4.99,1.43,6.72,4.32,1.55,7.81,4.87,1.41
2995,2021/22,2022-04-30,Southampton,Crystal Palace,1.0,2.0,A,1.0,0.0,J Gillett,8.0,14.0,3.0,5.0,6.0,7.0,13.0,11.0,1.0,3.0,0.0,0.0,2.4,3.3,3.1,2.47,3.35,3.13,2.53,3.16,3.22,2.41,3.37,3.05
2996,2021/22,2022-04-30,Watford,Burnley,1.0,2.0,A,1.0,0.0,C Pawson,13.0,17.0,1.0,6.0,5.0,6.0,13.0,9.0,1.0,2.0,0.0,0.0,2.6,3.3,2.75,2.71,3.4,2.78,2.71,3.22,2.92,2.68,3.31,2.75
2997,2021/22,2022-04-30,Wolves,Brighton,0.0,3.0,A,0.0,1.0,S Hooper,11.0,17.0,1.0,9.0,7.0,3.0,6.0,4.0,2.0,1.0,0.0,0.0,2.7,3.2,2.75,2.77,3.23,2.85,2.81,3.02,2.99,2.75,3.09,2.83
2998,2021/22,2022-05-01,Everton,Chelsea,1.0,0.0,H,0.0,0.0,K Friend,9.0,17.0,4.0,5.0,3.0,8.0,9.0,12.0,3.0,5.0,0.0,0.0,5.0,3.6,1.75,4.98,3.77,1.79,5.21,3.94,1.73,4.83,3.71,1.77
2999,2021/22,2022-05-01,Tottenham,Leicester,3.0,1.0,H,1.0,0.0,J Moss,13.0,6.0,7.0,2.0,7.0,3.0,13.0,8.0,2.0,3.0,0.0,0.0,1.44,4.75,7.0,1.45,4.99,7.29,1.38,5.32,9.05,1.46,4.8,6.88
3000,2021/22,2022-05-01,West Ham,Arsenal,1.0,2.0,A,1.0,1.0,M Dean,8.0,13.0,3.0,7.0,3.0,7.0,8.0,9.0,2.0,2.0,0.0,0.0,4.33,3.8,1.8,4.68,3.92,1.8,4.57,3.92,1.83,4.54,3.84,1.79
3001,2021/22,2022-05-02,Man United,Brentford,3.0,0.0,H,1.0,0.0,C Kavanagh,9.0,12.0,5.0,4.0,3.0,8.0,4.0,6.0,1.0,0.0,0.0,0.0,1.72,4.0,4.5,1.78,4.08,4.61,1.8,3.96,4.62,1.76,3.95,4.51
3002,2021/22,2022-05-07,Brentford,Southampton,3.0,0.0,H,2.0,0.0,M Salisbury,18.0,19.0,5.0,4.0,4.0,7.0,12.0,9.0,0.0,1.0,0.0,0.0,2.15,3.5,3.3,2.25,3.42,3.5,2.11,3.64,3.65,2.21,3.44,3.35
3003,2021/22,2022-05-07,Brighton,Man United,4.0,0.0,H,1.0,0.0,A Madley,17.0,15.0,6.0,5.0,7.0,6.0,13.0,9.0,0.0,2.0,0.0,0.0,2.8,3.5,2.45,2.81,3.55,2.61,2.99,3.3,2.6,2.8,3.44,2.56
3004,2021/22,2022-05-07,Burnley,Aston Villa,1.0,3.0,A,0.0,2.0,D Coote,14.0,12.0,6.0,7.0,4.0,5.0,13.0,11.0,1.0,2.0,0.0,0.0,3.0,3.3,2.4,3.07,3.34,2.52,3.19,3.21,2.52,3.0,3.33,2.46
3005,2021/22,2022-05-07,Chelsea,Wolves,2.0,2.0,D,0.0,0.0,P Bankes,19.0,14.0,6.0,4.0,9.0,3.0,7.0,11.0,1.0,3.0,0.0,0.0,1.33,5.0,9.5,1.36,5.1,10.4,1.38,4.94,9.9,1.36,4.95,9.62
3006,2021/22,2022-05-07,Crystal Palace,Watford,1.0,0.0,H,1.0,0.0,G Scott,15.0,6.0,7.0,1.0,8.0,5.0,11.0,18.0,2.0,1.0,0.0,1.0,1.65,4.0,5.0,1.7,3.95,5.45,1.7,3.89,5.59,1.69,3.89,5.2
3007,2021/22,2022-05-07,Liverpool,Tottenham,1.0,1.0,D,0.0,0.0,M Oliver,22.0,8.0,3.0,3.0,11.0,5.0,12.0,8.0,3.0,2.0,0.0,0.0,1.4,5.0,7.0,1.46,5.11,6.95,1.43,5.3,7.3,1.46,4.89,6.68
3008,2021/22,2022-05-08,Arsenal,Leeds,2.0,1.0,H,2.0,0.0,C Kavanagh,19.0,3.0,9.0,2.0,8.0,2.0,13.0,15.0,2.0,2.0,0.0,1.0,1.45,4.5,7.0,1.46,5.01,7.04,1.54,4.56,6.38,1.46,4.81,6.77
3009,2021/22,2022-05-08,Leicester,Everton,1.0,2.0,A,1.0,2.0,C Pawson,16.0,10.0,9.0,4.0,6.0,1.0,11.0,6.0,3.0,0.0,0.0,0.0,2.6,3.3,2.75,2.71,3.35,2.82,2.74,3.3,2.83,2.61,3.34,2.8
3010,2021/22,2022-05-08,Man City,Newcastle,5.0,0.0,H,2.0,0.0,S Attwell,21.0,7.0,9.0,3.0,8.0,2.0,6.0,11.0,1.0,3.0,0.0,0.0,1.16,7.0,17.0,1.19,7.66,17.22,1.17,8.25,18.0,1.18,7.63,17.16
3011,2021/22,2022-05-08,Norwich,West Ham,0.0,4.0,A,0.0,3.0,R Jones,8.0,13.0,2.0,5.0,9.0,5.0,7.0,7.0,1.0,1.0,0.0,0.0,4.5,3.8,1.75,4.68,3.88,1.81,4.94,4.15,1.72,4.51,3.81,1.8
3012,2021/22,2022-05-10,Aston Villa,Liverpool,1.0,2.0,A,1.0,1.0,J Moss,9.0,17.0,4.0,6.0,2.0,3.0,10.0,12.0,0.0,0.0,0.0,0.0,7.5,4.75,1.4,7.54,5.0,1.44,6.6,4.5,1.54,7.35,4.85,1.44
3013,2021/22,2022-05-11,Leeds,Chelsea,0.0,3.0,A,0.0,1.0,A Taylor,5.0,17.0,0.0,4.0,1.0,5.0,10.0,14.0,1.0,0.0,1.0,0.0,4.75,4.2,1.65,5.15,4.25,1.68,4.95,4.19,1.71,4.98,4.17,1.67
3014,2021/22,2022-05-11,Leicester,Norwich,3.0,0.0,H,0.0,0.0,S Hooper,20.0,9.0,8.0,5.0,10.0,2.0,10.0,5.0,0.0,0.0,0.0,0.0,1.44,4.75,7.0,1.45,5.12,7.2,1.36,5.51,9.35,1.44,4.9,7.02
3015,2021/22,2022-05-11,Watford,Everton,0.0,0.0,D,0.0,0.0,M Dean,6.0,16.0,0.0,5.0,1.0,13.0,5.0,12.0,1.0,2.0,0.0,0.0,4.2,3.6,1.83,4.43,3.73,1.88,6.01,3.79,1.68,4.26,3.68,1.87
3016,2021/22,2022-05-11,Wolves,Man City,1.0,5.0,A,1.0,3.0,M Atkinson,7.0,16.0,3.0,5.0,6.0,2.0,2.0,10.0,0.0,1.0,0.0,0.0,11.0,6.0,1.25,14.04,5.93,1.26,12.79,6.75,1.25,12.83,5.88,1.26
3017,2021/22,2022-05-12,Tottenham,Arsenal,3.0,0.0,H,2.0,0.0,P Tierney,16.0,8.0,6.0,4.0,2.0,2.0,8.0,15.0,1.0,3.0,0.0,1.0,2.05,3.75,3.5,2.18,3.61,3.49,2.32,3.49,3.27,2.12,3.6,3.42
3018,2021/22,2022-05-15,Aston Villa,Crystal Palace,1.0,1.0,D,0.0,0.0,C Kavanagh,13.0,16.0,4.0,4.0,1.0,5.0,11.0,15.0,1.0,3.0,0.0,0.0,2.0,3.5,3.75,2.09,3.56,3.72,1.87,3.63,4.57,2.06,3.55,3.63
3019,2021/22,2022-05-15,Everton,Brentford,2.0,3.0,A,2.0,1.0,M Oliver,10.0,18.0,5.0,7.0,5.0,2.0,8.0,8.0,0.0,3.0,2.0,0.0,2.05,3.6,3.5,2.13,3.62,3.55,1.93,3.64,4.32,2.1,3.55,3.53
3020,2021/22,2022-05-15,Leeds,Brighton,1.0,1.0,D,0.0,1.0,M Dean,19.0,16.0,5.0,6.0,8.0,1.0,16.0,8.0,3.0,2.0,0.0,0.0,2.62,3.5,2.62,2.75,3.56,2.62,2.73,3.45,2.73,2.67,3.52,2.61
3021,2021/22,2022-05-15,Tottenham,Burnley,1.0,0.0,H,1.0,0.0,K Friend,21.0,8.0,8.0,1.0,8.0,2.0,12.0,8.0,3.0,2.0,0.0,0.0,1.33,5.25,9.0,1.34,5.53,9.3,1.32,5.75,10.72,1.34,5.36,9.11
3022,2021/22,2022-05-15,Watford,Leicester,1.0,5.0,A,1.0,2.0,J Gillett,13.0,13.0,5.0,7.0,7.0,3.0,4.0,6.0,0.0,1.0,0.0,0.0,3.8,3.5,1.95,3.7,3.8,2.02,5.54,4.01,1.67,3.65,3.68,2.02
3023,2021/22,2022-05-15,West Ham,Man City,2.0,2.0,D,2.0,0.0,A Taylor,6.0,31.0,2.0,8.0,4.0,9.0,9.0,5.0,3.0,1.0,0.0,0.0,7.5,5.0,1.4,8.28,5.28,1.39,8.32,5.43,1.39,8.01,5.2,1.38
3024,2021/22,2022-05-15,Wolves,Norwich,1.0,1.0,D,0.0,1.0,T Harrington,17.0,11.0,4.0,2.0,5.0,3.0,5.0,10.0,0.0,3.0,0.0,0.0,1.45,4.75,6.5,1.49,4.56,7.12,1.57,4.44,5.9,1.46,4.58,7.25
3025,2021/22,2022-05-16,Newcastle,Arsenal,2.0,0.0,H,0.0,0.0,D England,16.0,11.0,4.0,2.0,12.0,8.0,11.0,8.0,0.0,3.0,0.0,0.0,4.33,3.6,1.83,4.31,3.72,1.89,4.31,3.85,1.81,4.14,3.68,1.88
3026,2021/22,2022-05-17,Southampton,Liverpool,1.0,2.0,A,1.0,1.0,M Atkinson,4.0,24.0,2.0,5.0,1.0,9.0,6.0,6.0,2.0,0.0,0.0,0.0,7.5,5.5,1.33,8.15,5.53,1.38,6.93,5.24,1.45,8.02,5.49,1.37
3027,2021/22,2022-05-19,Aston Villa,Burnley,1.0,1.0,D,0.0,1.0,P Tierney,22.0,10.0,9.0,5.0,13.0,6.0,11.0,20.0,0.0,1.0,0.0,1.0,2.05,3.5,3.6,2.07,3.59,3.75,2.04,3.46,4.1,2.05,3.56,3.7
3028,2021/22,2022-05-19,Chelsea,Leicester,1.0,1.0,D,1.0,1.0,S Attwell,20.0,2.0,7.0,1.0,6.0,0.0,13.0,7.0,4.0,1.0,0.0,0.0,1.4,4.75,8.0,1.39,4.97,9.07,1.44,4.87,7.49,1.38,4.91,8.66
3029,2021/22,2022-05-19,Everton,Crystal Palace,3.0,2.0,H,0.0,2.0,A Taylor,12.0,7.0,6.0,5.0,4.0,5.0,9.0,13.0,2.0,3.0,0.0,0.0,1.9,3.4,4.33,1.98,3.46,4.25,1.9,3.54,4.64,1.95,3.47,4.16
3030,2021/22,2022-05-22,Arsenal,Everton,5.0,1.0,H,2.0,1.0,A Marriner,26.0,6.0,9.0,2.0,12.0,2.0,8.0,9.0,0.0,1.0,0.0,0.0,1.36,4.75,9.0,1.37,5.13,9.24,1.36,5.61,8.84,1.37,5.15,8.69
3031,2021/22,2022-05-22,Brentford,Leeds,1.0,2.0,A,0.0,0.0,P Tierney,14.0,14.0,5.0,6.0,3.0,2.0,11.0,13.0,2.0,1.0,1.0,0.0,2.45,3.8,2.62,2.38,3.9,2.85,2.38,3.9,2.89,2.41,3.76,2.79
3032,2021/22,2022-05-22,Brighton,West Ham,3.0,1.0,H,0.0,1.0,K Friend,18.0,7.0,7.0,2.0,5.0,6.0,9.0,9.0,1.0,1.0,0.0,0.0,2.37,3.5,2.9,2.38,3.69,2.97,2.75,3.4,2.74,2.4,3.57,2.91
3033,2021/22,2022-05-22,Burnley,Newcastle,1.0,2.0,A,0.0,1.0,C Pawson,12.0,8.0,5.0,6.0,8.0,2.0,8.0,9.0,1.0,0.0,0.0,0.0,2.25,3.4,3.2,2.27,3.51,3.3,2.55,3.31,3.05,2.24,3.48,3.25
3034,2021/22,2022-05-22,Chelsea,Watford,2.0,1.0,H,1.0,0.0,M Dean,19.0,8.0,8.0,3.0,3.0,3.0,9.0,9.0,0.0,0.0,0.0,0.0,1.18,7.5,15.0,1.16,8.35,18.77,1.18,7.58,17.72,1.17,7.89,17.63
3035,2021/22,2022-05-22,Crystal Palace,Man United,1.0,0.0,H,1.0,0.0,M Atkinson,6.0,10.0,3.0,4.0,3.0,6.0,12.0,22.0,2.0,4.0,0.0,0.0,3.0,3.6,2.25,3.15,3.79,2.24,2.82,3.57,2.59,3.1,3.66,2.25
3036,2021/22,2022-05-22,Leicester,Southampton,4.0,1.0,H,0.0,0.0,J Moss,12.0,7.0,6.0,2.0,3.0,3.0,10.0,5.0,0.0,1.0,0.0,0.0,1.85,4.0,3.8,1.88,4.13,3.91,1.7,4.39,4.67,1.88,4.03,3.86
3037,2021/22,2022-05-22,Liverpool,Wolves,3.0,1.0,H,1.0,1.0,A Taylor,29.0,7.0,8.0,5.0,5.0,3.0,6.0,3.0,1.0,0.0,0.0,0.0,1.14,8.5,15.0,1.15,8.49,21.36,1.14,9.75,19.0,1.16,8.12,18.95
3038,2021/22,2022-05-22,Man City,Aston Villa,3.0,2.0,H,0.0,1.0,M Oliver,24.0,4.0,5.0,2.0,13.0,1.0,5.0,11.0,0.0,1.0,0.0,0.0,1.16,8.0,17.0,1.15,8.74,20.27,1.17,8.4,17.0,1.16,8.18,18.24
3039,2021/22,2022-05-22,Norwich,Tottenham,0.0,5.0,A,0.0,2.0,C Kavanagh,9.0,19.0,0.0,13.0,3.0,2.0,13.0,7.0,3.0,1.0,0.0,0.0,9.5,6.5,1.25,11.2,6.23,1.27,9.82,5.51,1.34,11.19,6.45,1.26
3040,2022/23,2022-08-05,Crystal Palace,Arsenal,0.0,2.0,A,0.0,1.0,A Taylor,10.0,10.0,2.0,2.0,3.0,5.0,16.0,11.0,1.0,2.0,0.0,0.0,4.2,3.6,1.85,4.5,3.65,1.89,4.58,3.63,1.88,4.39,3.59,1.88
3041,2022/23,2022-08-06,Bournemouth,Aston Villa,2.0,0.0,H,1.0,0.0,P Bankes,7.0,15.0,3.0,2.0,5.0,5.0,18.0,16.0,3.0,3.0,0.0,0.0,3.75,3.5,2.0,3.93,3.58,2.04,4.09,3.59,2.0,3.8,3.5,2.04
3042,2022/23,2022-08-06,Everton,Chelsea,0.0,1.0,A,0.0,1.0,C Pawson,8.0,15.0,4.0,6.0,4.0,16.0,14.0,11.0,3.0,2.0,0.0,0.0,5.5,4.0,1.61,6.04,4.06,1.63,6.89,4.16,1.56,5.74,3.96,1.63
3043,2022/23,2022-08-06,Fulham,Liverpool,2.0,2.0,D,1.0,0.0,A Madley,9.0,11.0,3.0,4.0,4.0,4.0,7.0,9.0,2.0,0.0,0.0,0.0,11.0,6.0,1.25,11.2,6.22,1.28,10.5,6.5,1.29,10.99,6.05,1.28
3044,2022/23,2022-08-06,Leeds,Wolves,2.0,1.0,H,1.0,1.0,R Jones,12.0,15.0,4.0,6.0,6.0,4.0,13.0,9.0,2.0,0.0,0.0,0.0,2.25,3.4,3.2,2.39,3.33,3.3,2.45,3.44,3.09,2.34,3.34,3.18
3045,2022/23,2022-08-06,Newcastle,Nott'm Forest,2.0,0.0,H,0.0,0.0,S Hooper,23.0,5.0,10.0,0.0,11.0,1.0,9.0,14.0,0.0,3.0,0.0,0.0,1.66,3.8,5.25,1.71,3.74,5.83,1.57,4.22,6.6,1.67,3.8,5.57
3046,2022/23,2022-08-06,Tottenham,Southampton,4.0,1.0,H,2.0,1.0,A Marriner,18.0,10.0,8.0,2.0,10.0,2.0,11.0,6.0,3.0,0.0,0.0,0.0,1.33,5.5,8.5,1.37,5.39,9.11,1.39,5.34,8.55,1.36,5.27,8.64
3047,2022/23,2022-08-07,Leicester,Brentford,2.0,2.0,D,1.0,0.0,J Gillett,14.0,8.0,5.0,3.0,5.0,6.0,6.0,5.0,0.0,0.0,0.0,0.0,2.0,3.75,3.5,2.07,3.69,3.74,1.96,3.69,4.29,2.03,3.66,3.64
3048,2022/23,2022-08-07,Man United,Brighton,1.0,2.0,A,0.0,2.0,P Tierney,17.0,15.0,5.0,4.0,6.0,2.0,7.0,12.0,4.0,1.0,0.0,0.0,1.6,4.2,5.25,1.65,4.14,5.68,1.81,3.86,4.72,1.62,4.01,5.68
3049,2022/23,2022-08-07,West Ham,Man City,0.0,2.0,A,0.0,1.0,M Oliver,6.0,14.0,1.0,2.0,1.0,4.0,8.0,4.0,0.0,1.0,0.0,0.0,8.0,5.0,1.36,8.58,5.48,1.38,8.0,5.35,1.41,8.32,5.25,1.37
3050,2022/23,2022-08-13,Arsenal,Leicester,4.0,2.0,H,2.0,0.0,D England,19.0,6.0,7.0,2.0,6.0,2.0,15.0,9.0,1.0,1.0,0.0,0.0,1.53,4.33,5.75,1.58,4.34,6.22,1.58,4.42,5.97,1.55,4.37,6.04
3051,2022/23,2022-08-13,Aston Villa,Everton,2.0,1.0,H,1.0,0.0,M Oliver,12.0,15.0,4.0,4.0,5.0,8.0,9.0,7.0,4.0,1.0,0.0,0.0,1.8,3.5,4.75,1.83,3.55,5.12,1.81,3.64,5.11,1.82,3.56,4.87
3052,2022/23,2022-08-13,Brentford,Man United,4.0,0.0,H,4.0,0.0,S Attwell,13.0,15.0,7.0,4.0,8.0,2.0,6.0,15.0,0.0,4.0,0.0,0.0,3.75,3.5,2.0,3.82,3.64,2.06,4.65,4.09,1.78,3.77,3.56,2.02
3053,2022/23,2022-08-13,Brighton,Newcastle,0.0,0.0,D,0.0,0.0,G Scott,13.0,4.0,7.0,1.0,7.0,3.0,8.0,6.0,2.0,3.0,0.0,0.0,2.45,3.2,3.0,2.48,3.24,3.22,2.5,3.3,3.14,2.44,3.25,3.1
3054,2022/23,2022-08-13,Man City,Bournemouth,4.0,0.0,H,3.0,0.0,D Coote,19.0,3.0,7.0,1.0,11.0,1.0,9.0,9.0,0.0,3.0,0.0,0.0,1.06,13.0,29.0,1.07,13.82,41.0,1.08,13.5,36.0,1.07,12.72,37.57
3055,2022/23,2022-08-13,Southampton,Leeds,2.0,2.0,D,0.0,0.0,T Harrington,14.0,13.0,4.0,5.0,2.0,5.0,10.0,12.0,1.0,3.0,0.0,0.0,2.25,3.5,3.1,2.34,3.55,3.18,2.44,3.64,2.96,2.32,3.51,3.1
3056,2022/23,2022-08-13,Wolves,Fulham,0.0,0.0,D,0.0,0.0,J Brooks,7.0,9.0,1.0,3.0,5.0,3.0,7.0,14.0,3.0,3.0,0.0,0.0,2.3,3.3,3.2,2.44,3.24,3.29,2.23,3.48,3.5,2.4,3.28,3.15
3057,2022/23,2022-08-14,Chelsea,Tottenham,2.0,2.0,D,1.0,0.0,A Taylor,16.0,10.0,3.0,5.0,8.0,5.0,9.0,9.0,3.0,0.0,0.0,0.0,2.25,3.4,3.2,2.28,3.52,3.35,2.17,3.53,3.61,2.29,3.44,3.21
3058,2022/23,2022-08-14,Nott'm Forest,West Ham,1.0,0.0,H,1.0,0.0,R Jones,13.0,19.0,6.0,5.0,6.0,7.0,10.0,11.0,4.0,1.0,0.0,0.0,4.2,3.6,1.85,4.28,3.72,1.92,4.03,3.68,1.99,4.21,3.64,1.9
3059,2022/23,2022-08-15,Liverpool,Crystal Palace,1.0,1.0,D,0.0,1.0,P Tierney,24.0,7.0,4.0,3.0,4.0,2.0,7.0,8.0,2.0,4.0,1.0,0.0,1.18,6.75,16.0,1.2,7.09,18.57,1.29,6.25,12.0,1.2,6.85,16.33
3060,2022/23,2022-08-20,Bournemouth,Arsenal,0.0,3.0,A,0.0,2.0,C Pawson,6.0,14.0,1.0,6.0,3.0,4.0,12.0,10.0,2.0,1.0,0.0,0.0,8.0,4.75,1.4,7.55,4.8,1.46,7.26,4.82,1.47,7.65,4.7,1.43
3061,2022/23,2022-08-20,Crystal Palace,Aston Villa,3.0,1.0,H,1.0,1.0,A Madley,17.0,13.0,9.0,5.0,4.0,2.0,16.0,14.0,2.0,1.0,0.0,0.0,2.5,3.25,2.9,2.58,3.19,3.12,2.56,3.26,3.08,2.52,3.2,3.0
3062,2022/23,2022-08-20,Everton,Nott'm Forest,1.0,1.0,D,0.0,0.0,A Marriner,19.0,14.0,8.0,5.0,6.0,2.0,6.0,9.0,3.0,2.0,0.0,0.0,1.9,3.6,4.0,2.0,3.45,4.27,1.89,3.58,4.62,1.97,3.48,4.05
3063,2022/23,2022-08-20,Fulham,Brentford,3.0,2.0,H,2.0,1.0,P Bankes,18.0,13.0,9.0,5.0,6.0,3.0,13.0,7.0,3.0,2.0,0.0,0.0,2.45,3.4,2.9,2.52,3.53,2.93,2.7,3.44,2.8,2.46,3.42,2.92
3064,2022/23,2022-08-20,Leicester,Southampton,1.0,2.0,A,0.0,0.0,M Salisbury,6.0,9.0,1.0,3.0,2.0,5.0,11.0,15.0,2.0,3.0,0.0,0.0,1.83,4.0,4.0,1.86,4.09,4.12,1.78,4.18,4.51,1.85,3.97,4.01
3065,2022/23,2022-08-20,Tottenham,Wolves,1.0,0.0,H,0.0,0.0,S Hooper,11.0,20.0,4.0,3.0,8.0,6.0,10.0,8.0,2.0,2.0,0.0,0.0,1.4,4.75,7.5,1.43,4.94,7.95,1.48,4.88,6.99,1.41,4.88,7.96
3066,2022/23,2022-08-21,Leeds,Chelsea,3.0,0.0,H,2.0,0.0,S Attwell,12.0,14.0,6.0,3.0,4.0,6.0,16.0,15.0,0.0,1.0,0.0,1.0,5.75,4.5,1.53,6.23,4.6,1.54,6.14,4.63,1.55,5.93,4.43,1.55
3067,2022/23,2022-08-21,Newcastle,Man City,3.0,3.0,D,2.0,1.0,J Gillett,12.0,21.0,6.0,10.0,5.0,5.0,14.0,7.0,4.0,2.0,0.0,0.0,7.5,5.0,1.36,9.43,5.22,1.37,7.0,5.0,1.47,8.67,5.11,1.37
3068,2022/23,2022-08-21,West Ham,Brighton,0.0,2.0,A,0.0,1.0,A Taylor,13.0,11.0,3.0,2.0,5.0,4.0,10.0,7.0,2.0,0.0,0.0,0.0,2.3,3.4,3.1,2.34,3.52,3.22,2.6,3.42,2.9,2.32,3.41,3.14
3069,2022/23,2022-08-22,Man United,Liverpool,2.0,1.0,H,1.0,0.0,M Oliver,12.0,17.0,4.0,5.0,6.0,8.0,11.0,7.0,3.0,1.0,0.0,0.0,5.25,4.33,1.6,5.39,4.35,1.64,4.65,4.5,1.7,5.22,4.38,1.6
3070,2022/23,2022-08-27,Arsenal,Fulham,2.0,1.0,H,0.0,0.0,J Gillett,22.0,11.0,8.0,3.0,9.0,2.0,6.0,12.0,2.0,3.0,0.0,0.0,1.3,5.75,9.0,1.33,5.83,9.75,1.42,5.35,7.5,1.32,5.77,9.44
3071,2022/23,2022-08-27,Brentford,Everton,1.0,1.0,D,0.0,1.0,J Brooks,19.0,14.0,5.0,7.0,8.0,5.0,8.0,8.0,2.0,2.0,0.0,0.0,2.0,3.5,3.75,2.1,3.49,3.84,2.08,3.51,3.91,2.06,3.47,3.77
3072,2022/23,2022-08-27,Brighton,Leeds,1.0,0.0,H,0.0,0.0,M Salisbury,13.0,10.0,4.0,2.0,5.0,3.0,10.0,14.0,2.0,3.0,0.0,0.0,1.9,3.8,3.8,1.93,3.72,4.24,1.74,3.98,5.09,1.91,3.73,4.04
3073,2022/23,2022-08-27,Chelsea,Leicester,2.0,1.0,H,0.0,0.0,P Tierney,7.0,17.0,3.0,5.0,3.0,11.0,10.0,7.0,1.0,2.0,1.0,0.0,1.4,5.0,7.0,1.45,4.86,7.66,1.41,5.2,7.99,1.42,4.93,7.52
3074,2022/23,2022-08-27,Liverpool,Bournemouth,9.0,0.0,H,5.0,0.0,S Attwell,19.0,5.0,12.0,2.0,8.0,1.0,6.0,5.0,0.0,1.0,0.0,0.0,1.1,10.0,26.0,1.13,10.48,23.11,1.15,9.25,19.5,1.11,10.17,25.51
3075,2022/23,2022-08-27,Man City,Crystal Palace,4.0,2.0,H,0.0,2.0,D England,18.0,2.0,5.0,2.0,6.0,1.0,14.0,8.0,1.0,2.0,0.0,0.0,1.18,7.5,13.0,1.2,7.5,16.26,1.2,7.75,16.0,1.19,7.56,15.25
3076,2022/23,2022-08-27,Southampton,Man United,0.0,1.0,A,0.0,0.0,A Madley,17.0,11.0,5.0,6.0,5.0,3.0,4.0,14.0,0.0,3.0,0.0,0.0,4.2,4.0,1.8,4.31,4.0,1.85,3.65,3.95,2.02,4.27,4.06,1.8
3077,2022/23,2022-08-28,Aston Villa,West Ham,0.0,1.0,A,0.0,0.0,D Coote,9.0,7.0,3.0,2.0,3.0,2.0,10.0,10.0,2.0,0.0,0.0,0.0,2.3,3.4,3.1,2.41,3.41,3.18,2.12,3.53,3.74,2.3,3.43,3.18
3078,2022/23,2022-08-28,Nott'm Forest,Tottenham,0.0,2.0,A,0.0,1.0,C Pawson,17.0,18.0,1.0,7.0,6.0,1.0,11.0,13.0,6.0,1.0,0.0,0.0,7.0,4.6,1.44,7.15,4.63,1.49,7.1,5.05,1.45,6.98,4.59,1.47
3079,2022/23,2022-08-28,Wolves,Newcastle,1.0,1.0,D,1.0,0.0,P Bankes,10.0,21.0,4.0,6.0,4.0,13.0,10.0,11.0,2.0,1.0,0.0,0.0,2.7,3.3,2.7,2.76,3.32,2.79,2.59,3.3,3.0,2.75,3.26,2.7
3080,2022/23,2022-08-30,Crystal Palace,Brentford,1.0,1.0,D,0.0,0.0,S Hooper,13.0,9.0,4.0,3.0,4.0,6.0,11.0,8.0,1.0,2.0,0.0,0.0,2.05,3.4,3.6,2.11,3.47,3.83,2.12,3.49,3.78,2.1,3.42,3.72
3081,2022/23,2022-08-30,Fulham,Brighton,2.0,1.0,H,0.0,0.0,T Bramall,10.0,7.0,3.0,4.0,3.0,3.0,9.0,11.0,2.0,1.0,0.0,0.0,3.1,3.3,2.3,3.26,3.44,2.36,3.36,3.29,2.38,3.21,3.35,2.33
3082,2022/23,2022-08-30,Leeds,Everton,1.0,1.0,D,0.0,1.0,D England,14.0,7.0,5.0,2.0,10.0,2.0,10.0,9.0,3.0,3.0,0.0,0.0,2.15,3.5,3.3,2.16,3.61,3.53,2.17,3.65,3.49,2.14,3.57,3.46
3083,2022/23,2022-08-30,Southampton,Chelsea,2.0,1.0,H,2.0,1.0,M Oliver,9.0,10.0,7.0,4.0,5.0,3.0,15.0,10.0,2.0,1.0,0.0,0.0,5.25,4.0,1.61,5.28,4.24,1.67,5.22,4.11,1.69,5.22,4.16,1.65
3084,2022/23,2022-08-31,Arsenal,Aston Villa,2.0,1.0,H,1.0,0.0,R Jones,22.0,4.0,9.0,3.0,10.0,3.0,10.0,14.0,2.0,3.0,0.0,0.0,1.45,4.5,6.0,1.5,4.67,6.97,1.55,4.57,6.27,1.47,4.63,7.0
3085,2022/23,2022-08-31,Bournemouth,Wolves,0.0,0.0,D,0.0,0.0,A Taylor,5.0,17.0,2.0,4.0,2.0,5.0,12.0,12.0,2.0,1.0,0.0,0.0,3.5,3.3,2.15,3.52,3.43,2.24,3.4,3.32,2.34,3.53,3.38,2.16
3086,2022/23,2022-08-31,Liverpool,Newcastle,2.0,1.0,H,0.0,1.0,A Marriner,23.0,5.0,6.0,2.0,13.0,0.0,9.0,10.0,0.0,2.0,0.0,0.0,1.33,5.25,9.0,1.33,5.89,9.75,1.29,6.26,10.61,1.31,5.81,9.58
3087,2022/23,2022-08-31,Man City,Nott'm Forest,6.0,0.0,H,3.0,0.0,P Tierney,17.0,8.0,9.0,1.0,10.0,1.0,9.0,7.0,0.0,1.0,0.0,0.0,1.06,13.0,29.0,1.08,13.43,31.06,1.1,12.5,26.0,1.08,12.84,30.99
3088,2022/23,2022-08-31,West Ham,Tottenham,1.0,1.0,D,0.0,1.0,P Bankes,14.0,13.0,4.0,4.0,3.0,4.0,10.0,9.0,2.0,5.0,0.0,0.0,3.6,3.8,1.95,3.67,3.84,2.04,3.29,3.51,2.3,3.63,3.74,2.01
3089,2022/23,2022-09-01,Leicester,Man United,0.0,1.0,A,0.0,1.0,C Pawson,10.0,9.0,2.0,2.0,1.0,3.0,7.0,15.0,1.0,3.0,0.0,0.0,3.4,3.75,2.05,3.45,3.86,2.11,3.2,3.76,2.25,3.41,3.81,2.07
3090,2022/23,2022-09-03,Aston Villa,Man City,1.0,1.0,D,0.0,0.0,S Hooper,3.0,13.0,1.0,4.0,1.0,4.0,7.0,6.0,2.0,0.0,0.0,0.0,8.0,5.5,1.33,9.25,5.98,1.33,9.35,5.85,1.33,8.75,5.63,1.34
3091,2022/23,2022-09-03,Brentford,Leeds,5.0,2.0,H,2.0,1.0,R Jones,14.0,17.0,8.0,6.0,2.0,6.0,8.0,9.0,2.0,2.0,0.0,0.0,2.1,3.5,3.4,2.21,3.59,3.44,2.17,3.57,3.55,2.17,3.59,3.33
3092,2022/23,2022-09-03,Chelsea,West Ham,2.0,1.0,H,0.0,0.0,A Madley,8.0,6.0,3.0,3.0,10.0,3.0,6.0,11.0,4.0,2.0,0.0,0.0,1.55,4.5,5.5,1.58,4.37,6.17,1.69,4.03,5.44,1.55,4.38,6.03
3093,2022/23,2022-09-03,Everton,Liverpool,0.0,0.0,D,0.0,0.0,A Taylor,14.0,23.0,3.0,8.0,7.0,9.0,7.0,11.0,2.0,2.0,0.0,0.0,7.0,4.75,1.4,8.08,5.21,1.41,7.8,5.4,1.4,7.77,5.06,1.4
3094,2022/23,2022-09-03,Newcastle,Crystal Palace,0.0,0.0,D,0.0,0.0,M Salisbury,23.0,19.0,6.0,9.0,13.0,5.0,19.0,12.0,2.0,1.0,0.0,0.0,2.0,3.5,3.75,2.1,3.44,3.89,2.12,3.47,3.82,2.05,3.48,3.8
3095,2022/23,2022-09-03,Nott'm Forest,Bournemouth,2.0,3.0,A,2.0,0.0,M Oliver,11.0,8.0,3.0,3.0,4.0,6.0,13.0,10.0,2.0,1.0,0.0,0.0,1.95,3.5,3.8,2.05,3.51,4.0,2.21,3.38,3.65,2.02,3.47,3.89
3096,2022/23,2022-09-03,Tottenham,Fulham,2.0,1.0,H,1.0,0.0,S Attwell,23.0,9.0,10.0,3.0,10.0,3.0,9.0,6.0,3.0,4.0,0.0,0.0,1.5,4.5,6.5,1.52,4.63,6.51,1.54,4.62,6.24,1.49,4.62,6.54
3097,2022/23,2022-09-03,Wolves,Southampton,1.0,0.0,H,1.0,0.0,J Brooks,7.0,12.0,2.0,1.0,5.0,6.0,10.0,14.0,4.0,2.0,0.0,0.0,2.2,3.4,3.25,2.3,3.41,3.41,2.14,3.53,3.68,2.24,3.4,3.33
3098,2022/23,2022-09-04,Brighton,Leicester,5.0,2.0,H,2.0,2.0,T Harrington,23.0,6.0,11.0,4.0,10.0,1.0,6.0,8.0,1.0,1.0,0.0,0.0,1.83,3.5,4.5,1.85,3.63,4.85,1.94,3.63,4.29,1.87,3.6,4.43
3099,2022/23,2022-09-04,Man United,Arsenal,3.0,1.0,H,1.0,0.0,P Tierney,10.0,16.0,6.0,3.0,2.0,5.0,13.0,9.0,3.0,3.0,0.0,0.0,2.5,3.5,2.7,2.7,3.58,2.68,2.71,3.56,2.69,2.61,3.55,2.67
3100,2022/23,2022-09-16,Aston Villa,Southampton,1.0,0.0,H,1.0,0.0,T Harrington,11.0,7.0,3.0,1.0,6.0,3.0,13.0,13.0,3.0,1.0,0.0,0.0,2.1,3.5,3.5,2.14,3.62,3.6,2.14,3.58,3.64,2.1,3.55,3.53
3101,2022/23,2022-09-16,Nott'm Forest,Fulham,2.0,3.0,A,1.0,0.0,J Gillett,11.0,15.0,3.0,7.0,2.0,10.0,11.0,10.0,2.0,4.0,0.0,0.0,2.75,3.3,2.62,2.82,3.43,2.67,2.8,3.49,2.64,2.81,3.4,2.57
3102,2022/23,2022-09-17,Newcastle,Bournemouth,1.0,1.0,D,0.0,0.0,C Pawson,20.0,10.0,7.0,3.0,8.0,1.0,10.0,11.0,2.0,2.0,0.0,0.0,1.44,4.4,7.5,1.49,4.56,7.5,1.43,5.01,7.85,1.47,4.47,7.39
3103,2022/23,2022-09-17,Tottenham,Leicester,6.0,2.0,H,2.0,2.0,S Hooper,16.0,19.0,11.0,7.0,6.0,1.0,9.0,9.0,1.0,2.0,0.0,0.0,1.45,4.5,7.0,1.52,4.46,7.04,1.56,4.45,6.38,1.49,4.59,6.7
3104,2022/23,2022-09-17,Wolves,Man City,0.0,3.0,A,0.0,2.0,A Taylor,6.0,16.0,1.0,7.0,5.0,7.0,7.0,9.0,2.0,1.0,1.0,0.0,9.5,5.0,1.33,9.3,5.52,1.36,9.25,5.65,1.35,9.25,5.47,1.34
3105,2022/23,2022-09-18,Brentford,Arsenal,0.0,3.0,A,0.0,2.0,D Coote,5.0,13.0,2.0,7.0,3.0,3.0,10.0,10.0,0.0,2.0,0.0,0.0,4.2,3.8,1.8,4.46,3.98,1.83,4.5,3.85,1.85,4.3,3.91,1.81
3106,2022/23,2022-09-18,Everton,West Ham,1.0,0.0,H,0.0,0.0,M Oliver,7.0,14.0,2.0,4.0,5.0,14.0,8.0,11.0,3.0,1.0,0.0,0.0,2.9,3.25,2.5,2.96,3.39,2.57,2.95,3.35,2.6,2.95,3.31,2.5
3107,2022/23,2022-10-01,Arsenal,Tottenham,3.0,1.0,H,1.0,1.0,A Taylor,22.0,7.0,9.0,3.0,5.0,2.0,10.0,10.0,2.0,1.0,0.0,1.0,2.05,3.75,3.3,2.13,3.65,3.57,1.99,3.75,3.84,2.08,3.7,3.48
3108,2022/23,2022-10-01,Bournemouth,Brentford,0.0,0.0,D,0.0,0.0,T Bramall,7.0,13.0,1.0,4.0,7.0,8.0,11.0,10.0,1.0,2.0,0.0,0.0,3.3,3.4,2.2,3.45,3.49,2.25,3.3,3.53,2.27,3.36,3.44,2.21
3109,2022/23,2022-10-01,Crystal Palace,Chelsea,1.0,2.0,A,1.0,1.0,C Kavanagh,7.0,13.0,3.0,3.0,5.0,2.0,11.0,13.0,1.0,3.0,0.0,0.0,4.2,3.6,1.85,4.42,3.56,1.93,4.83,3.78,1.79,4.29,3.57,1.9
3110,2022/23,2022-10-01,Fulham,Newcastle,1.0,4.0,A,0.0,3.0,D England,3.0,19.0,1.0,10.0,1.0,8.0,9.0,10.0,2.0,0.0,1.0,0.0,3.0,3.4,2.37,3.11,3.57,2.38,2.95,3.42,2.51,3.04,3.46,2.37
3111,2022/23,2022-10-01,Liverpool,Brighton,3.0,3.0,D,1.0,2.0,A Madley,15.0,6.0,7.0,6.0,9.0,2.0,9.0,13.0,1.0,1.0,0.0,0.0,1.33,5.25,8.5,1.38,5.49,8.42,1.49,4.76,6.85,1.37,5.33,8.25
3112,2022/23,2022-10-01,Southampton,Everton,1.0,2.0,A,0.0,0.0,A Marriner,22.0,12.0,6.0,5.0,7.0,6.0,11.0,10.0,2.0,2.0,0.0,0.0,2.15,3.4,3.4,2.23,3.48,3.49,2.38,3.32,3.23,2.19,3.41,3.44
3113,2022/23,2022-10-01,West Ham,Wolves,2.0,0.0,H,1.0,0.0,P Tierney,18.0,15.0,5.0,4.0,1.0,6.0,8.0,6.0,2.0,2.0,0.0,0.0,1.95,3.5,4.2,2.01,3.42,4.31,2.07,3.36,4.01,1.96,3.48,4.12
3114,2022/23,2022-10-02,Leeds,Aston Villa,0.0,0.0,D,0.0,0.0,S Attwell,9.0,19.0,1.0,7.0,2.0,9.0,23.0,12.0,3.0,2.0,1.0,0.0,2.35,3.4,3.0,2.43,3.44,3.12,2.45,3.49,3.06,2.36,3.46,3.03
3115,2022/23,2022-10-02,Man City,Man United,6.0,3.0,H,4.0,0.0,M Oliver,22.0,12.0,10.0,8.0,5.0,1.0,3.0,9.0,0.0,3.0,0.0,0.0,1.33,5.75,7.5,1.37,5.91,7.74,1.43,5.6,6.7,1.35,5.7,8.0
3116,2022/23,2022-10-03,Leicester,Nott'm Forest,4.0,0.0,H,3.0,0.0,R Jones,17.0,10.0,7.0,3.0,6.0,6.0,13.0,12.0,2.0,4.0,0.0,0.0,1.75,4.0,4.33,1.78,4.2,4.48,1.74,4.15,4.75,1.76,4.05,4.41
3117,2022/23,2022-10-08,Bournemouth,Leicester,2.0,1.0,H,0.0,1.0,M Salisbury,10.0,9.0,4.0,5.0,7.0,2.0,8.0,16.0,1.0,2.0,0.0,0.0,3.6,3.4,2.05,3.64,3.7,2.09,3.45,3.54,2.22,3.53,3.63,2.09
3118,2022/23,2022-10-08,Brighton,Tottenham,0.0,1.0,A,0.0,1.0,T Harrington,14.0,8.0,4.0,3.0,6.0,2.0,9.0,14.0,1.0,2.0,0.0,0.0,2.8,3.4,2.5,2.82,3.45,2.65,2.58,3.4,2.94,2.76,3.47,2.58
3119,2022/23,2022-10-08,Chelsea,Wolves,3.0,0.0,H,1.0,0.0,S Hooper,20.0,8.0,7.0,2.0,4.0,2.0,8.0,8.0,2.0,0.0,0.0,0.0,1.4,4.5,8.0,1.41,4.92,8.68,1.53,4.36,7.03,1.4,4.82,8.5
3120,2022/23,2022-10-08,Man City,Southampton,4.0,0.0,H,2.0,0.0,A Madley,21.0,5.0,8.0,0.0,9.0,1.0,4.0,8.0,0.0,1.0,0.0,0.0,1.11,10.0,17.0,1.13,10.77,20.4,1.13,11.0,21.0,1.12,10.3,21.15
3121,2022/23,2022-10-08,Newcastle,Brentford,5.0,1.0,H,2.0,0.0,J Brooks,16.0,6.0,6.0,3.0,9.0,5.0,14.0,9.0,0.0,1.0,0.0,0.0,1.83,3.8,4.2,1.81,3.99,4.55,1.69,4.05,5.35,1.8,3.92,4.38
3122,2022/23,2022-10-09,Arsenal,Liverpool,3.0,2.0,H,2.0,1.0,M Oliver,11.0,8.0,7.0,3.0,4.0,3.0,11.0,11.0,1.0,2.0,0.0,0.0,2.5,3.6,2.62,2.67,3.69,2.66,2.58,3.84,2.67,2.58,3.72,2.62
3123,2022/23,2022-10-09,Crystal Palace,Leeds,2.0,1.0,H,1.0,1.0,P Tierney,13.0,10.0,5.0,4.0,5.0,3.0,13.0,23.0,3.0,3.0,0.0,0.0,2.05,3.5,3.6,2.06,3.68,3.76,2.09,3.62,3.73,2.07,3.62,3.57
3124,2022/23,2022-10-09,Everton,Man United,1.0,2.0,A,1.0,2.0,D Coote,11.0,12.0,2.0,4.0,5.0,4.0,7.0,13.0,2.0,1.0,0.0,0.0,3.6,3.5,2.05,3.62,3.67,2.11,3.65,3.68,2.09,3.56,3.58,2.09
3125,2022/23,2022-10-09,West Ham,Fulham,3.0,1.0,H,1.0,1.0,C Kavanagh,17.0,8.0,8.0,2.0,4.0,2.0,9.0,7.0,1.0,3.0,0.0,0.0,1.72,3.8,4.75,1.79,3.9,4.82,1.63,4.11,5.89,1.78,3.9,4.56
3126,2022/23,2022-10-10,Nott'm Forest,Aston Villa,1.0,1.0,D,1.0,1.0,A Taylor,6.0,12.0,3.0,2.0,1.0,4.0,13.0,19.0,3.0,3.0,0.0,0.0,3.3,3.4,2.2,3.4,3.6,2.22,3.79,3.64,2.03,3.35,3.49,2.19
3127,2022/23,2022-10-14,Brentford,Brighton,2.0,0.0,H,1.0,0.0,M Salisbury,7.0,21.0,3.0,7.0,2.0,11.0,12.0,15.0,3.0,1.0,0.0,0.0,3.1,3.4,2.3,3.32,3.52,2.29,3.35,3.53,2.27,3.21,3.44,2.3
3128,2022/23,2022-10-15,Fulham,Bournemouth,2.0,2.0,D,1.0,2.0,G Scott,19.0,10.0,4.0,6.0,5.0,6.0,9.0,11.0,2.0,0.0,0.0,0.0,1.85,3.75,4.0,1.92,3.77,4.23,1.98,3.69,4.03,1.89,3.72,4.13
3129,2022/23,2022-10-15,Leicester,Crystal Palace,0.0,0.0,D,0.0,0.0,A Madley,14.0,8.0,5.0,1.0,9.0,2.0,18.0,13.0,2.0,2.0,0.0,0.0,2.3,3.4,3.1,2.38,3.55,3.12,2.49,3.54,2.96,2.31,3.49,3.12
3130,2022/23,2022-10-15,Tottenham,Everton,2.0,0.0,H,0.0,0.0,P Tierney,21.0,4.0,7.0,0.0,7.0,1.0,12.0,13.0,1.0,4.0,0.0,0.0,1.5,4.5,6.5,1.48,4.67,7.26,1.5,4.7,6.9,1.49,4.56,6.81
3131,2022/23,2022-10-15,Wolves,Nott'm Forest,1.0,0.0,H,0.0,0.0,T Bramall,9.0,10.0,2.0,2.0,4.0,5.0,17.0,13.0,2.0,2.0,0.0,0.0,1.7,3.75,5.0,1.74,3.78,5.41,1.76,3.91,5.02,1.72,3.81,5.13
3132,2022/23,2022-10-16,Aston Villa,Chelsea,0.0,2.0,A,0.0,1.0,R Jones,18.0,8.0,7.0,4.0,7.0,1.0,12.0,11.0,0.0,3.0,0.0,0.0,4.33,3.75,1.8,4.78,3.65,1.85,3.97,3.49,2.07,4.54,3.69,1.82
3133,2022/23,2022-10-16,Leeds,Arsenal,0.0,1.0,A,0.0,1.0,C Kavanagh,16.0,9.0,4.0,4.0,6.0,3.0,10.0,11.0,0.0,2.0,0.0,0.0,6.0,4.2,1.55,6.23,4.49,1.56,4.97,4.22,1.7,5.83,4.41,1.56
3134,2022/23,2022-10-16,Liverpool,Man City,1.0,0.0,H,0.0,0.0,A Taylor,13.0,16.0,2.0,6.0,5.0,6.0,10.0,7.0,3.0,1.0,0.0,0.0,3.6,4.0,1.9,4.0,4.11,1.88,3.81,4.25,1.9,3.74,4.06,1.91
3135,2022/23,2022-10-16,Man United,Newcastle,0.0,0.0,D,0.0,0.0,C Pawson,15.0,9.0,2.0,2.0,4.0,4.0,13.0,11.0,3.0,1.0,0.0,0.0,1.95,3.8,3.5,2.04,3.71,3.8,2.08,3.68,3.71,2.0,3.78,3.65
3136,2022/23,2022-10-16,Southampton,West Ham,1.0,1.0,D,1.0,0.0,P Bankes,10.0,25.0,8.0,4.0,4.0,14.0,7.0,3.0,1.0,1.0,0.0,0.0,2.9,3.4,2.4,3.08,3.42,2.47,3.01,3.37,2.54,2.96,3.42,2.44
3137,2022/23,2022-10-18,Brighton,Nott'm Forest,0.0,0.0,D,0.0,0.0,D England,19.0,3.0,7.0,0.0,9.0,1.0,10.0,14.0,3.0,1.0,0.0,0.0,1.4,4.75,7.0,1.39,5.17,8.97,1.41,5.08,8.53,1.4,4.91,8.19
3138,2022/23,2022-10-18,Crystal Palace,Wolves,2.0,1.0,H,0.0,1.0,D Coote,14.0,10.0,4.0,4.0,4.0,3.0,14.0,18.0,3.0,1.0,0.0,0.0,2.25,3.1,3.4,2.32,3.21,3.58,2.13,3.39,3.89,2.29,3.19,3.46
3139,2022/23,2022-10-19,Bournemouth,Southampton,0.0,1.0,A,0.0,1.0,J Brooks,15.0,9.0,3.0,3.0,7.0,3.0,8.0,13.0,1.0,3.0,0.0,0.0,2.62,3.3,2.62,2.76,3.4,2.74,2.71,3.3,2.86,2.72,3.33,2.69
3140,2022/23,2022-10-19,Brentford,Chelsea,0.0,0.0,D,0.0,0.0,J Gillett,8.0,14.0,5.0,5.0,6.0,2.0,7.0,7.0,0.0,0.0,0.0,0.0,4.75,3.8,1.72,4.85,3.93,1.78,4.49,3.72,1.88,4.79,3.92,1.74
3141,2022/23,2022-10-19,Liverpool,West Ham,1.0,0.0,H,1.0,0.0,S Attwell,22.0,8.0,7.0,3.0,8.0,3.0,9.0,8.0,0.0,0.0,0.0,0.0,1.4,5.0,7.0,1.45,5.1,7.08,1.44,5.05,7.4,1.44,5.01,6.96
3142,2022/23,2022-10-19,Man United,Tottenham,2.0,0.0,H,0.0,0.0,S Hooper,28.0,9.0,10.0,2.0,8.0,3.0,7.0,7.0,1.0,0.0,0.0,0.0,2.45,3.5,2.75,2.49,3.59,2.93,2.43,3.55,3.05,2.45,3.57,2.86
3143,2022/23,2022-10-19,Newcastle,Everton,1.0,0.0,H,1.0,0.0,T Harrington,16.0,1.0,4.0,0.0,8.0,2.0,9.0,12.0,2.0,4.0,0.0,0.0,1.6,3.8,5.75,1.65,4.06,5.81,1.66,4.06,5.74,1.64,4.05,5.46
3144,2022/23,2022-10-20,Fulham,Aston Villa,3.0,0.0,H,1.0,0.0,M Oliver,18.0,12.0,8.0,6.0,9.0,7.0,11.0,11.0,0.0,2.0,0.0,1.0,2.9,3.3,2.5,2.94,3.47,2.54,3.03,3.47,2.47,2.88,3.42,2.51
3145,2022/23,2022-10-20,Leicester,Leeds,2.0,0.0,H,2.0,0.0,P Bankes,5.0,14.0,1.0,2.0,2.0,9.0,15.0,11.0,2.0,1.0,0.0,0.0,2.25,3.6,3.0,2.36,3.65,3.08,2.37,3.64,3.05,2.32,3.58,3.03
3146,2022/23,2022-10-22,Chelsea,Man United,1.0,1.0,D,0.0,0.0,S Attwell,6.0,13.0,2.0,6.0,6.0,4.0,8.0,10.0,1.0,4.0,0.0,0.0,2.05,3.5,3.5,2.15,3.54,3.64,2.17,3.65,3.62,2.14,3.51,3.5
3147,2022/23,2022-10-22,Everton,Crystal Palace,3.0,0.0,H,1.0,0.0,S Hooper,9.0,9.0,6.0,2.0,3.0,4.0,16.0,14.0,3.0,4.0,0.0,0.0,2.6,3.2,2.87,2.69,3.19,2.97,2.54,3.18,3.18,2.58,3.18,2.96
3148,2022/23,2022-10-22,Man City,Brighton,3.0,1.0,H,2.0,0.0,C Pawson,10.0,8.0,4.0,2.0,7.0,3.0,11.0,12.0,1.0,3.0,0.0,0.0,1.2,7.0,13.0,1.21,7.21,15.39,1.23,7.25,14.0,1.21,6.94,14.36
3149,2022/23,2022-10-22,Nott'm Forest,Liverpool,1.0,0.0,H,0.0,0.0,P Tierney,10.0,15.0,7.0,7.0,2.0,11.0,14.0,8.0,2.0,1.0,0.0,0.0,11.0,6.0,1.25,11.14,5.8,1.3,9.5,5.5,1.36,11.31,6.19,1.26
3150,2022/23,2022-10-23,Aston Villa,Brentford,4.0,0.0,H,3.0,0.0,D England,19.0,12.0,11.0,3.0,7.0,6.0,14.0,11.0,1.0,0.0,0.0,0.0,2.1,3.5,3.5,2.23,3.46,3.51,2.08,3.57,3.81,2.14,3.5,3.49
3151,2022/23,2022-10-23,Leeds,Fulham,2.0,3.0,A,1.0,1.0,A Taylor,14.0,11.0,5.0,5.0,3.0,6.0,12.0,8.0,1.0,1.0,0.0,0.0,2.05,3.5,3.6,2.06,3.69,3.75,2.1,3.81,3.51,2.06,3.62,3.59
3152,2022/23,2022-10-23,Southampton,Arsenal,1.0,1.0,D,0.0,1.0,R Jones,10.0,12.0,3.0,3.0,9.0,4.0,11.0,8.0,2.0,1.0,0.0,0.0,6.0,4.0,1.57,6.2,4.31,1.58,7.07,4.79,1.48,5.78,4.27,1.58
3153,2022/23,2022-10-23,Tottenham,Newcastle,1.0,2.0,A,0.0,2.0,J Gillett,17.0,13.0,5.0,5.0,6.0,7.0,12.0,6.0,4.0,2.0,0.0,0.0,2.05,3.5,3.5,2.12,3.62,3.63,2.25,3.52,3.41,2.09,3.58,3.53
3154,2022/23,2022-10-23,Wolves,Leicester,0.0,4.0,A,0.0,2.0,M Oliver,21.0,5.0,5.0,4.0,9.0,2.0,10.0,13.0,2.0,1.0,0.0,0.0,2.25,3.25,3.25,2.3,3.35,3.46,2.41,3.43,3.18,2.3,3.38,3.24
3155,2022/23,2022-10-24,West Ham,Bournemouth,2.0,0.0,H,1.0,0.0,D Coote,20.0,5.0,4.0,3.0,5.0,0.0,9.0,11.0,0.0,2.0,0.0,0.0,1.55,4.0,6.0,1.59,4.12,6.53,1.62,4.08,6.12,1.55,4.16,6.2
3156,2022/23,2022-10-29,Bournemouth,Tottenham,2.0,3.0,A,1.0,0.0,A Taylor,6.0,23.0,4.0,7.0,2.0,19.0,10.0,5.0,1.0,2.0,0.0,0.0,5.0,3.8,1.7,5.41,3.85,1.72,5.18,3.79,1.75,5.1,3.91,1.69
3157,2022/23,2022-10-29,Brentford,Wolves,1.0,1.0,D,0.0,0.0,R Madley,12.0,14.0,3.0,4.0,3.0,6.0,10.0,17.0,3.0,3.0,0.0,1.0,2.2,3.4,3.3,2.24,3.5,3.44,2.2,3.55,3.49,2.2,3.46,3.33
3158,2022/23,2022-10-29,Brighton,Chelsea,4.0,1.0,H,3.0,0.0,A Madley,19.0,15.0,9.0,7.0,8.0,7.0,16.0,6.0,1.0,2.0,0.0,0.0,3.0,3.3,2.4,3.17,3.43,2.41,3.17,3.37,2.44,3.03,3.34,2.41
3159,2022/23,2022-10-29,Crystal Palace,Southampton,1.0,0.0,H,1.0,0.0,M Salisbury,12.0,14.0,3.0,4.0,8.0,4.0,13.0,12.0,3.0,3.0,0.0,0.0,1.9,3.6,4.0,1.96,3.62,4.22,2.08,3.47,3.94,1.95,3.57,4.03
3160,2022/23,2022-10-29,Fulham,Everton,0.0,0.0,D,0.0,0.0,J Brooks,24.0,9.0,6.0,4.0,13.0,4.0,10.0,8.0,2.0,1.0,0.0,0.0,2.37,3.4,3.0,2.39,3.46,3.18,2.33,3.49,3.27,2.36,3.43,3.07
3161,2022/23,2022-10-29,Leicester,Man City,0.0,1.0,A,0.0,0.0,R Jones,10.0,15.0,5.0,5.0,3.0,10.0,5.0,10.0,0.0,0.0,0.0,0.0,10.0,6.5,1.25,9.62,5.93,1.32,7.75,5.2,1.42,9.66,6.09,1.29
3162,2022/23,2022-10-29,Liverpool,Leeds,1.0,2.0,A,1.0,1.0,M Oliver,22.0,14.0,10.0,6.0,14.0,5.0,9.0,3.0,0.0,1.0,0.0,0.0,1.3,6.0,9.0,1.32,5.98,9.43,1.23,7.5,12.0,1.3,6.07,9.16
3163,2022/23,2022-10-29,Newcastle,Aston Villa,4.0,0.0,H,1.0,0.0,P Tierney,20.0,3.0,7.0,0.0,3.0,0.0,11.0,11.0,1.0,1.0,0.0,0.0,1.8,3.75,4.5,1.83,3.82,4.6,1.78,3.89,4.92,1.83,3.73,4.41
3164,2022/23,2022-10-30,Arsenal,Nott'm Forest,5.0,0.0,H,1.0,0.0,S Hooper,24.0,5.0,10.0,2.0,9.0,4.0,9.0,8.0,0.0,1.0,0.0,0.0,1.2,7.0,12.0,1.2,7.4,16.85,1.22,7.25,13.5,1.2,6.96,14.82
3165,2022/23,2022-10-30,Man United,West Ham,1.0,0.0,H,1.0,0.0,C Kavanagh,16.0,13.0,3.0,5.0,5.0,10.0,12.0,10.0,1.0,3.0,0.0,0.0,1.66,4.0,4.8,1.71,4.05,5.14,1.73,3.97,5.12,1.7,4.02,4.85
3166,2022/23,2022-11-05,Everton,Leicester,0.0,2.0,A,0.0,1.0,D Coote,12.0,22.0,2.0,8.0,8.0,3.0,9.0,5.0,0.0,0.0,0.0,0.0,2.4,3.3,3.0,2.48,3.36,3.12,2.56,3.4,2.96,2.43,3.33,3.03
3167,2022/23,2022-11-05,Leeds,Bournemouth,4.0,3.0,H,1.0,2.0,T Harrington,18.0,9.0,4.0,6.0,13.0,3.0,16.0,10.0,2.0,2.0,0.0,0.0,1.72,3.8,4.75,1.74,3.99,5.08,1.65,4.22,5.52,1.74,3.93,4.73
3168,2022/23,2022-11-05,Man City,Fulham,2.0,1.0,H,1.0,1.0,D England,16.0,4.0,5.0,2.0,9.0,0.0,6.0,11.0,2.0,4.0,1.0,0.0,1.11,9.5,19.0,1.13,10.33,22.62,1.18,8.5,16.0,1.13,9.74,19.8
3169,2022/23,2022-11-05,Nott'm Forest,Brentford,2.0,2.0,D,1.0,1.0,A Marriner,15.0,6.0,7.0,2.0,3.0,3.0,10.0,11.0,2.0,2.0,0.0,0.0,2.75,3.3,2.6,2.83,3.43,2.66,2.7,3.24,2.92,2.78,3.39,2.59
3170,2022/23,2022-11-05,Wolves,Brighton,2.0,3.0,A,2.0,2.0,G Scott,8.0,19.0,5.0,8.0,4.0,9.0,15.0,11.0,2.0,0.0,1.0,0.0,3.3,3.3,2.25,3.49,3.33,2.3,3.64,3.33,2.24,3.39,3.33,2.24
3171,2022/23,2022-11-06,Aston Villa,Man United,3.0,1.0,H,2.0,1.0,A Taylor,6.0,8.0,4.0,3.0,3.0,5.0,6.0,12.0,3.0,3.0,0.0,0.0,3.3,3.8,2.1,3.38,3.63,2.22,3.18,3.57,2.34,3.39,3.54,2.15
3172,2022/23,2022-11-06,Chelsea,Arsenal,0.0,1.0,A,0.0,0.0,M Oliver,5.0,14.0,1.0,2.0,4.0,6.0,20.0,13.0,5.0,2.0,0.0,0.0,2.55,3.4,2.7,2.72,3.5,2.71,2.71,3.48,2.69,2.64,3.42,2.7
3173,2022/23,2022-11-06,Southampton,Newcastle,1.0,4.0,A,0.0,1.0,S Attwell,16.0,7.0,5.0,4.0,8.0,2.0,7.0,10.0,1.0,0.0,0.0,0.0,4.0,3.6,1.9,4.22,3.71,1.93,4.49,3.8,1.85,4.02,3.66,1.92
3174,2022/23,2022-11-06,Tottenham,Liverpool,1.0,2.0,A,0.0,2.0,A Madley,14.0,13.0,5.0,6.0,5.0,3.0,10.0,8.0,0.0,0.0,0.0,0.0,3.3,3.6,2.1,3.33,3.76,2.19,3.59,3.89,2.05,3.28,3.67,2.16
3175,2022/23,2022-11-06,West Ham,Crystal Palace,1.0,2.0,A,1.0,1.0,P Tierney,5.0,15.0,2.0,6.0,2.0,5.0,10.0,7.0,1.0,1.0,0.0,0.0,1.9,3.4,4.2,1.95,3.56,4.34,1.89,3.59,4.6,1.94,3.49,4.18
3176,2022/23,2022-11-12,Bournemouth,Everton,3.0,0.0,H,2.0,0.0,C Pawson,16.0,15.0,9.0,3.0,3.0,5.0,12.0,8.0,2.0,0.0,0.0,0.0,2.8,3.25,2.6,2.94,3.32,2.63,2.88,3.26,2.73,2.86,3.25,2.6
3177,2022/23,2022-11-12,Liverpool,Southampton,3.0,1.0,H,3.0,1.0,S Hooper,15.0,9.0,7.0,5.0,6.0,0.0,8.0,8.0,0.0,2.0,0.0,0.0,1.25,6.5,11.0,1.26,6.49,11.55,1.28,6.66,9.77,1.25,6.52,11.38
3178,2022/23,2022-11-12,Man City,Brentford,1.0,2.0,A,1.0,1.0,P Bankes,29.0,10.0,6.0,8.0,10.0,2.0,9.0,7.0,2.0,2.0,0.0,0.0,1.14,8.0,17.0,1.15,9.28,20.24,1.15,9.0,19.5,1.14,8.92,19.14
3179,2022/23,2022-11-12,Newcastle,Chelsea,1.0,0.0,H,0.0,0.0,R Jones,10.0,5.0,3.0,2.0,5.0,3.0,14.0,11.0,3.0,2.0,0.0,0.0,2.35,3.4,3.0,2.36,3.53,3.18,2.17,3.46,3.67,2.33,3.44,3.11
3180,2022/23,2022-11-12,Nott'm Forest,Crystal Palace,1.0,0.0,H,0.0,0.0,J Brooks,9.0,8.0,2.0,0.0,1.0,5.0,11.0,13.0,1.0,4.0,0.0,0.0,3.1,3.1,2.45,3.25,3.31,2.43,3.34,3.2,2.44,3.12,3.24,2.43
3181,2022/23,2022-11-12,Tottenham,Leeds,4.0,3.0,H,1.0,2.0,M Salisbury,14.0,12.0,8.0,5.0,9.0,2.0,8.0,7.0,1.0,1.0,0.0,1.0,1.65,4.2,4.75,1.67,4.35,5.15,1.65,4.42,5.24,1.64,4.26,5.04
3182,2022/23,2022-11-12,West Ham,Leicester,0.0,2.0,A,0.0,1.0,J Gillett,18.0,9.0,6.0,6.0,7.0,2.0,9.0,8.0,3.0,1.0,0.0,0.0,2.05,3.4,3.75,2.14,3.56,3.64,1.99,3.68,4.03,2.09,3.51,3.6
3183,2022/23,2022-11-12,Wolves,Arsenal,0.0,2.0,A,0.0,0.0,S Attwell,11.0,14.0,2.0,4.0,6.0,4.0,5.0,6.0,3.0,2.0,0.0,0.0,6.0,4.2,1.55,6.5,4.3,1.56,6.54,4.22,1.57,6.15,4.26,1.55
3184,2022/23,2022-11-13,Brighton,Aston Villa,1.0,2.0,A,1.0,1.0,C Kavanagh,7.0,8.0,2.0,2.0,11.0,4.0,14.0,11.0,2.0,7.0,0.0,0.0,1.83,3.75,4.2,1.88,3.84,4.33,1.76,3.85,5.05,1.86,3.71,4.21
3185,2022/23,2022-11-13,Fulham,Man United,1.0,2.0,A,0.0,1.0,P Tierney,14.0,14.0,7.0,9.0,10.0,3.0,9.0,10.0,1.0,1.0,0.0,0.0,3.8,3.8,1.9,4.0,4.02,1.91,4.29,3.9,1.87,3.91,3.88,1.89
3186,2022/23,2022-12-26,Arsenal,West Ham,3.0,1.0,H,0.0,1.0,M Oliver,16.0,8.0,5.0,4.0,7.0,5.0,13.0,17.0,0.0,2.0,0.0,0.0,1.5,4.33,6.5,1.52,4.48,6.85,1.57,4.3,6.43,1.51,4.39,6.52
3187,2022/23,2022-12-26,Aston Villa,Liverpool,1.0,3.0,A,0.0,2.0,P Tierney,12.0,16.0,6.0,9.0,0.0,6.0,7.0,12.0,0.0,0.0,0.0,0.0,4.75,4.0,1.7,4.51,4.09,1.79,4.89,4.13,1.73,4.51,4.04,1.75
3188,2022/23,2022-12-26,Brentford,Tottenham,2.0,2.0,D,1.0,0.0,D Coote,9.0,16.0,5.0,8.0,6.0,5.0,11.0,10.0,3.0,1.0,0.0,0.0,4.0,3.6,1.91,4.0,3.89,1.93,3.36,3.68,2.2,3.85,3.74,1.95
3189,2022/23,2022-12-26,Crystal Palace,Fulham,0.0,3.0,A,0.0,1.0,A Madley,4.0,23.0,0.0,11.0,1.0,8.0,12.0,15.0,0.0,0.0,2.0,0.0,2.05,3.6,3.5,2.09,3.66,3.68,2.29,3.55,3.3,2.07,3.55,3.58
3190,2022/23,2022-12-26,Everton,Wolves,1.0,2.0,A,1.0,1.0,C Pawson,12.0,7.0,6.0,4.0,2.0,2.0,9.0,22.0,1.0,6.0,0.0,0.0,2.3,3.25,3.2,2.41,3.26,3.34,2.57,3.25,3.07,2.35,3.25,3.24
3191,2022/23,2022-12-26,Leicester,Newcastle,0.0,3.0,A,0.0,3.0,J Gillett,8.0,12.0,2.0,5.0,5.0,5.0,9.0,6.0,0.0,0.0,0.0,0.0,3.25,3.5,2.2,3.36,3.64,2.22,3.47,3.51,2.23,3.24,3.54,2.21
3192,2022/23,2022-12-26,Southampton,Brighton,1.0,3.0,A,0.0,2.0,R Jones,14.0,7.0,4.0,4.0,4.0,2.0,9.0,10.0,1.0,2.0,0.0,0.0,3.3,3.5,2.15,3.5,3.6,2.18,3.83,3.52,2.08,3.4,3.51,2.15
3193,2022/23,2022-12-27,Chelsea,Bournemouth,2.0,0.0,H,2.0,0.0,S Hooper,15.0,9.0,5.0,4.0,6.0,8.0,8.0,10.0,0.0,0.0,0.0,0.0,1.3,5.5,10.0,1.32,5.72,10.69,1.37,5.35,9.25,1.32,5.46,9.72
3194,2022/23,2022-12-27,Man United,Nott'm Forest,3.0,0.0,H,2.0,0.0,A Taylor,17.0,8.0,8.0,3.0,9.0,9.0,13.0,4.0,3.0,1.0,0.0,0.0,1.29,5.5,11.0,1.31,5.7,11.66,1.36,5.5,9.2,1.31,5.51,10.4
3195,2022/23,2022-12-28,Leeds,Man City,1.0,3.0,A,0.0,1.0,S Attwell,9.0,26.0,1.0,9.0,3.0,5.0,11.0,14.0,3.0,3.0,0.0,0.0,9.5,6.0,1.29,9.78,6.09,1.31,10.34,6.03,1.3,9.46,5.99,1.3
3196,2022/23,2022-12-30,Liverpool,Leicester,2.0,1.0,H,2.0,1.0,C Pawson,21.0,7.0,5.0,2.0,4.0,5.0,8.0,15.0,0.0,1.0,0.0,0.0,1.29,6.0,9.5,1.31,6.08,9.55,1.26,6.43,12.34,1.3,6.03,9.64
3197,2022/23,2022-12-30,West Ham,Brentford,0.0,2.0,A,0.0,2.0,D England,20.0,9.0,5.0,6.0,8.0,1.0,9.0,5.0,1.0,0.0,0.0,0.0,2.0,3.6,3.6,2.08,3.66,3.73,2.15,3.65,3.53,2.06,3.59,3.64
3198,2022/23,2022-12-31,Bournemouth,Crystal Palace,0.0,2.0,A,0.0,2.0,A Marriner,6.0,15.0,2.0,6.0,2.0,7.0,17.0,11.0,4.0,1.0,0.0,0.0,2.8,3.3,2.5,2.97,3.32,2.6,3.01,3.22,2.65,2.91,3.27,2.55
3199,2022/23,2022-12-31,Brighton,Arsenal,2.0,4.0,A,0.0,2.0,A Taylor,9.0,14.0,5.0,7.0,7.0,4.0,7.0,11.0,3.0,3.0,0.0,0.0,3.4,3.5,2.1,3.6,3.62,2.13,4.47,3.77,1.87,3.46,3.56,2.12
3200,2022/23,2022-12-31,Fulham,Southampton,2.0,1.0,H,1.0,0.0,G Scott,8.0,9.0,2.0,3.0,4.0,4.0,8.0,13.0,0.0,1.0,0.0,0.0,1.95,3.6,3.75,2.04,3.59,3.95,1.84,3.9,4.47,2.02,3.57,3.77
3201,2022/23,2022-12-31,Man City,Everton,1.0,1.0,D,1.0,0.0,A Madley,16.0,2.0,3.0,1.0,7.0,1.0,13.0,14.0,3.0,4.0,0.0,0.0,1.13,9.0,19.0,1.16,7.97,23.85,1.15,9.75,20.0,1.14,8.61,21.51
3202,2022/23,2022-12-31,Newcastle,Leeds,0.0,0.0,D,0.0,0.0,S Hooper,16.0,8.0,5.0,1.0,9.0,3.0,13.0,19.0,3.0,5.0,0.0,0.0,1.45,4.5,7.0,1.49,4.8,6.8,1.46,4.87,6.94,1.47,4.73,6.73
3203,2022/23,2022-12-31,Wolves,Man United,0.0,1.0,A,0.0,0.0,R Jones,10.0,16.0,3.0,6.0,7.0,5.0,11.0,11.0,1.0,3.0,0.0,0.0,4.0,3.6,1.91,4.16,3.71,1.94,4.12,3.69,1.96,4.09,3.64,1.92
3204,2022/23,2023-01-01,Nott'm Forest,Chelsea,1.0,1.0,D,0.0,1.0,P Bankes,12.0,7.0,5.0,2.0,1.0,2.0,16.0,14.0,2.0,2.0,0.0,0.0,5.0,3.8,1.7,5.43,3.98,1.7,5.8,4.2,1.63,5.21,3.88,1.69
3205,2022/23,2023-01-01,Tottenham,Aston Villa,0.0,2.0,A,0.0,0.0,J Brooks,6.0,13.0,2.0,4.0,5.0,3.0,15.0,10.0,4.0,3.0,0.0,0.0,1.67,4.0,5.0,1.7,4.21,5.01,1.68,4.26,5.1,1.68,4.06,4.94
3206,2022/23,2023-01-02,Brentford,Liverpool,3.0,1.0,H,2.0,0.0,S Attwell,10.0,16.0,7.0,6.0,4.0,9.0,5.0,8.0,1.0,3.0,0.0,0.0,5.5,4.33,1.55,5.76,4.56,1.58,6.24,4.65,1.54,5.65,4.52,1.56
3207,2022/23,2023-01-03,Arsenal,Newcastle,0.0,0.0,D,0.0,0.0,A Madley,17.0,8.0,4.0,1.0,5.0,5.0,10.0,16.0,4.0,4.0,0.0,0.0,1.8,3.8,4.33,1.83,3.95,4.45,1.78,3.91,4.88,1.82,3.83,4.39
3208,2022/23,2023-01-03,Everton,Brighton,1.0,4.0,A,0.0,1.0,A Marriner,10.0,19.0,4.0,8.0,5.0,2.0,8.0,10.0,3.0,1.0,0.0,0.0,3.5,3.5,2.1,3.67,3.51,2.15,3.23,3.39,2.43,3.56,3.46,2.13
3209,2022/23,2023-01-03,Leicester,Fulham,0.0,1.0,A,0.0,1.0,D Bond,15.0,11.0,6.0,2.0,6.0,3.0,12.0,11.0,2.0,6.0,0.0,0.0,2.2,3.6,3.1,2.26,3.73,3.2,2.36,3.67,3.06,2.23,3.63,3.16
3210,2022/23,2023-01-03,Man United,Bournemouth,3.0,0.0,H,1.0,0.0,M Salisbury,18.0,7.0,6.0,4.0,6.0,5.0,13.0,7.0,0.0,3.0,0.0,0.0,1.29,5.5,11.0,1.29,6.02,10.83,1.29,6.05,11.5,1.29,5.94,10.56
3211,2022/23,2023-01-04,Aston Villa,Wolves,1.0,1.0,D,0.0,1.0,J Gillett,13.0,10.0,4.0,3.0,7.0,8.0,6.0,12.0,1.0,3.0,0.0,0.0,1.95,3.6,4.0,1.99,3.76,3.93,1.95,3.58,4.32,1.99,3.57,3.86
3212,2022/23,2023-01-04,Crystal Palace,Tottenham,0.0,4.0,A,0.0,0.0,M Oliver,19.0,14.0,4.0,6.0,10.0,4.0,11.0,8.0,1.0,2.0,0.0,0.0,3.4,3.5,2.15,3.39,3.58,2.23,3.32,3.47,2.31,3.34,3.48,2.19
3213,2022/23,2023-01-04,Leeds,West Ham,2.0,2.0,D,1.0,1.0,D Coote,14.0,15.0,6.0,2.0,8.0,1.0,11.0,18.0,3.0,1.0,0.0,0.0,2.6,3.5,2.6,2.65,3.59,2.73,2.93,3.45,2.56,2.62,3.52,2.65
3214,2022/23,2023-01-04,Southampton,Nott'm Forest,0.0,1.0,A,0.0,1.0,T Bramall,8.0,11.0,0.0,1.0,6.0,2.0,14.0,17.0,2.0,2.0,0.0,0.0,2.0,3.5,3.8,2.1,3.52,3.82,2.43,3.37,3.19,2.03,3.46,3.82
3215,2022/23,2023-01-05,Chelsea,Man City,0.0,1.0,A,0.0,0.0,P Tierney,8.0,12.0,2.0,3.0,3.0,2.0,9.0,9.0,2.0,0.0,0.0,0.0,5.0,4.0,1.67,5.6,4.19,1.65,5.44,4.19,1.67,5.17,4.03,1.66
3216,2022/23,2023-01-12,Fulham,Chelsea,2.0,1.0,H,1.0,0.0,D Coote,8.0,20.0,3.0,10.0,5.0,7.0,12.0,16.0,4.0,3.0,0.0,1.0,3.3,3.5,2.15,3.43,3.6,2.21,4.07,3.48,2.04,3.36,3.54,2.18
3217,2022/23,2023-01-13,Aston Villa,Leeds,2.0,1.0,H,1.0,0.0,M Oliver,11.0,16.0,5.0,4.0,0.0,11.0,12.0,8.0,2.0,2.0,0.0,0.0,1.91,3.6,4.0,1.96,3.7,4.11,2.05,3.66,3.89,1.94,3.63,4.02
3218,2022/23,2023-01-14,Brentford,Bournemouth,2.0,0.0,H,1.0,0.0,J Gillett,12.0,7.0,4.0,2.0,5.0,3.0,5.0,9.0,1.0,1.0,0.0,0.0,1.65,4.0,5.25,1.69,4.14,5.23,1.61,4.15,6.25,1.66,4.09,5.2
3219,2022/23,2023-01-14,Brighton,Liverpool,3.0,0.0,H,0.0,0.0,D England,16.0,6.0,9.0,2.0,7.0,1.0,8.0,15.0,1.0,3.0,0.0,0.0,3.4,3.6,2.1,3.39,3.74,2.17,2.9,3.81,2.41,3.31,3.76,2.12
3220,2022/23,2023-01-14,Everton,Southampton,1.0,2.0,A,1.0,0.0,J Brooks,12.0,13.0,4.0,5.0,6.0,4.0,7.0,19.0,0.0,3.0,0.0,0.0,2.25,3.25,3.3,2.28,3.48,3.36,2.42,3.26,3.31,2.25,3.39,3.32
3221,2022/23,2023-01-14,Man United,Man City,2.0,1.0,H,0.0,0.0,S Attwell,8.0,5.0,4.0,1.0,1.0,2.0,15.0,5.0,3.0,0.0,0.0,0.0,4.2,3.6,1.85,4.26,3.98,1.86,4.18,4.02,1.91,4.21,3.9,1.84
3222,2022/23,2023-01-14,Nott'm Forest,Leicester,2.0,0.0,H,0.0,0.0,P Tierney,15.0,6.0,5.0,1.0,3.0,5.0,11.0,12.0,1.0,2.0,0.0,0.0,2.7,3.3,2.63,2.74,3.46,2.72,2.8,3.2,2.84,2.72,3.4,2.65
3223,2022/23,2023-01-14,Wolves,West Ham,1.0,0.0,H,0.0,0.0,S Hooper,17.0,16.0,4.0,4.0,4.0,3.0,10.0,7.0,0.0,2.0,0.0,0.0,2.63,3.3,2.7,2.75,3.29,2.82,2.54,3.17,3.19,2.7,3.27,2.75
3224,2022/23,2023-01-15,Chelsea,Crystal Palace,1.0,0.0,H,0.0,0.0,P Bankes,15.0,10.0,5.0,5.0,11.0,7.0,10.0,17.0,2.0,5.0,0.0,0.0,1.62,4.0,5.25,1.68,3.96,5.64,1.88,3.5,4.8,1.66,3.93,5.47
3225,2022/23,2023-01-15,Newcastle,Fulham,1.0,0.0,H,0.0,0.0,R Jones,20.0,5.0,5.0,0.0,10.0,5.0,6.0,14.0,1.0,3.0,0.0,0.0,1.5,4.33,6.5,1.53,4.55,6.52,1.47,4.74,7.33,1.52,4.42,6.32
3226,2022/23,2023-01-15,Tottenham,Arsenal,0.0,2.0,A,0.0,2.0,C Pawson,17.0,14.0,7.0,5.0,4.0,3.0,16.0,15.0,4.0,2.0,0.0,0.0,3.1,3.6,2.2,3.34,3.71,2.21,3.4,3.59,2.22,3.24,3.63,2.18
3227,2022/23,2023-01-18,Crystal Palace,Man United,1.0,1.0,D,0.0,1.0,R Jones,10.0,15.0,5.0,4.0,3.0,3.0,9.0,10.0,1.0,2.0,0.0,0.0,4.5,3.6,1.8,4.62,3.87,1.82,5.4,3.98,1.7,4.56,3.78,1.8
3228,2022/23,2023-01-19,Man City,Tottenham,4.0,2.0,H,0.0,2.0,S Hooper,16.0,9.0,6.0,3.0,8.0,3.0,10.0,14.0,1.0,2.0,0.0,0.0,1.36,5.0,8.5,1.39,5.58,7.8,1.51,4.75,6.55,1.37,5.41,8.06
3229,2022/23,2023-01-21,Bournemouth,Nott'm Forest,1.0,1.0,D,1.0,0.0,A Madley,16.0,20.0,4.0,5.0,4.0,6.0,10.0,7.0,1.0,2.0,0.0,0.0,2.75,3.1,2.75,2.86,3.15,2.82,2.93,3.22,2.71,2.76,3.18,2.76
3230,2022/23,2023-01-21,Crystal Palace,Newcastle,0.0,0.0,D,0.0,0.0,C Pawson,6.0,16.0,1.0,7.0,3.0,15.0,13.0,7.0,4.0,2.0,0.0,0.0,4.4,3.5,1.85,4.52,3.57,1.92,4.66,3.64,1.87,4.4,3.58,1.88
3231,2022/23,2023-01-21,Leicester,Brighton,2.0,2.0,D,1.0,1.0,T Bramall,9.0,13.0,2.0,4.0,5.0,6.0,9.0,9.0,0.0,1.0,0.0,0.0,3.6,3.5,2.05,3.61,3.71,2.1,4.35,4.06,1.83,3.51,3.65,2.08
3232,2022/23,2023-01-21,Liverpool,Chelsea,0.0,0.0,D,0.0,0.0,M Oliver,15.0,11.0,3.0,2.0,5.0,5.0,16.0,9.0,3.0,1.0,0.0,0.0,1.85,3.75,4.0,1.89,3.88,4.2,2.07,3.57,3.84,1.89,3.82,4.08
3233,2022/23,2023-01-21,Southampton,Aston Villa,0.0,1.0,A,0.0,0.0,M Salisbury,8.0,16.0,5.0,5.0,2.0,2.0,19.0,9.0,1.0,2.0,0.0,0.0,2.88,3.25,2.55,2.96,3.4,2.57,2.66,3.26,2.95,2.88,3.38,2.53
3234,2022/23,2023-01-21,West Ham,Everton,2.0,0.0,H,2.0,0.0,S Attwell,11.0,5.0,4.0,2.0,4.0,9.0,9.0,6.0,1.0,1.0,0.0,0.0,1.8,3.75,4.75,1.82,3.65,5.0,1.88,3.55,4.75,1.8,3.68,4.76
3235,2022/23,2023-01-22,Arsenal,Man United,3.0,2.0,H,1.0,1.0,A Taylor,25.0,6.0,5.0,4.0,12.0,4.0,8.0,9.0,1.0,2.0,0.0,0.0,1.8,3.8,4.2,1.88,3.92,4.19,1.86,3.9,4.34,1.86,3.86,4.08
3236,2022/23,2023-01-22,Leeds,Brentford,0.0,0.0,D,0.0,0.0,P Bankes,9.0,6.0,5.0,0.0,2.0,3.0,10.0,18.0,2.0,2.0,0.0,0.0,2.38,3.6,2.88,2.39,3.72,2.99,2.37,3.61,3.09,2.38,3.67,2.89
3237,2022/23,2023-01-22,Man City,Wolves,3.0,0.0,H,1.0,0.0,D Coote,13.0,10.0,7.0,1.0,5.0,7.0,10.0,10.0,1.0,2.0,0.0,0.0,1.2,8.0,11.0,1.2,7.65,14.95,1.27,6.25,12.25,1.2,7.38,14.81
3238,2022/23,2023-01-23,Fulham,Tottenham,0.0,1.0,A,0.0,1.0,P Tierney,10.0,10.0,5.0,3.0,3.0,8.0,10.0,10.0,1.0,3.0,0.0,0.0,3.3,3.6,2.1,3.33,3.88,2.15,3.33,3.86,2.16,3.25,3.75,2.13
3239,2022/23,2023-02-03,Chelsea,Fulham,0.0,0.0,D,0.0,0.0,S Attwell,12.0,10.0,3.0,4.0,6.0,2.0,16.0,12.0,1.0,4.0,0.0,0.0,1.62,4.0,5.25,1.65,4.11,5.79,1.61,4.18,6.09,1.64,4.05,5.55
3240,2022/23,2023-02-04,Aston Villa,Leicester,2.0,4.0,A,2.0,3.0,D England,19.0,9.0,4.0,5.0,11.0,3.0,10.0,10.0,0.0,2.0,0.0,0.0,1.95,3.6,3.8,2.02,3.63,3.95,2.13,3.5,3.73,1.99,3.64,3.83
3241,2022/23,2023-02-04,Brentford,Southampton,3.0,0.0,H,2.0,0.0,D Bond,14.0,14.0,4.0,6.0,4.0,4.0,10.0,9.0,1.0,2.0,0.0,0.0,1.85,3.6,4.2,1.92,3.68,4.36,1.82,3.7,4.89,1.89,3.64,4.21
3242,2022/23,2023-02-04,Brighton,Bournemouth,1.0,0.0,H,0.0,0.0,C Pawson,20.0,12.0,6.0,2.0,7.0,3.0,14.0,7.0,3.0,1.0,0.0,0.0,1.33,5.25,8.5,1.35,5.42,9.88,1.39,5.25,8.25,1.35,5.22,9.18
3243,2022/23,2023-02-04,Everton,Arsenal,1.0,0.0,H,0.0,0.0,D Coote,12.0,15.0,4.0,3.0,7.0,5.0,13.0,8.0,4.0,1.0,0.0,0.0,8.5,4.5,1.4,8.93,4.84,1.41,8.0,4.28,1.5,8.22,4.75,1.41
3244,2022/23,2023-02-04,Man United,Crystal Palace,2.0,1.0,H,1.0,0.0,A Marriner,14.0,10.0,5.0,3.0,5.0,5.0,9.0,9.0,1.0,2.0,1.0,0.0,1.4,4.75,8.0,1.41,4.91,8.97,1.39,5.11,9.13,1.4,4.83,8.33
3245,2022/23,2023-02-04,Newcastle,West Ham,1.0,1.0,D,1.0,1.0,P Bankes,8.0,10.0,2.0,1.0,4.0,2.0,11.0,13.0,2.0,1.0,0.0,0.0,1.6,3.8,6.0,1.63,3.97,6.3,1.67,3.93,5.81,1.62,3.92,6.03
3246,2022/23,2023-02-04,Wolves,Liverpool,3.0,0.0,H,2.0,0.0,P Tierney,12.0,22.0,6.0,4.0,2.0,7.0,9.0,7.0,1.0,1.0,0.0,0.0,4.0,3.8,1.85,4.14,3.93,1.89,3.98,3.79,1.97,4.02,3.85,1.88
3247,2022/23,2023-02-05,Nott'm Forest,Leeds,1.0,0.0,H,1.0,0.0,R Jones,6.0,10.0,2.0,4.0,0.0,2.0,15.0,14.0,4.0,2.0,0.0,0.0,2.63,3.3,2.7,2.69,3.46,2.76,2.85,3.46,2.62,2.64,3.43,2.71
3248,2022/23,2023-02-05,Tottenham,Man City,1.0,0.0,H,1.0,0.0,A Madley,12.0,15.0,3.0,5.0,4.0,6.0,19.0,14.0,2.0,3.0,1.0,0.0,4.33,4.2,1.73,4.44,4.23,1.78,4.03,3.91,1.93,4.43,4.16,1.75
3249,2022/23,2023-02-08,Man United,Leeds,2.0,2.0,D,0.0,1.0,S Hooper,24.0,8.0,7.0,2.0,6.0,5.0,7.0,11.0,1.0,3.0,0.0,0.0,1.45,5.0,6.0,1.48,4.98,6.69,1.56,4.49,6.11,1.47,4.83,6.54
3250,2022/23,2023-02-11,Arsenal,Brentford,1.0,1.0,D,0.0,0.0,P Bankes,23.0,9.0,7.0,2.0,7.0,4.0,9.0,9.0,0.0,2.0,0.0,0.0,1.44,4.75,7.0,1.47,4.77,7.32,1.58,4.25,6.35,1.45,4.72,7.52
3251,2022/23,2023-02-11,Bournemouth,Newcastle,1.0,1.0,D,1.0,1.0,S Attwell,11.0,15.0,5.0,7.0,4.0,6.0,8.0,10.0,2.0,3.0,0.0,0.0,6.5,4.0,1.53,6.53,4.08,1.6,6.1,4.05,1.63,6.39,4.06,1.57
3252,2022/23,2023-02-11,Crystal Palace,Brighton,1.0,1.0,D,0.0,0.0,M Oliver,6.0,17.0,1.0,7.0,1.0,6.0,10.0,11.0,4.0,1.0,0.0,0.0,3.8,3.5,2.0,3.9,3.56,2.06,5.15,3.79,1.76,3.81,3.51,2.04
3253,2022/23,2023-02-11,Fulham,Nott'm Forest,2.0,0.0,H,1.0,0.0,A Madley,16.0,10.0,3.0,1.0,5.0,4.0,9.0,11.0,0.0,1.0,0.0,0.0,1.91,3.5,4.33,1.94,3.57,4.37,1.97,3.52,4.33,1.93,3.56,4.22
3254,2022/23,2023-02-11,Leicester,Tottenham,4.0,1.0,H,3.0,1.0,M Salisbury,15.0,11.0,7.0,4.0,1.0,5.0,14.0,9.0,5.0,2.0,0.0,0.0,3.4,3.6,2.1,3.46,3.7,2.16,3.57,3.76,2.1,3.39,3.64,2.13
3255,2022/23,2023-02-11,Southampton,Wolves,1.0,2.0,A,1.0,0.0,J Gillett,17.0,11.0,2.0,2.0,5.0,2.0,12.0,14.0,2.0,2.0,0.0,1.0,2.9,3.2,2.55,3.16,3.18,2.55,3.26,3.18,2.5,3.03,3.18,2.54
3256,2022/23,2023-02-11,West Ham,Chelsea,1.0,1.0,D,1.0,1.0,C Pawson,10.0,12.0,2.0,4.0,5.0,6.0,9.0,11.0,1.0,1.0,0.0,0.0,3.3,3.3,2.25,3.43,3.37,2.3,3.51,3.38,2.27,3.4,3.29,2.27
3257,2022/23,2023-02-12,Leeds,Man United,0.0,2.0,A,0.0,0.0,P Tierney,16.0,11.0,6.0,5.0,7.0,3.0,10.0,13.0,2.0,1.0,0.0,0.0,3.75,3.8,1.91,3.98,3.87,1.94,3.81,3.9,1.98,3.86,3.85,1.92
3258,2022/23,2023-02-12,Man City,Aston Villa,3.0,1.0,H,3.0,0.0,R Jones,17.0,6.0,9.0,2.0,8.0,4.0,13.0,14.0,1.0,2.0,0.0,0.0,1.25,6.5,11.0,1.26,6.66,11.78,1.37,5.25,9.0,1.25,6.59,11.89
3259,2022/23,2023-02-13,Liverpool,Everton,2.0,0.0,H,1.0,0.0,S Hooper,15.0,6.0,6.0,1.0,3.0,3.0,8.0,16.0,1.0,3.0,0.0,0.0,1.5,4.33,6.5,1.55,4.48,6.39,1.62,4.3,5.75,1.53,4.38,6.23
3260,2022/23,2023-02-15,Arsenal,Man City,1.0,3.0,A,1.0,1.0,A Taylor,10.0,9.0,1.0,6.0,1.0,3.0,11.0,15.0,2.0,3.0,0.0,0.0,2.9,3.5,2.35,2.95,3.6,2.46,3.36,3.52,2.27,2.93,3.51,2.42
3261,2022/23,2023-02-18,Aston Villa,Arsenal,2.0,4.0,A,2.0,1.0,S Hooper,7.0,20.0,5.0,5.0,2.0,9.0,13.0,4.0,2.0,1.0,0.0,0.0,4.5,3.6,1.5,4.54,3.8,1.85,4.24,3.63,1.95,4.43,3.71,1.84
3262,2022/23,2023-02-18,Brentford,Crystal Palace,1.0,1.0,D,0.0,0.0,P Tierney,12.0,10.0,5.0,4.0,2.0,6.0,10.0,8.0,2.0,2.0,0.0,0.0,1.83,3.5,4.5,1.85,3.62,4.84,1.83,3.62,4.96,1.86,3.54,4.59
3263,2022/23,2023-02-18,Brighton,Fulham,0.0,1.0,A,0.0,0.0,D England,21.0,5.0,7.0,2.0,10.0,2.0,12.0,14.0,0.0,5.0,0.0,0.0,1.65,3.8,5.5,1.66,4.16,5.46,1.56,4.42,6.39,1.67,4.06,5.15
3264,2022/23,2023-02-18,Chelsea,Southampton,0.0,1.0,A,0.0,1.0,D Coote,17.0,8.0,5.0,5.0,8.0,2.0,16.0,24.0,3.0,6.0,0.0,0.0,1.4,4.75,8.5,1.4,4.78,9.69,1.43,4.68,8.24,1.38,4.76,9.42
3265,2022/23,2023-02-18,Everton,Leeds,1.0,0.0,H,0.0,0.0,A Madley,15.0,8.0,6.0,0.0,6.0,4.0,8.0,6.0,2.0,3.0,0.0,0.0,2.4,3.3,3.0,2.53,3.36,3.03,2.82,3.28,2.78,2.48,3.31,2.99
3266,2022/23,2023-02-18,Newcastle,Liverpool,0.0,2.0,A,0.0,2.0,A Taylor,14.0,13.0,4.0,7.0,6.0,7.0,3.0,8.0,1.0,1.0,1.0,0.0,2.5,3.5,2.7,2.57,3.58,2.82,2.56,3.52,2.88,2.57,3.51,2.75
3267,2022/23,2023-02-18,Nott'm Forest,Man City,1.0,1.0,D,0.0,1.0,G Scott,4.0,26.0,1.0,6.0,0.0,10.0,8.0,6.0,1.0,0.0,0.0,0.0,8.5,5.5,1.3,10.3,5.67,1.33,10.5,5.4,1.33,10.01,5.62,1.31
3268,2022/23,2023-02-18,Wolves,Bournemouth,0.0,1.0,A,0.0,0.0,M Salisbury,15.0,5.0,4.0,1.0,12.0,2.0,12.0,10.0,3.0,3.0,0.0,0.0,1.67,3.6,6.0,1.69,3.86,5.78,1.83,3.62,4.98,1.68,3.81,5.53
3269,2022/23,2023-02-19,Man United,Leicester,3.0,0.0,H,1.0,0.0,S Attwell,26.0,19.0,8.0,3.0,6.0,6.0,9.0,9.0,0.0,2.0,0.0,0.0,1.62,4.33,5.25,1.65,4.34,5.37,1.58,4.53,5.87,1.62,4.32,5.22
3270,2022/23,2023-02-19,Tottenham,West Ham,2.0,0.0,H,0.0,0.0,M Oliver,16.0,6.0,6.0,1.0,4.0,7.0,16.0,10.0,2.0,1.0,0.0,0.0,1.75,3.6,4.75,1.87,3.76,4.47,1.88,3.53,4.72,1.83,3.76,4.39
3271,2022/23,2023-02-24,Fulham,Wolves,1.0,1.0,D,0.0,1.0,M Oliver,10.0,8.0,5.0,2.0,4.0,3.0,12.0,17.0,2.0,0.0,0.0,0.0,2.5,3.2,3.0,2.59,3.26,3.04,2.68,3.15,3.02,2.54,3.22,3.0
3272,2022/23,2023-02-25,Bournemouth,Man City,1.0,4.0,A,0.0,3.0,P Tierney,13.0,20.0,2.0,5.0,4.0,6.0,10.0,9.0,2.0,2.0,0.0,0.0,10.0,5.75,1.29,9.67,5.74,1.3,10.1,5.11,1.36,10.21,5.81,1.3
3273,2022/23,2023-02-25,Crystal Palace,Liverpool,0.0,0.0,D,0.0,0.0,D England,6.0,12.0,0.0,4.0,5.0,3.0,11.0,14.0,2.0,5.0,0.0,0.0,4.75,3.8,1.73,4.86,3.99,1.76,5.08,4.12,1.71,4.7,3.93,1.74
3274,2022/23,2023-02-25,Everton,Aston Villa,0.0,2.0,A,0.0,0.0,A Taylor,15.0,9.0,5.0,5.0,5.0,1.0,12.0,12.0,2.0,1.0,0.0,0.0,2.5,3.2,3.0,2.59,3.25,3.05,2.61,3.15,3.12,2.54,3.21,2.98
3275,2022/23,2023-02-25,Leeds,Southampton,1.0,0.0,H,0.0,0.0,P Bankes,14.0,8.0,4.0,2.0,9.0,2.0,15.0,13.0,2.0,4.0,0.0,0.0,1.95,3.5,4.0,2.02,3.62,3.97,1.96,3.78,4.03,1.99,3.57,3.89
3276,2022/23,2023-02-25,Leicester,Arsenal,0.0,1.0,A,0.0,0.0,C Pawson,1.0,10.0,0.0,2.0,0.0,8.0,14.0,9.0,0.0,1.0,0.0,0.0,4.75,4.0,1.7,4.93,4.15,1.72,6.02,4.31,1.6,4.73,4.09,1.71
3277,2022/23,2023-02-25,West Ham,Nott'm Forest,4.0,0.0,H,0.0,0.0,J Gillett,18.0,8.0,5.0,3.0,12.0,3.0,8.0,5.0,0.0,0.0,0.0,0.0,1.75,3.6,5.0,1.81,3.63,5.16,1.71,3.84,5.6,1.78,3.61,4.97
3278,2022/23,2023-02-26,Tottenham,Chelsea,2.0,0.0,H,0.0,0.0,S Attwell,8.0,10.0,3.0,2.0,4.0,4.0,10.0,10.0,2.0,3.0,0.0,0.0,2.55,3.25,2.9,2.59,3.36,2.96,3.04,3.33,2.54,2.54,3.33,2.91
3279,2022/23,2023-03-01,Arsenal,Everton,4.0,0.0,H,2.0,0.0,M Oliver,15.0,8.0,5.0,5.0,5.0,1.0,5.0,12.0,0.0,2.0,0.0,0.0,1.36,4.75,10.0,1.38,5.01,9.1,1.34,5.21,10.65,1.36,5.04,9.33
3280,2022/23,2023-03-01,Liverpool,Wolves,2.0,0.0,H,0.0,0.0,P Tierney,15.0,4.0,6.0,1.0,5.0,2.0,13.0,14.0,2.0,3.0,0.0,0.0,1.5,4.75,6.0,1.5,4.63,6.68,1.53,4.44,6.43,1.49,4.59,6.6
3281,2022/23,2023-03-04,Arsenal,Bournemouth,3.0,2.0,H,0.0,1.0,C Kavanagh,31.0,4.0,9.0,4.0,17.0,1.0,6.0,8.0,0.0,2.0,0.0,0.0,1.22,7.0,12.0,1.22,6.83,13.69,1.23,6.75,14.0,1.22,6.82,13.83
3282,2022/23,2023-03-04,Aston Villa,Crystal Palace,1.0,0.0,H,1.0,0.0,C Pawson,8.0,3.0,1.0,0.0,2.0,4.0,14.0,17.0,2.0,3.0,0.0,1.0,2.05,3.3,3.8,2.08,3.37,3.99,2.15,3.38,3.82,2.07,3.32,3.88
3283,2022/23,2023-03-04,Brighton,West Ham,4.0,0.0,H,1.0,0.0,S Attwell,20.0,3.0,9.0,2.0,7.0,3.0,6.0,8.0,0.0,3.0,0.0,0.0,1.8,3.6,4.5,1.78,3.88,4.75,1.68,4.0,5.54,1.79,3.8,4.61
3284,2022/23,2023-03-04,Chelsea,Leeds,1.0,0.0,H,0.0,0.0,M Oliver,13.0,11.0,3.0,2.0,5.0,7.0,10.0,7.0,2.0,0.0,0.0,0.0,1.62,4.0,5.5,1.65,4.05,5.62,1.6,4.2,6.11,1.64,4.02,5.52
3285,2022/23,2023-03-04,Man City,Newcastle,2.0,0.0,H,1.0,0.0,S Hooper,11.0,5.0,3.0,2.0,8.0,4.0,8.0,13.0,2.0,4.0,0.0,0.0,1.45,4.5,7.0,1.52,4.6,6.5,1.51,4.55,6.65,1.48,4.59,6.76
3286,2022/23,2023-03-04,Southampton,Leicester,1.0,0.0,H,1.0,0.0,R Jones,11.0,11.0,5.0,0.0,3.0,4.0,12.0,11.0,4.0,2.0,0.0,0.0,2.75,3.3,2.6,2.85,3.3,2.67,2.98,3.36,2.57,2.77,3.31,2.64
3287,2022/23,2023-03-04,Wolves,Tottenham,1.0,0.0,H,0.0,0.0,T Robinson,8.0,21.0,5.0,6.0,4.0,8.0,11.0,18.0,1.0,1.0,0.0,0.0,3.3,3.4,2.2,3.32,3.41,2.31,3.35,3.34,2.37,3.31,3.36,2.27
3288,2022/23,2023-03-05,Liverpool,Man United,7.0,0.0,H,1.0,0.0,A Madley,18.0,8.0,8.0,4.0,4.0,3.0,13.0,14.0,2.0,3.0,0.0,0.0,2.38,3.6,2.88,2.39,3.76,2.91,2.43,3.66,2.97,2.4,3.68,2.85
3289,2022/23,2023-03-05,Nott'm Forest,Everton,2.0,2.0,D,1.0,2.0,J Brooks,10.0,10.0,4.0,3.0,3.0,3.0,11.0,17.0,3.0,5.0,0.0,0.0,2.7,3.0,2.88,2.7,3.11,2.98,3.1,3.1,2.66,2.68,3.08,2.92
3290,2022/23,2023-03-06,Brentford,Fulham,3.0,2.0,H,1.0,1.0,A Taylor,14.0,9.0,6.0,5.0,2.0,3.0,12.0,17.0,0.0,3.0,0.0,0.0,1.95,3.6,3.75,2.0,3.76,3.82,2.08,3.6,3.8,2.0,3.65,3.71
3291,2022/23,2023-03-11,Bournemouth,Liverpool,1.0,0.0,H,1.0,0.0,J Brooks,5.0,15.0,2.0,6.0,3.0,8.0,7.0,9.0,2.0,1.0,0.0,0.0,7.5,5.0,1.4,7.07,5.07,1.44,6.98,5.15,1.45,7.07,4.95,1.43
3292,2022/23,2023-03-11,Crystal Palace,Man City,0.0,1.0,A,0.0,0.0,R Jones,4.0,14.0,0.0,4.0,2.0,6.0,11.0,17.0,2.0,2.0,0.0,0.0,9.0,4.75,1.36,9.18,5.2,1.37,10.05,5.17,1.35,9.05,5.12,1.36
3293,2022/23,2023-03-11,Everton,Brentford,1.0,0.0,H,1.0,0.0,S Hooper,13.0,12.0,6.0,4.0,5.0,8.0,11.0,12.0,2.0,1.0,0.0,0.0,2.7,3.25,2.7,2.75,3.23,2.82,2.7,3.15,2.99,2.71,3.2,2.76
3294,2022/23,2023-03-11,Leeds,Brighton,2.0,2.0,D,1.0,1.0,P Tierney,12.0,14.0,4.0,2.0,4.0,7.0,12.0,9.0,1.0,1.0,0.0,0.0,3.75,3.6,1.95,3.94,3.76,1.96,4.47,3.8,1.85,3.84,3.67,1.97
3295,2022/23,2023-03-11,Leicester,Chelsea,1.0,3.0,A,1.0,2.0,A Marriner,17.0,12.0,7.0,6.0,2.0,5.0,10.0,11.0,1.0,2.0,1.0,0.0,3.75,3.5,1.95,3.9,3.61,2.02,4.1,3.75,1.95,3.83,3.56,2.0
3296,2022/23,2023-03-11,Tottenham,Nott'm Forest,3.0,1.0,H,2.0,0.0,C Pawson,15.0,9.0,7.0,5.0,2.0,10.0,13.0,13.0,3.0,1.0,0.0,0.0,1.44,4.75,7.0,1.45,4.69,7.8,1.47,4.63,7.65,1.44,4.62,7.52
3297,2022/23,2023-03-12,Fulham,Arsenal,0.0,3.0,A,0.0,3.0,D Coote,12.0,15.0,2.0,7.0,4.0,8.0,10.0,9.0,0.0,1.0,0.0,0.0,6.0,4.0,1.57,6.02,4.23,1.59,7.83,4.9,1.43,5.74,4.17,1.59
3298,2022/23,2023-03-12,Man United,Southampton,0.0,0.0,D,0.0,0.0,A Taylor,10.0,17.0,4.0,4.0,7.0,8.0,12.0,9.0,2.0,0.0,0.0,0.0,1.36,5.0,9.0,1.34,5.33,10.01,1.28,6.28,10.69,1.34,5.26,9.22
3299,2022/23,2023-03-12,Newcastle,Wolves,2.0,1.0,H,1.0,0.0,A Madley,19.0,7.0,8.0,4.0,10.0,3.0,11.0,10.0,1.0,2.0,0.0,0.0,1.65,3.75,5.5,1.68,3.88,5.55,1.66,3.96,5.91,1.67,3.81,5.47
3300,2022/23,2023-03-12,West Ham,Aston Villa,1.0,1.0,D,1.0,1.0,C Kavanagh,17.0,12.0,6.0,4.0,13.0,2.0,8.0,6.0,1.0,0.0,0.0,0.0,2.2,3.3,3.4,2.25,3.4,3.45,2.42,3.28,3.29,2.23,3.37,3.36
3301,2022/23,2023-03-15,Brighton,Crystal Palace,1.0,0.0,H,1.0,0.0,P Bankes,11.0,11.0,5.0,3.0,1.0,4.0,13.0,20.0,1.0,2.0,0.0,0.0,1.44,4.2,8.0,1.47,4.51,7.72,1.39,5.23,9.54,1.46,4.44,7.58
3302,2022/23,2023-03-15,Southampton,Brentford,0.0,2.0,A,0.0,1.0,M Salisbury,7.0,11.0,1.0,5.0,3.0,3.0,14.0,10.0,1.0,2.0,0.0,0.0,2.88,3.25,2.5,3.05,3.36,2.49,3.31,3.27,2.42,2.97,3.31,2.46
3303,2022/23,2023-03-17,Nott'm Forest,Newcastle,1.0,2.0,A,1.0,1.0,P Tierney,5.0,15.0,3.0,4.0,3.0,7.0,17.0,9.0,5.0,1.0,0.0,0.0,5.5,3.8,1.62,5.81,3.87,1.68,5.48,3.7,1.75,5.58,3.83,1.67
3304,2022/23,2023-03-18,Aston Villa,Bournemouth,3.0,0.0,H,1.0,0.0,R Jones,20.0,10.0,9.0,3.0,9.0,6.0,8.0,13.0,1.0,4.0,0.0,0.0,1.7,3.8,5.0,1.74,3.88,5.11,1.74,3.95,5.13,1.72,3.85,4.99
3305,2022/23,2023-03-18,Brentford,Leicester,1.0,1.0,D,1.0,0.0,D Bond,11.0,14.0,2.0,1.0,8.0,4.0,10.0,11.0,1.0,2.0,1.0,0.0,1.91,3.6,3.75,1.95,3.79,3.94,1.9,3.84,4.21,1.95,3.7,3.85
3306,2022/23,2023-03-18,Chelsea,Everton,2.0,2.0,D,0.0,0.0,D England,20.0,12.0,7.0,3.0,8.0,2.0,8.0,12.0,2.0,2.0,0.0,0.0,1.5,4.2,7.5,1.5,4.19,7.95,1.52,4.14,7.71,1.49,4.18,7.62
3307,2022/23,2023-03-18,Southampton,Tottenham,3.0,3.0,D,0.0,1.0,S Hooper,19.0,17.0,7.0,3.0,10.0,3.0,13.0,8.0,1.0,1.0,0.0,0.0,4.75,3.6,1.75,4.62,3.78,1.82,4.62,3.73,1.85,4.56,3.68,1.82
3308,2022/23,2023-03-18,Wolves,Leeds,2.0,4.0,A,0.0,1.0,M Salisbury,23.0,11.0,8.0,4.0,5.0,4.0,15.0,9.0,3.0,5.0,1.0,0.0,2.25,3.2,3.3,2.3,3.25,3.5,2.32,3.34,3.43,2.28,3.23,3.41
3309,2022/23,2023-03-19,Arsenal,Crystal Palace,4.0,1.0,H,2.0,0.0,S Attwell,15.0,8.0,5.0,4.0,5.0,4.0,8.0,10.0,0.0,1.0,0.0,0.0,1.25,5.5,15.0,1.26,6.02,12.73,1.27,6.12,12.21,1.26,5.93,12.83
3310,2022/23,2023-04-01,Arsenal,Leeds,4.0,1.0,H,1.0,0.0,D England,13.0,7.0,6.0,5.0,4.0,3.0,11.0,13.0,0.0,2.0,0.0,0.0,1.29,6.0,9.0,1.29,5.97,10.92,1.27,6.75,10.5,1.29,5.84,10.48
3311,2022/23,2023-04-01,Bournemouth,Fulham,2.0,1.0,H,0.0,1.0,P Bankes,12.0,10.0,7.0,2.0,4.0,3.0,15.0,13.0,1.0,4.0,0.0,0.0,2.55,3.3,2.8,2.56,3.44,2.89,2.61,3.32,2.97,2.56,3.34,2.84
3312,2022/23,2023-04-01,Brighton,Brentford,3.0,3.0,D,2.0,2.0,M Oliver,33.0,7.0,15.0,5.0,14.0,0.0,16.0,10.0,2.0,1.0,0.0,0.0,1.67,4.0,5.0,1.67,4.18,5.16,1.64,4.34,5.57,1.67,4.08,5.05
3313,2022/23,2023-04-01,Chelsea,Aston Villa,0.0,2.0,A,0.0,1.0,A Madley,27.0,5.0,8.0,2.0,13.0,2.0,14.0,16.0,3.0,3.0,0.0,0.0,1.67,3.8,5.25,1.69,3.83,5.57,1.63,4.09,6.06,1.68,3.83,5.4
3314,2022/23,2023-04-01,Crystal Palace,Leicester,2.0,1.0,H,0.0,0.0,T Robinson,31.0,3.0,9.0,2.0,10.0,1.0,12.0,16.0,3.0,4.0,0.0,0.0,2.5,3.25,2.9,2.56,3.28,3.02,2.37,3.39,3.27,2.54,3.24,2.94
3315,2022/23,2023-04-01,Man City,Liverpool,4.0,1.0,H,1.0,1.0,S Hooper,17.0,4.0,8.0,1.0,7.0,1.0,9.0,12.0,1.0,1.0,0.0,0.0,1.62,4.2,5.0,1.66,4.22,5.26,1.67,4.25,5.3,1.64,4.2,5.19
3316,2022/23,2023-04-01,Nott'm Forest,Wolves,1.0,1.0,D,1.0,0.0,C Kavanagh,17.0,8.0,7.0,1.0,4.0,3.0,14.0,13.0,3.0,5.0,0.0,0.0,3.0,3.1,2.55,3.01,3.16,2.64,3.44,3.16,2.41,2.96,3.13,2.61
3317,2022/23,2023-04-02,Newcastle,Man United,2.0,0.0,H,0.0,0.0,S Attwell,22.0,6.0,6.0,1.0,7.0,4.0,8.0,12.0,0.0,0.0,0.0,0.0,2.4,3.4,2.9,2.4,3.55,3.03,2.32,3.63,3.17,2.41,3.45,2.96
3318,2022/23,2023-04-02,West Ham,Southampton,1.0,0.0,H,1.0,0.0,P Tierney,12.0,9.0,2.0,3.0,5.0,3.0,10.0,11.0,0.0,2.0,0.0,0.0,1.73,3.6,5.0,1.77,3.89,4.82,1.77,3.8,4.94,1.76,3.74,4.87
3319,2022/23,2023-04-03,Everton,Tottenham,1.0,1.0,D,0.0,0.0,D Coote,15.0,8.0,6.0,2.0,3.0,3.0,10.0,14.0,0.0,3.0,1.0,1.0,3.4,3.3,2.2,3.44,3.45,2.24,3.97,3.51,2.06,3.41,3.36,2.21
3320,2022/23,2023-04-04,Bournemouth,Brighton,0.0,2.0,A,0.0,1.0,D Bond,14.0,16.0,3.0,6.0,5.0,5.0,11.0,5.0,1.0,1.0,0.0,0.0,6.0,4.2,1.53,6.16,4.37,1.58,5.99,4.37,1.59,5.94,4.29,1.57
3321,2022/23,2023-04-04,Chelsea,Liverpool,0.0,0.0,D,0.0,0.0,A Taylor,12.0,7.0,3.0,4.0,3.0,5.0,6.0,17.0,1.0,4.0,0.0,0.0,2.2,3.4,3.25,2.26,3.51,3.4,2.23,3.47,3.5,2.25,3.46,3.28
3322,2022/23,2023-04-04,Leeds,Nott'm Forest,2.0,1.0,H,2.0,1.0,R Jones,21.0,13.0,6.0,1.0,11.0,4.0,11.0,13.0,1.0,4.0,0.0,0.0,1.7,3.75,5.0,1.72,3.97,5.23,1.72,3.94,5.22,1.73,3.83,5.05
3323,2022/23,2023-04-04,Leicester,Aston Villa,1.0,2.0,A,1.0,1.0,G Scott,9.0,15.0,4.0,5.0,4.0,8.0,10.0,14.0,2.0,0.0,1.0,0.0,2.55,3.3,2.75,2.68,3.4,2.82,2.74,3.5,2.7,2.58,3.41,2.79
3324,2022/23,2023-04-05,Man United,Brentford,1.0,0.0,H,1.0,0.0,J Brooks,18.0,6.0,3.0,1.0,12.0,3.0,8.0,13.0,3.0,2.0,0.0,0.0,1.65,4.0,5.0,1.67,4.23,5.09,1.65,4.31,5.48,1.65,4.17,5.07
3325,2022/23,2023-04-05,West Ham,Newcastle,1.0,5.0,A,1.0,2.0,C Pawson,7.0,15.0,2.0,8.0,7.0,6.0,11.0,12.0,2.0,1.0,0.0,0.0,3.6,3.25,2.15,3.63,3.46,2.15,3.49,3.33,2.3,3.53,3.41,2.15
3326,2022/23,2023-04-08,Aston Villa,Nott'm Forest,2.0,0.0,H,0.0,0.0,A Taylor,8.0,6.0,3.0,2.0,1.0,8.0,7.0,17.0,3.0,4.0,0.0,0.0,1.6,4.2,5.25,1.64,4.16,5.5,1.6,4.25,6.12,1.62,4.09,5.55
3327,2022/23,2023-04-08,Brentford,Newcastle,1.0,2.0,A,1.0,0.0,C Kavanagh,12.0,10.0,6.0,4.0,6.0,5.0,10.0,15.0,0.0,0.0,0.0,0.0,3.6,3.4,2.05,3.58,3.58,2.13,4.28,3.58,1.96,3.57,3.46,2.1
3328,2022/23,2023-04-08,Fulham,West Ham,0.0,1.0,A,0.0,1.0,J Gillett,16.0,9.0,3.0,5.0,11.0,4.0,10.0,12.0,1.0,1.0,0.0,0.0,2.8,3.25,2.63,2.81,3.33,2.69,2.89,3.29,2.69,2.79,3.24,2.66
3329,2022/23,2023-04-08,Leicester,Bournemouth,0.0,1.0,A,0.0,1.0,D Coote,14.0,19.0,4.0,7.0,6.0,6.0,10.0,13.0,0.0,3.0,0.0,0.0,1.83,3.75,4.2,1.91,3.76,4.18,2.12,3.51,3.75,1.88,3.72,4.11
3330,2022/23,2023-04-08,Man United,Everton,2.0,0.0,H,1.0,0.0,M Oliver,29.0,15.0,11.0,1.0,10.0,4.0,10.0,9.0,0.0,0.0,0.0,0.0,1.5,4.33,6.5,1.52,4.42,6.88,1.61,4.2,6.0,1.5,4.37,6.75
3331,2022/23,2023-04-08,Southampton,Man City,1.0,4.0,A,0.0,1.0,R Jones,4.0,13.0,1.0,8.0,0.0,10.0,6.0,10.0,0.0,2.0,0.0,0.0,11.0,6.0,1.25,12.65,6.46,1.24,12.0,6.4,1.26,12.48,6.19,1.25
3332,2022/23,2023-04-08,Tottenham,Brighton,2.0,1.0,H,1.0,1.0,S Attwell,9.0,17.0,3.0,4.0,3.0,7.0,15.0,15.0,3.0,1.0,0.0,0.0,2.55,3.5,2.7,2.58,3.68,2.72,2.83,3.51,2.61,2.56,3.56,2.69
3333,2022/23,2023-04-08,Wolves,Chelsea,1.0,0.0,H,1.0,0.0,P Bankes,9.0,13.0,4.0,1.0,8.0,8.0,14.0,10.0,2.0,5.0,0.0,0.0,4.2,3.5,1.91,4.28,3.58,1.93,5.08,3.7,1.79,4.14,3.47,1.95
3334,2022/23,2023-04-09,Leeds,Crystal Palace,1.0,5.0,A,1.0,1.0,S Hooper,11.0,16.0,7.0,8.0,2.0,4.0,11.0,8.0,3.0,1.0,0.0,0.0,2.1,3.4,3.6,2.14,3.48,3.67,2.09,3.53,3.82,2.11,3.41,3.59
3335,2022/23,2023-04-09,Liverpool,Arsenal,2.0,2.0,D,1.0,2.0,P Tierney,21.0,9.0,6.0,5.0,5.0,4.0,11.0,11.0,4.0,4.0,0.0,0.0,2.88,3.6,2.38,2.82,3.81,2.44,2.8,3.71,2.51,2.79,3.69,2.41
3336,2022/23,2023-04-15,Aston Villa,Newcastle,3.0,0.0,H,1.0,0.0,J Brooks,16.0,8.0,6.0,2.0,7.0,2.0,13.0,15.0,1.0,1.0,0.0,0.0,3.6,3.4,2.05,3.71,3.47,2.13,3.71,3.48,2.15,3.61,3.42,2.13
3337,2022/23,2023-04-15,Chelsea,Brighton,1.0,2.0,A,1.0,1.0,R Jones,8.0,26.0,2.0,10.0,2.0,8.0,11.0,11.0,2.0,2.0,0.0,0.0,2.63,3.4,2.63,2.67,3.52,2.72,3.12,3.42,2.45,2.67,3.42,2.68
3338,2022/23,2023-04-15,Everton,Fulham,1.0,3.0,A,1.0,1.0,A Taylor,15.0,21.0,7.0,7.0,4.0,8.0,10.0,6.0,3.0,2.0,0.0,0.0,2.05,3.4,3.7,2.08,3.48,3.85,2.26,3.36,3.55,2.07,3.39,3.78
3339,2022/23,2023-04-15,Man City,Leicester,3.0,1.0,H,3.0,0.0,D England,12.0,10.0,4.0,4.0,6.0,2.0,8.0,8.0,1.0,1.0,0.0,0.0,1.14,8.5,15.0,1.16,8.82,16.85,1.13,10.25,19.5,1.16,8.49,17.32
3340,2022/23,2023-04-15,Southampton,Crystal Palace,0.0,2.0,A,0.0,0.0,M Oliver,11.0,9.0,4.0,2.0,6.0,2.0,6.0,13.0,3.0,1.0,0.0,0.0,2.8,3.1,2.7,2.88,3.19,2.73,2.93,3.17,2.75,2.82,3.2,2.68
3341,2022/23,2023-04-15,Tottenham,Bournemouth,2.0,3.0,A,1.0,1.0,A Madley,24.0,6.0,8.0,6.0,8.0,1.0,8.0,9.0,1.0,2.0,0.0,0.0,1.45,4.5,7.0,1.49,4.68,6.8,1.52,4.52,6.6,1.47,4.6,6.83
3342,2022/23,2023-04-15,Wolves,Brentford,2.0,0.0,H,1.0,0.0,P Tierney,11.0,10.0,9.0,3.0,5.0,2.0,12.0,8.0,1.0,1.0,0.0,0.0,2.45,3.1,3.0,2.57,3.26,3.01,2.9,3.19,2.75,2.52,3.23,3.0
3343,2022/23,2023-04-16,Nott'm Forest,Man United,0.0,2.0,A,0.0,1.0,S Hooper,6.0,22.0,0.0,8.0,4.0,9.0,9.0,9.0,2.0,2.0,0.0,0.0,5.5,4.0,1.62,5.07,4.01,1.71,5.14,4.06,1.7,5.0,3.96,1.69
3344,2022/23,2023-04-16,West Ham,Arsenal,2.0,2.0,D,1.0,2.0,D Coote,16.0,11.0,3.0,5.0,7.0,2.0,11.0,8.0,1.0,2.0,0.0,0.0,6.0,4.2,1.55,6.14,4.29,1.57,5.72,4.3,1.61,5.92,4.22,1.57
3345,2022/23,2023-04-17,Leeds,Liverpool,1.0,6.0,A,0.0,2.0,C Pawson,13.0,13.0,3.0,7.0,4.0,2.0,6.0,12.0,0.0,1.0,0.0,0.0,4.2,4.2,1.73,4.39,4.42,1.74,4.48,4.44,1.73,4.35,4.22,1.73
3346,2022/23,2023-04-21,Arsenal,Southampton,3.0,3.0,D,1.0,2.0,S Hooper,25.0,8.0,6.0,6.0,7.0,2.0,10.0,14.0,1.0,5.0,0.0,0.0,1.2,7.0,13.0,1.21,7.62,14.32,1.22,7.26,14.16,1.2,7.18,14.72
3347,2022/23,2023-04-22,Brentford,Aston Villa,1.0,1.0,D,0.0,0.0,M Salisbury,6.0,14.0,5.0,2.0,8.0,4.0,12.0,8.0,3.0,2.0,0.0,0.0,2.5,3.25,2.88,2.55,3.51,2.85,2.72,3.33,2.83,2.53,3.38,2.84
3348,2022/23,2023-04-22,Crystal Palace,Everton,0.0,0.0,D,0.0,0.0,J Brooks,12.0,10.0,2.0,5.0,8.0,1.0,12.0,14.0,1.0,1.0,0.0,1.0,2.05,3.2,3.75,2.15,3.28,3.87,1.98,3.4,4.48,2.11,3.25,3.83
3349,2022/23,2023-04-22,Fulham,Leeds,2.0,1.0,H,0.0,0.0,P Bankes,12.0,10.0,5.0,2.0,8.0,6.0,10.0,15.0,1.0,4.0,0.0,0.0,2.3,3.4,3.1,2.44,3.47,3.03,2.39,3.48,3.11,2.38,3.44,3.01
3350,2022/23,2023-04-22,Leicester,Wolves,2.0,1.0,H,1.0,1.0,A Madley,15.0,16.0,8.0,3.0,1.0,7.0,17.0,16.0,1.0,3.0,0.0,0.0,2.38,3.3,3.0,2.46,3.31,3.14,2.45,3.4,3.13,2.45,3.27,3.05
3351,2022/23,2023-04-22,Liverpool,Nott'm Forest,3.0,2.0,H,0.0,0.0,M Oliver,18.0,11.0,6.0,5.0,9.0,3.0,9.0,12.0,0.0,1.0,0.0,0.0,1.17,7.5,17.0,1.19,7.71,15.51,1.17,8.5,16.5,1.18,7.64,16.06
3352,2022/23,2023-04-23,Bournemouth,West Ham,0.0,4.0,A,0.0,3.0,A Taylor,17.0,18.0,5.0,10.0,8.0,5.0,7.0,8.0,1.0,2.0,0.0,0.0,2.88,3.2,2.55,2.85,3.3,2.68,3.03,3.34,2.55,2.83,3.25,2.61
3353,2022/23,2023-04-23,Newcastle,Tottenham,6.0,1.0,H,5.0,0.0,D Coote,25.0,11.0,8.0,3.0,9.0,3.0,7.0,13.0,0.0,3.0,0.0,0.0,1.83,3.75,4.2,1.84,3.94,4.31,1.93,3.82,4.11,1.85,3.81,4.22
3354,2022/23,2023-04-25,Aston Villa,Fulham,1.0,0.0,H,1.0,0.0,T Bramall,14.0,1.0,3.0,0.0,8.0,2.0,6.0,18.0,3.0,2.0,0.0,0.0,1.75,4.0,4.2,1.8,3.99,4.45,1.77,3.84,4.99,1.8,3.87,4.43
3355,2022/23,2023-04-25,Leeds,Leicester,1.0,1.0,D,1.0,0.0,P Tierney,13.0,15.0,3.0,3.0,3.0,6.0,14.0,15.0,4.0,2.0,0.0,0.0,2.3,3.5,3.0,2.39,3.59,3.02,2.42,3.6,3.02,2.37,3.54,2.98
3356,2022/23,2023-04-25,Wolves,Crystal Palace,2.0,0.0,H,1.0,0.0,R Jones,9.0,14.0,3.0,4.0,6.0,11.0,13.0,14.0,5.0,4.0,0.0,0.0,2.45,3.2,3.0,2.56,3.15,3.13,2.34,3.05,3.82,2.52,3.14,3.09
3357,2022/23,2023-04-26,Chelsea,Brentford,0.0,2.0,A,0.0,1.0,A Madley,15.0,7.0,4.0,1.0,5.0,2.0,5.0,13.0,1.0,2.0,0.0,0.0,1.7,4.0,4.75,1.73,3.93,5.06,1.88,3.69,4.55,1.71,3.89,5.02
3358,2022/23,2023-04-26,Man City,Arsenal,4.0,1.0,H,2.0,0.0,M Oliver,14.0,8.0,9.0,2.0,1.0,3.0,13.0,13.0,3.0,1.0,0.0,0.0,1.55,4.5,5.25,1.57,4.52,5.71,1.68,4.17,5.2,1.56,4.49,5.7
3359,2022/23,2023-04-26,Nott'm Forest,Brighton,3.0,1.0,H,1.0,1.0,J Gillett,12.0,17.0,5.0,7.0,2.0,7.0,7.0,8.0,2.0,0.0,0.0,0.0,6.0,4.2,1.53,6.12,4.42,1.56,5.83,4.37,1.59,6.08,4.36,1.54
3360,2022/23,2023-04-26,West Ham,Liverpool,1.0,2.0,A,1.0,1.0,C Kavanagh,7.0,20.0,2.0,4.0,3.0,6.0,6.0,8.0,0.0,0.0,0.0,0.0,3.9,3.9,1.85,4.07,3.97,1.88,3.64,3.89,2.04,3.96,3.86,1.88
3361,2022/23,2023-04-27,Everton,Newcastle,1.0,4.0,A,0.0,1.0,A Marriner,13.0,15.0,5.0,8.0,3.0,14.0,8.0,6.0,2.0,1.0,0.0,0.0,4.75,3.6,1.73,5.03,3.83,1.75,4.71,3.73,1.84,4.84,3.7,1.77
3362,2022/23,2023-04-27,Southampton,Bournemouth,0.0,1.0,A,0.0,0.0,D England,11.0,16.0,2.0,2.0,6.0,4.0,9.0,11.0,0.0,3.0,0.0,0.0,2.25,3.4,3.2,2.34,3.49,3.19,2.62,3.26,3.0,2.3,3.43,3.15
3363,2022/23,2023-04-27,Tottenham,Man United,2.0,2.0,D,0.0,2.0,A Taylor,18.0,17.0,7.0,8.0,6.0,8.0,8.0,7.0,1.0,2.0,0.0,0.0,2.8,3.6,2.4,2.81,3.72,2.48,2.95,3.91,2.34,2.79,3.65,2.44
3364,2022/23,2023-04-29,Brentford,Nott'm Forest,2.0,1.0,H,0.0,1.0,P Bankes,14.0,5.0,8.0,3.0,6.0,0.0,6.0,13.0,1.0,2.0,0.0,0.0,1.65,3.8,5.5,1.68,3.92,5.54,1.77,3.8,5.02,1.66,3.88,5.5
3365,2022/23,2023-04-29,Brighton,Wolves,6.0,0.0,H,4.0,0.0,D Coote,22.0,10.0,8.0,2.0,2.0,5.0,14.0,11.0,1.0,1.0,0.0,0.0,1.5,4.33,6.5,1.51,4.48,6.75,1.64,4.17,5.66,1.51,4.37,6.69
3366,2022/23,2023-04-29,Crystal Palace,West Ham,4.0,3.0,H,3.0,2.0,C Pawson,16.0,8.0,6.0,4.0,8.0,5.0,9.0,17.0,1.0,2.0,0.0,0.0,2.63,3.25,2.75,2.73,3.24,2.83,2.56,3.26,3.08,2.7,3.18,2.81
3367,2022/23,2023-04-30,Bournemouth,Leeds,4.0,1.0,H,2.0,1.0,C Kavanagh,12.0,15.0,7.0,6.0,2.0,6.0,12.0,14.0,1.0,0.0,0.0,0.0,2.55,3.5,2.7,2.65,3.57,2.69,2.51,3.43,3.01,2.61,3.5,2.68
3368,2022/23,2023-04-30,Fulham,Man City,1.0,2.0,A,1.0,2.0,S Hooper,4.0,12.0,1.0,9.0,2.0,5.0,9.0,10.0,1.0,3.0,0.0,0.0,12.0,6.0,1.25,11.97,6.48,1.25,11.62,6.36,1.26,11.95,6.23,1.25
3369,2022/23,2023-04-30,Liverpool,Tottenham,4.0,3.0,H,3.0,1.0,P Tierney,12.0,10.0,4.0,7.0,5.0,2.0,12.0,6.0,3.0,2.0,0.0,0.0,1.53,4.5,5.75,1.54,4.97,5.51,1.54,4.98,5.65,1.54,4.69,5.68
3370,2022/23,2023-04-30,Man United,Aston Villa,1.0,0.0,H,1.0,0.0,J Gillett,14.0,7.0,6.0,1.0,1.0,4.0,16.0,7.0,2.0,0.0,0.0,0.0,1.73,3.9,4.6,1.81,4.03,4.34,1.76,4.05,4.72,1.78,3.94,4.35
3371,2022/23,2023-04-30,Newcastle,Southampton,3.0,1.0,H,0.0,1.0,A Taylor,22.0,4.0,5.0,3.0,11.0,2.0,7.0,10.0,1.0,4.0,0.0,0.0,1.3,5.25,10.0,1.33,5.71,9.61,1.25,6.41,12.44,1.32,5.46,9.9
3372,2022/23,2023-05-01,Leicester,Everton,2.0,2.0,D,2.0,1.0,M Oliver,15.0,23.0,6.0,8.0,2.0,9.0,10.0,12.0,4.0,1.0,0.0,0.0,2.0,3.5,3.75,2.04,3.48,3.98,2.06,3.48,4.01,2.04,3.45,3.79
3373,2022/23,2023-05-02,Arsenal,Chelsea,3.0,1.0,H,3.0,0.0,R Jones,16.0,7.0,10.0,4.0,7.0,2.0,10.0,10.0,0.0,2.0,0.0,0.0,1.6,4.0,5.5,1.59,4.32,5.96,1.63,4.17,5.71,1.59,4.22,5.75
3374,2022/23,2023-05-03,Liverpool,Fulham,1.0,0.0,H,1.0,0.0,S Attwell,15.0,9.0,3.0,3.0,7.0,5.0,10.0,8.0,0.0,0.0,0.0,0.0,1.25,5.75,11.0,1.27,6.5,10.02,1.32,6.15,8.79,1.26,6.39,10.73
3375,2022/23,2023-05-03,Man City,West Ham,3.0,0.0,H,0.0,0.0,J Brooks,16.0,6.0,7.0,2.0,6.0,3.0,8.0,8.0,0.0,1.0,0.0,0.0,1.2,7.0,13.0,1.21,7.27,13.54,1.17,8.33,17.25,1.2,7.21,13.79
3376,2022/23,2023-05-04,Brighton,Man United,1.0,0.0,H,0.0,0.0,A Marriner,22.0,16.0,6.0,5.0,8.0,6.0,10.0,14.0,4.0,4.0,0.0,0.0,1.95,3.5,3.75,2.05,3.84,3.57,2.18,3.86,3.27,2.03,3.82,3.5
3377,2022/23,2023-05-06,Bournemouth,Chelsea,1.0,3.0,A,1.0,1.0,J Brooks,10.0,11.0,4.0,5.0,7.0,7.0,9.0,11.0,1.0,3.0,0.0,0.0,3.3,3.5,2.15,3.46,3.55,2.19,3.62,3.67,2.11,3.42,3.47,2.17
3378,2022/23,2023-05-06,Liverpool,Brentford,1.0,0.0,H,1.0,0.0,A Taylor,15.0,5.0,5.0,1.0,7.0,3.0,19.0,10.0,4.0,2.0,0.0,0.0,1.44,5.0,6.0,1.49,5.09,6.17,1.43,5.39,6.91,1.48,4.91,6.16
3379,2022/23,2023-05-06,Man City,Leeds,2.0,1.0,H,2.0,0.0,A Madley,18.0,4.0,6.0,2.0,10.0,1.0,3.0,16.0,0.0,3.0,0.0,0.0,1.17,8.5,15.0,1.18,8.6,14.23,1.17,8.75,17.0,1.17,8.41,15.94
3380,2022/23,2023-05-06,Tottenham,Crystal Palace,1.0,0.0,H,1.0,0.0,D England,8.0,7.0,3.0,2.0,8.0,4.0,15.0,14.0,3.0,5.0,0.0,0.0,1.8,3.8,4.2,1.84,3.98,4.24,1.82,3.94,4.53,1.82,3.92,4.21
3381,2022/23,2023-05-06,Wolves,Aston Villa,1.0,0.0,H,1.0,0.0,S Attwell,6.0,16.0,2.0,3.0,5.0,6.0,20.0,9.0,3.0,3.0,0.0,0.0,2.88,3.3,2.5,3.06,3.31,2.51,3.19,3.4,2.41,2.98,3.26,2.51
3382,2022/23,2023-05-07,Newcastle,Arsenal,0.0,2.0,A,0.0,1.0,C Kavanagh,12.0,10.0,5.0,6.0,9.0,4.0,16.0,12.0,2.0,1.0,0.0,0.0,2.45,3.75,2.63,2.51,3.8,2.73,2.32,3.77,3.07,2.49,3.73,2.71
3383,2022/23,2023-05-07,West Ham,Man United,1.0,0.0,H,1.0,0.0,P Bankes,15.0,19.0,4.0,4.0,5.0,6.0,4.0,9.0,0.0,2.0,0.0,0.0,3.4,3.75,2.05,3.57,3.78,2.07,3.64,3.76,2.05,3.43,3.74,2.08
3384,2022/23,2023-05-08,Brighton,Everton,1.0,5.0,A,0.0,3.0,S Hooper,23.0,10.0,5.0,5.0,15.0,1.0,11.0,13.0,1.0,5.0,0.0,0.0,1.33,5.25,9.0,1.38,5.34,8.38,1.37,5.55,8.52,1.35,5.3,8.47
3385,2022/23,2023-05-08,Fulham,Leicester,5.0,3.0,H,3.0,0.0,R Jones,17.0,18.0,7.0,9.0,2.0,7.0,13.0,15.0,0.0,3.0,0.0,0.0,2.63,3.5,2.6,2.71,3.61,2.62,2.72,3.49,2.72,2.67,3.53,2.6
3386,2022/23,2023-05-08,Nott'm Forest,Southampton,4.0,3.0,H,3.0,1.0,M Oliver,9.0,19.0,4.0,5.0,2.0,11.0,16.0,10.0,1.0,0.0,0.0,0.0,2.1,3.6,3.4,2.17,3.6,3.45,2.03,3.61,3.93,2.13,3.52,3.46
3387,2022/23,2023-05-13,Aston Villa,Tottenham,2.0,1.0,H,1.0,0.0,P Bankes,8.0,5.0,4.0,2.0,8.0,3.0,9.0,14.0,3.0,3.0,0.0,0.0,2.25,3.6,2.9,2.34,3.72,3.01,2.24,3.79,3.2,2.3,3.6,3.03
3388,2022/23,2023-05-13,Chelsea,Nott'm Forest,2.0,2.0,D,0.0,1.0,P Tierney,14.0,11.0,6.0,2.0,2.0,5.0,13.0,15.0,3.0,1.0,0.0,0.0,1.5,4.5,6.0,1.51,4.47,6.88,1.57,4.38,5.75,1.51,4.4,6.68
3389,2022/23,2023-05-13,Crystal Palace,Bournemouth,2.0,0.0,H,1.0,0.0,M Salisbury,17.0,5.0,5.0,0.0,11.0,2.0,5.0,12.0,0.0,2.0,0.0,0.0,1.83,3.6,4.2,1.88,3.82,4.24,1.81,3.78,4.9,1.88,3.7,4.18
3390,2022/23,2023-05-13,Leeds,Newcastle,2.0,2.0,D,1.0,1.0,S Hooper,9.0,18.0,4.0,5.0,2.0,6.0,16.0,14.0,3.0,2.0,1.0,0.0,4.33,4.2,1.7,4.62,4.33,1.71,5.16,4.5,1.63,4.62,4.2,1.71
3391,2022/23,2023-05-13,Man United,Wolves,2.0,0.0,H,1.0,0.0,J Brooks,27.0,5.0,9.0,0.0,11.0,7.0,9.0,9.0,3.0,2.0,0.0,0.0,1.36,5.0,7.5,1.38,5.24,8.6,1.39,5.39,8.1,1.38,5.1,8.37
3392,2022/23,2023-05-13,Southampton,Fulham,0.0,2.0,A,0.0,0.0,T Bramall,5.0,9.0,1.0,4.0,1.0,8.0,17.0,12.0,2.0,0.0,0.0,0.0,2.75,3.3,2.5,2.84,3.56,2.54,2.74,3.57,2.65,2.82,3.44,2.51
3393,2022/23,2023-05-14,Arsenal,Brighton,0.0,3.0,A,0.0,0.0,A Madley,14.0,12.0,2.0,6.0,5.0,2.0,13.0,17.0,1.0,2.0,0.0,0.0,1.73,4.2,4.2,1.78,4.36,4.21,1.74,4.39,4.48,1.77,4.19,4.21
3394,2022/23,2023-05-14,Brentford,West Ham,2.0,0.0,H,2.0,0.0,M Oliver,24.0,4.0,10.0,4.0,7.0,5.0,5.0,5.0,1.0,0.0,0.0,0.0,2.0,3.5,3.6,2.06,3.65,3.71,1.83,3.7,4.79,2.05,3.56,3.66
3395,2022/23,2023-05-14,Everton,Man City,0.0,3.0,A,0.0,2.0,A Taylor,7.0,9.0,3.0,4.0,8.0,6.0,12.0,4.0,1.0,0.0,0.0,0.0,9.0,4.75,1.36,8.95,5.45,1.36,8.35,5.27,1.39,8.86,5.21,1.36
3396,2022/23,2023-05-15,Leicester,Liverpool,0.0,3.0,A,0.0,2.0,C Pawson,4.0,16.0,4.0,5.0,4.0,4.0,11.0,17.0,2.0,1.0,0.0,0.0,5.25,4.33,1.57,4.99,4.74,1.61,4.63,4.27,1.74,5.11,4.59,1.59
3397,2022/23,2023-05-18,Newcastle,Brighton,4.0,1.0,H,2.0,0.0,R Jones,22.0,8.0,9.0,2.0,6.0,1.0,17.0,16.0,2.0,4.0,0.0,0.0,2.0,3.8,3.5,2.06,3.95,3.44,1.8,4.2,4.33,2.02,3.86,3.49
3398,2022/23,2023-05-20,Bournemouth,Man United,0.0,1.0,A,0.0,1.0,C Kavanagh,10.0,20.0,4.0,5.0,3.0,6.0,6.0,7.0,1.0,0.0,0.0,0.0,6.0,4.75,1.5,5.87,4.84,1.53,7.42,5.39,1.41,6.06,4.77,1.51
3399,2022/23,2023-05-20,Fulham,Crystal Palace,2.0,2.0,D,1.0,1.0,J Smith,11.0,11.0,4.0,5.0,7.0,4.0,13.0,12.0,3.0,0.0,0.0,0.0,2.45,3.4,2.9,2.49,3.39,3.03,2.44,3.3,3.24,2.45,3.4,2.97
3400,2022/23,2023-05-20,Liverpool,Aston Villa,1.0,1.0,D,0.0,1.0,J Brooks,10.0,6.0,5.0,3.0,9.0,4.0,16.0,13.0,3.0,5.0,0.0,0.0,1.45,5.0,6.25,1.5,5.07,5.94,1.48,5.0,6.46,1.49,4.86,6.16
3401,2022/23,2023-05-20,Nott'm Forest,Arsenal,1.0,0.0,H,1.0,0.0,A Taylor,6.0,11.0,2.0,3.0,3.0,6.0,11.0,12.0,3.0,2.0,0.0,0.0,5.25,4.33,1.57,5.37,4.47,1.61,5.28,4.23,1.66,5.37,4.45,1.59
3402,2022/23,2023-05-20,Tottenham,Brentford,1.0,3.0,A,1.0,0.0,J Gillett,22.0,11.0,8.0,4.0,8.0,2.0,11.0,9.0,1.0,1.0,0.0,0.0,1.83,3.9,4.0,1.85,3.99,4.16,2.03,3.86,3.69,1.85,3.88,4.13
3403,2022/23,2023-05-20,Wolves,Everton,1.0,1.0,D,1.0,0.0,D Coote,13.0,19.0,5.0,4.0,1.0,7.0,18.0,10.0,5.0,1.0,0.0,0.0,2.75,3.3,2.6,2.81,3.36,2.67,3.24,3.58,2.37,2.77,3.35,2.63
3404,2022/23,2023-05-21,Brighton,Southampton,3.0,1.0,H,2.0,0.0,P Tierney,26.0,5.0,8.0,1.0,4.0,3.0,8.0,9.0,2.0,5.0,0.0,0.0,1.22,7.0,11.0,1.23,6.99,12.43,1.21,7.65,13.5,1.23,6.91,12.43
3405,2022/23,2023-05-21,Man City,Chelsea,1.0,0.0,H,1.0,0.0,M Oliver,15.0,13.0,2.0,6.0,5.0,2.0,12.0,9.0,0.0,2.0,0.0,0.0,1.25,6.0,11.0,1.26,6.39,11.14,1.6,4.2,5.96,1.26,6.41,11.48
3406,2022/23,2023-05-21,West Ham,Leeds,3.0,1.0,H,1.0,1.0,P Bankes,19.0,12.0,9.0,3.0,9.0,5.0,6.0,11.0,1.0,3.0,0.0,0.0,2.4,3.5,2.88,2.51,3.65,2.82,2.74,3.56,2.65,2.45,3.56,2.84
3407,2022/23,2023-05-22,Newcastle,Leicester,0.0,0.0,D,0.0,0.0,A Marriner,23.0,1.0,4.0,1.0,12.0,1.0,9.0,5.0,2.0,0.0,0.0,0.0,1.36,5.5,7.0,1.4,5.55,7.24,1.33,5.92,9.37,1.38,5.39,7.66
3408,2022/23,2023-05-24,Brighton,Man City,1.0,1.0,D,1.0,1.0,S Hooper,20.0,13.0,7.0,4.0,5.0,1.0,16.0,11.0,2.0,1.0,0.0,0.0,4.0,4.33,1.75,3.93,4.39,1.83,3.8,4.24,1.91,3.97,4.22,1.81
3409,2022/23,2023-05-25,Man United,Chelsea,4.0,1.0,H,2.0,0.0,S Attwell,18.0,14.0,9.0,5.0,3.0,4.0,12.0,6.0,1.0,1.0,0.0,0.0,1.6,4.33,5.0,1.63,4.49,5.19,1.55,4.39,6.53,1.63,4.35,5.12
3410,2022/23,2023-05-28,Arsenal,Wolves,5.0,0.0,H,3.0,0.0,A Marriner,14.0,6.0,8.0,0.0,8.0,4.0,8.0,11.0,0.0,0.0,0.0,0.0,1.36,5.25,8.0,1.38,5.51,7.66,1.28,6.28,9.77,1.37,5.33,7.87
3411,2022/23,2023-05-28,Aston Villa,Brighton,2.0,1.0,H,2.0,1.0,D Coote,12.0,8.0,5.0,4.0,4.0,3.0,15.0,16.0,4.0,4.0,0.0,0.0,2.0,3.6,3.5,2.05,4.03,3.35,1.88,4.07,3.95,2.04,3.88,3.37
3412,2022/23,2023-05-28,Brentford,Man City,1.0,0.0,H,0.0,0.0,J Brooks,11.0,17.0,4.0,3.0,3.0,4.0,12.0,8.0,4.0,0.0,0.0,0.0,3.8,4.0,1.83,4.04,4.1,1.84,3.46,3.66,2.25,3.88,4.01,1.87
3413,2022/23,2023-05-28,Chelsea,Newcastle,1.0,1.0,D,1.0,1.0,J Gillett,22.0,13.0,5.0,4.0,10.0,3.0,9.0,11.0,0.0,0.0,0.0,0.0,2.9,3.5,2.38,2.89,3.74,2.38,2.76,3.82,2.48,2.87,3.64,2.38
3414,2022/23,2023-05-28,Crystal Palace,Nott'm Forest,1.0,1.0,D,0.0,1.0,T Bramall,16.0,7.0,4.0,4.0,5.0,4.0,9.0,13.0,0.0,2.0,0.0,0.0,1.67,4.0,5.0,1.68,4.28,4.8,1.62,4.19,5.75,1.69,4.15,4.77
3415,2022/23,2023-05-28,Everton,Bournemouth,1.0,0.0,H,0.0,0.0,S Attwell,13.0,7.0,6.0,2.0,9.0,3.0,11.0,12.0,1.0,3.0,0.0,0.0,1.5,4.5,6.5,1.5,4.63,6.54,1.65,4.26,5.31,1.49,4.61,6.58
3416,2022/23,2023-05-28,Leeds,Tottenham,1.0,4.0,A,0.0,1.0,A Taylor,19.0,11.0,2.0,7.0,12.0,3.0,7.0,5.0,3.0,0.0,0.0,0.0,2.75,3.8,2.3,2.81,3.93,2.36,2.8,3.95,2.39,2.77,3.84,2.37
3417,2022/23,2023-05-28,Leicester,West Ham,2.0,1.0,H,1.0,0.0,S Hooper,13.0,16.0,4.0,3.0,3.0,5.0,8.0,10.0,1.0,1.0,0.0,0.0,1.91,3.8,3.6,1.95,4.02,3.64,2.11,4.01,3.29,1.94,3.92,3.65
3418,2022/23,2023-05-28,Man United,Fulham,2.0,1.0,H,1.0,1.0,R Jones,21.0,10.0,8.0,3.0,5.0,4.0,14.0,10.0,1.0,2.0,0.0,0.0,1.5,4.33,6.0,1.53,4.65,5.84,1.49,5.09,6.14,1.53,4.59,5.76
3419,2022/23,2023-05-28,Southampton,Liverpool,4.0,4.0,D,2.0,2.0,D England,15.0,30.0,10.0,8.0,2.0,9.0,4.0,10.0,0.0,2.0,0.0,0.0,6.5,4.75,1.44,6.68,5.29,1.43,5.77,4.87,1.53,6.74,5.2,1.42
3420,2023/24,2023-08-11,Burnley,Man City,0.0,3.0,A,0.0,2.0,C Pawson,6.0,17.0,1.0,8.0,6.0,5.0,11.0,8.0,0.0,0.0,1.0,0.0,8.0,5.5,1.33,8.58,5.51,1.37,9.62,5.81,1.33,9.02,5.35,1.35
3421,2023/24,2023-08-12,Arsenal,Nott'm Forest,2.0,1.0,H,2.0,0.0,M Oliver,15.0,6.0,7.0,2.0,8.0,3.0,12.0,12.0,2.0,2.0,0.0,0.0,1.18,7.0,15.0,1.18,7.86,15.67,1.19,8.0,16.0,1.18,7.64,15.67
3422,2023/24,2023-08-12,Bournemouth,West Ham,1.0,1.0,D,0.0,0.0,P Bankes,14.0,16.0,5.0,3.0,10.0,4.0,9.0,14.0,1.0,4.0,0.0,0.0,2.7,3.4,2.55,2.7,3.47,2.71,2.75,3.6,2.63,2.69,3.44,2.64
3423,2023/24,2023-08-12,Brighton,Luton,4.0,1.0,H,1.0,0.0,D Coote,27.0,9.0,12.0,3.0,6.0,7.0,11.0,12.0,2.0,2.0,0.0,0.0,1.33,5.5,9.0,1.33,5.65,9.61,1.27,6.36,11.36,1.33,5.52,9.61
3424,2023/24,2023-08-12,Everton,Fulham,0.0,1.0,A,0.0,0.0,S Attwell,19.0,9.0,9.0,2.0,10.0,4.0,12.0,6.0,0.0,2.0,0.0,0.0,2.2,3.4,3.3,2.27,3.45,3.35,2.39,3.32,3.3,2.24,3.43,3.3
3425,2023/24,2023-08-12,Newcastle,Aston Villa,5.0,1.0,H,2.0,1.0,A Madley,17.0,16.0,13.0,6.0,6.0,5.0,12.0,17.0,4.0,4.0,0.0,0.0,1.75,3.75,4.6,1.77,3.92,4.77,1.68,4.2,5.29,1.76,3.88,4.61
3426,2023/24,2023-08-12,Sheffield United,Crystal Palace,0.0,1.0,A,0.0,0.0,J Brooks,8.0,24.0,1.0,8.0,5.0,5.0,18.0,11.0,3.0,0.0,0.0,0.0,3.0,3.3,2.38,3.28,3.22,2.43,3.98,3.22,2.17,3.12,3.24,2.41
3427,2023/24,2023-08-13,Brentford,Tottenham,2.0,2.0,D,2.0,2.0,R Jones,11.0,18.0,6.0,6.0,3.0,6.0,12.0,13.0,1.0,4.0,0.0,0.0,2.75,3.4,2.45,2.76,3.65,2.55,2.62,3.54,2.8,2.73,3.63,2.5
3428,2023/24,2023-08-13,Chelsea,Liverpool,1.0,1.0,D,1.0,1.0,A Taylor,10.0,13.0,4.0,1.0,4.0,4.0,5.0,12.0,3.0,3.0,0.0,0.0,2.9,3.4,2.38,2.97,3.64,2.4,3.21,3.89,2.2,2.87,3.64,2.39
3429,2023/24,2023-08-14,Man United,Wolves,1.0,0.0,H,0.0,0.0,S Hooper,15.0,23.0,3.0,6.0,8.0,7.0,14.0,10.0,2.0,3.0,0.0,0.0,1.33,5.5,9.0,1.32,5.79,9.66,1.27,6.3,12.25,1.31,5.65,9.85
3430,2023/24,2023-08-18,Nott'm Forest,Sheffield United,2.0,1.0,H,1.0,0.0,P Bankes,16.0,7.0,4.0,3.0,6.0,7.0,5.0,9.0,2.0,3.0,0.0,0.0,1.95,3.4,4.0,1.97,3.48,4.37,1.94,3.51,4.48,1.95,3.43,4.25
3431,2023/24,2023-08-19,Fulham,Brentford,0.0,3.0,A,0.0,1.0,D Bond,10.0,17.0,2.0,8.0,5.0,5.0,13.0,12.0,2.0,2.0,1.0,0.0,2.7,3.3,2.63,2.76,3.43,2.67,2.87,3.22,2.75,2.72,3.4,2.63
3432,2023/24,2023-08-19,Liverpool,Bournemouth,3.0,1.0,H,2.0,1.0,T Bramall,26.0,13.0,10.0,5.0,10.0,2.0,11.0,13.0,1.0,3.0,1.0,0.0,1.2,7.0,13.0,1.23,7.14,11.46,1.2,8.25,13.0,1.23,6.86,11.82
3433,2023/24,2023-08-19,Man City,Newcastle,1.0,0.0,H,1.0,0.0,R Jones,14.0,7.0,4.0,1.0,3.0,0.0,12.0,11.0,1.0,5.0,0.0,0.0,1.67,4.0,5.0,1.73,4.1,4.8,1.87,3.84,4.37,1.7,4.07,4.83
3434,2023/24,2023-08-19,Tottenham,Man United,2.0,0.0,H,0.0,0.0,M Oliver,17.0,22.0,6.0,6.0,5.0,6.0,9.0,8.0,1.0,3.0,0.0,0.0,2.8,3.6,2.38,2.85,3.82,2.41,3.07,3.87,2.28,2.84,3.75,2.37
3435,2023/24,2023-08-19,Wolves,Brighton,1.0,4.0,A,0.0,1.0,A Madley,16.0,16.0,5.0,8.0,5.0,3.0,14.0,11.0,3.0,6.0,1.0,0.0,4.0,3.8,1.85,4.12,3.92,1.88,4.11,4.21,1.83,4.0,3.81,1.89
3436,2023/24,2023-08-20,Aston Villa,Everton,4.0,0.0,H,2.0,0.0,A Taylor,13.0,9.0,7.0,2.0,7.0,6.0,8.0,12.0,3.0,4.0,0.0,0.0,1.7,4.0,4.5,1.72,3.99,5.06,1.85,3.92,4.38,1.7,3.91,5.0
3437,2023/24,2023-08-20,West Ham,Chelsea,3.0,1.0,H,1.0,1.0,J Brooks,12.0,17.0,6.0,4.0,3.0,9.0,12.0,9.0,2.0,3.0,1.0,0.0,3.75,3.5,2.0,3.68,3.57,2.1,3.25,3.65,2.27,3.66,3.57,2.04
3438,2023/24,2023-08-21,Crystal Palace,Arsenal,0.0,1.0,A,0.0,0.0,D Coote,14.0,14.0,2.0,3.0,1.0,8.0,14.0,10.0,2.0,1.0,0.0,1.0,5.5,4.0,1.6,5.73,4.12,1.63,4.51,3.53,1.93,5.79,4.06,1.6
3439,2023/24,2023-08-25,Chelsea,Luton,3.0,0.0,H,1.0,0.0,R Jones,19.0,11.0,8.0,1.0,6.0,4.0,15.0,12.0,2.0,3.0,0.0,0.0,1.29,5.5,11.0,1.3,6.08,10.68,1.27,6.25,12.5,1.29,5.86,10.78
3440,2023/24,2023-08-26,Arsenal,Fulham,2.0,2.0,D,0.0,1.0,P Tierney,19.0,8.0,11.0,3.0,8.0,3.0,6.0,5.0,0.0,3.0,0.0,1.0,1.2,7.0,13.0,1.24,6.07,15.25,1.29,6.29,10.32,1.23,6.49,13.35
3441,2023/24,2023-08-26,Bournemouth,Tottenham,0.0,2.0,A,0.0,1.0,T Robinson,11.0,17.0,3.0,6.0,6.0,2.0,18.0,11.0,1.0,3.0,0.0,0.0,3.8,3.75,1.91,3.72,4.04,1.95,3.47,3.89,2.09,3.67,3.94,1.95
3442,2023/24,2023-08-26,Brentford,Crystal Palace,1.0,1.0,D,1.0,0.0,P Bankes,12.0,15.0,1.0,5.0,8.0,6.0,9.0,15.0,0.0,0.0,0.0,0.0,2.15,3.4,3.5,2.17,3.43,3.62,2.16,3.37,3.81,2.14,3.41,3.57
3443,2023/24,2023-08-26,Brighton,West Ham,1.0,3.0,A,0.0,1.0,A Taylor,25.0,12.0,10.0,3.0,17.0,4.0,10.0,9.0,1.0,3.0,0.0,0.0,1.53,4.75,5.25,1.54,4.74,5.81,1.5,4.95,6.25,1.53,4.67,5.73
3444,2023/24,2023-08-26,Everton,Wolves,0.0,1.0,A,0.0,0.0,C Pawson,15.0,11.0,7.0,2.0,7.0,0.0,10.0,14.0,3.0,4.0,0.0,0.0,2.3,3.3,3.2,2.34,3.32,3.34,2.45,3.38,3.14,2.32,3.31,3.24
3445,2023/24,2023-08-26,Man United,Nott'm Forest,3.0,2.0,H,1.0,2.0,S Attwell,18.0,9.0,9.0,4.0,11.0,3.0,13.0,11.0,4.0,4.0,0.0,1.0,1.3,6.0,8.0,1.32,5.98,9.11,1.38,5.3,8.51,1.31,5.79,9.23
3446,2023/24,2023-08-27,Burnley,Aston Villa,1.0,3.0,A,0.0,2.0,M Salisbury,9.0,16.0,2.0,6.0,4.0,6.0,12.0,11.0,2.0,0.0,0.0,0.0,3.4,3.4,2.15,3.39,3.65,2.18,3.24,3.6,2.29,3.36,3.55,2.16
3447,2023/24,2023-08-27,Newcastle,Liverpool,1.0,2.0,A,1.0,0.0,J Brooks,23.0,9.0,8.0,4.0,5.0,9.0,16.0,10.0,1.0,2.0,0.0,1.0,2.2,3.75,3.0,2.2,3.95,3.13,2.24,3.93,3.11,2.2,3.9,3.03
3448,2023/24,2023-08-27,Sheffield United,Man City,1.0,2.0,A,0.0,0.0,J Gillett,6.0,30.0,2.0,9.0,1.0,12.0,11.0,2.0,3.0,0.0,0.0,0.0,13.0,8.0,1.17,16.72,7.73,1.18,16.0,7.4,1.2,16.67,7.51,1.18
3449,2023/24,2023-09-01,Luton,West Ham,1.0,2.0,A,0.0,1.0,P Tierney,16.0,9.0,1.0,3.0,9.0,6.0,8.0,13.0,1.0,1.0,0.0,0.0,4.75,3.8,1.73,4.82,4.04,1.75,4.67,4.09,1.76,4.7,3.94,1.74
3450,2023/24,2023-09-02,Brentford,Bournemouth,2.0,2.0,D,1.0,1.0,R Madley,21.0,12.0,7.0,5.0,5.0,2.0,6.0,13.0,1.0,2.0,0.0,0.0,1.73,3.8,4.75,1.75,4.14,4.62,1.75,4.01,4.86,1.72,4.06,4.67
3451,2023/24,2023-09-02,Brighton,Newcastle,3.0,1.0,H,1.0,0.0,S Attwell,15.0,9.0,6.0,2.0,5.0,3.0,14.0,17.0,4.0,4.0,0.0,0.0,2.5,3.8,2.55,2.59,3.94,2.58,2.64,3.87,2.59,2.55,3.87,2.55
3452,2023/24,2023-09-02,Burnley,Tottenham,2.0,5.0,A,1.0,2.0,D England,16.0,20.0,4.0,10.0,7.0,4.0,15.0,9.0,4.0,3.0,0.0,0.0,3.6,4.0,1.85,3.97,4.04,1.88,3.71,3.79,2.04,3.83,3.99,1.88
3453,2023/24,2023-09-02,Chelsea,Nott'm Forest,0.0,1.0,A,0.0,0.0,T Robinson,21.0,7.0,2.0,3.0,8.0,0.0,10.0,9.0,3.0,4.0,0.0,0.0,1.4,4.5,8.5,1.39,5.1,8.62,1.41,5.01,8.45,1.38,5.03,8.27
3454,2023/24,2023-09-02,Man City,Fulham,5.0,1.0,H,2.0,1.0,M Oliver,7.0,6.0,5.0,4.0,4.0,5.0,12.0,12.0,2.0,4.0,0.0,0.0,1.17,8.0,15.0,1.15,8.93,18.11,1.19,7.65,16.0,1.15,8.46,17.91
3455,2023/24,2023-09-02,Sheffield United,Everton,2.0,2.0,D,2.0,1.0,A Madley,13.0,16.0,8.0,6.0,4.0,6.0,11.0,13.0,1.0,2.0,0.0,0.0,2.9,3.25,2.5,3.06,3.27,2.53,3.21,3.42,2.39,3.01,3.23,2.5
3456,2023/24,2023-09-03,Arsenal,Man United,3.0,1.0,H,1.0,1.0,A Taylor,17.0,10.0,5.0,2.0,12.0,3.0,8.0,7.0,2.0,3.0,0.0,0.0,1.75,3.8,4.5,1.77,4.08,4.55,1.76,4.2,4.49,1.77,4.04,4.38
3457,2023/24,2023-09-03,Crystal Palace,Wolves,3.0,2.0,H,0.0,0.0,R Jones,16.0,12.0,11.0,4.0,4.0,2.0,12.0,12.0,1.0,3.0,0.0,0.0,1.91,3.3,4.33,1.97,3.5,4.25,1.9,3.61,4.54,1.95,3.45,4.15
3458,2023/24,2023-09-03,Liverpool,Aston Villa,3.0,0.0,H,2.0,0.0,S Hooper,17.0,9.0,4.0,3.0,7.0,3.0,12.0,7.0,0.0,1.0,0.0,0.0,1.65,4.5,4.5,1.68,4.61,4.6,1.65,4.67,5.02,1.66,4.49,4.57
3459,2023/24,2023-09-16,Aston Villa,Crystal Palace,3.0,1.0,H,0.0,0.0,D England,16.0,6.0,5.0,3.0,4.0,2.0,13.0,9.0,5.0,3.0,0.0,0.0,1.91,3.6,4.0,1.93,3.76,4.1,1.98,3.66,4.08,1.9,3.7,4.07
3460,2023/24,2023-09-16,Fulham,Luton,1.0,0.0,H,0.0,0.0,M Salisbury,13.0,7.0,2.0,2.0,6.0,2.0,6.0,14.0,2.0,2.0,0.0,0.0,1.67,3.75,5.5,1.68,4.03,5.31,1.69,3.82,5.68,1.68,3.96,5.18
3461,2023/24,2023-09-16,Man United,Brighton,1.0,3.0,A,0.0,1.0,J Gillett,14.0,10.0,4.0,8.0,8.0,1.0,8.0,9.0,2.0,2.0,0.0,0.0,2.15,4.0,2.88,2.25,4.02,2.99,2.07,3.9,3.53,2.21,3.98,2.96
3462,2023/24,2023-09-16,Newcastle,Brentford,1.0,0.0,H,0.0,0.0,C Pawson,9.0,11.0,2.0,2.0,8.0,3.0,8.0,12.0,3.0,5.0,0.0,0.0,1.53,4.2,6.0,1.54,4.47,6.3,1.66,4.17,5.43,1.53,4.37,6.12
3463,2023/24,2023-09-16,Tottenham,Sheffield United,2.0,1.0,H,0.0,0.0,P Bankes,28.0,7.0,10.0,5.0,15.0,2.0,13.0,14.0,6.0,5.0,0.0,1.0,1.29,5.5,11.0,1.29,6.08,10.21,1.3,6.31,9.4,1.28,6.1,10.52
3464,2023/24,2023-09-16,West Ham,Man City,1.0,3.0,A,1.0,0.0,A Madley,6.0,29.0,3.0,15.0,4.0,11.0,7.0,11.0,3.0,2.0,0.0,0.0,7.0,4.5,1.45,6.58,4.7,1.5,5.49,4.3,1.63,6.57,4.67,1.48
3465,2023/24,2023-09-16,Wolves,Liverpool,1.0,3.0,A,1.0,0.0,M Oliver,11.0,16.0,2.0,6.0,4.0,4.0,10.0,4.0,1.0,3.0,0.0,0.0,6.0,5.0,1.45,6.66,4.98,1.47,4.58,4.46,1.71,6.64,4.95,1.45
3466,2023/24,2023-09-17,Bournemouth,Chelsea,0.0,0.0,D,0.0,0.0,D Coote,13.0,14.0,4.0,6.0,1.0,7.0,15.0,20.0,1.0,5.0,0.0,0.0,4.33,3.75,1.8,4.39,4.05,1.8,4.34,3.97,1.83,4.34,3.96,1.79
3467,2023/24,2023-09-17,Everton,Arsenal,0.0,1.0,A,0.0,0.0,S Hooper,8.0,13.0,1.0,4.0,1.0,11.0,12.0,10.0,1.0,1.0,0.0,0.0,6.0,4.5,1.5,6.3,4.54,1.53,6.0,4.3,1.59,6.07,4.55,1.52
3468,2023/24,2023-09-18,Nott'm Forest,Burnley,1.0,1.0,D,0.0,1.0,R Jones,14.0,10.0,4.0,3.0,5.0,4.0,16.0,10.0,2.0,3.0,0.0,1.0,2.2,3.5,3.25,2.23,3.58,3.33,2.14,3.51,3.69,2.24,3.51,3.22
3469,2023/24,2023-09-23,Brentford,Everton,1.0,3.0,A,1.0,1.0,M Oliver,12.0,18.0,2.0,6.0,1.0,4.0,9.0,12.0,2.0,2.0,0.0,0.0,1.8,3.8,4.2,1.81,3.8,4.67,1.95,3.53,4.4,1.8,3.78,4.49
3470,2023/24,2023-09-23,Burnley,Man United,0.0,1.0,A,0.0,1.0,T Harrington,12.0,11.0,4.0,4.0,9.0,5.0,6.0,12.0,1.0,2.0,0.0,0.0,4.2,4.2,1.73,4.28,4.31,1.77,4.32,4.0,1.83,4.31,4.16,1.75
3471,2023/24,2023-09-23,Crystal Palace,Fulham,0.0,0.0,D,0.0,0.0,P Tierney,7.0,10.0,3.0,5.0,3.0,2.0,10.0,15.0,3.0,2.0,0.0,0.0,1.91,3.4,4.2,1.99,3.54,4.11,2.1,3.39,3.97,1.95,3.51,4.09
3472,2023/24,2023-09-23,Luton,Wolves,1.0,1.0,D,0.0,0.0,J Smith,20.0,3.0,4.0,3.0,10.0,1.0,12.0,17.0,0.0,2.0,0.0,1.0,3.25,3.4,2.2,3.26,3.47,2.31,3.28,3.31,2.41,3.3,3.43,2.23
3473,2023/24,2023-09-23,Man City,Nott'm Forest,2.0,0.0,H,2.0,0.0,A Taylor,7.0,10.0,4.0,3.0,6.0,6.0,5.0,17.0,3.0,7.0,1.0,0.0,1.14,8.5,15.0,1.15,9.04,17.91,1.17,8.5,18.0,1.15,8.55,18.11
3474,2023/24,2023-09-24,Arsenal,Tottenham,2.0,2.0,D,1.0,1.0,R Jones,13.0,13.0,6.0,5.0,11.0,4.0,12.0,19.0,3.0,4.0,0.0,0.0,1.67,4.33,4.33,1.68,4.45,4.69,1.65,4.39,5.11,1.7,4.36,4.5
3475,2023/24,2023-09-24,Brighton,Bournemouth,3.0,1.0,H,1.0,1.0,J Brooks,13.0,12.0,4.0,4.0,4.0,4.0,12.0,17.0,3.0,3.0,0.0,0.0,1.36,5.25,7.5,1.41,5.08,7.9,1.52,4.97,5.9,1.38,5.31,7.58
3476,2023/24,2023-09-24,Chelsea,Aston Villa,0.0,1.0,A,0.0,0.0,J Gillett,10.0,15.0,4.0,7.0,5.0,11.0,9.0,11.0,2.0,3.0,0.0,0.0,1.91,3.75,3.8,1.93,3.9,3.93,1.91,3.93,4.1,1.91,3.85,3.87
3477,2023/24,2023-09-24,Liverpool,West Ham,3.0,1.0,H,1.0,1.0,C Kavanagh,22.0,11.0,7.0,4.0,7.0,4.0,12.0,13.0,0.0,2.0,0.0,0.0,1.4,5.0,7.0,1.4,5.67,7.21,1.39,5.64,7.61,1.39,5.38,7.19
3478,2023/24,2023-09-24,Sheffield United,Newcastle,0.0,8.0,A,0.0,3.0,S Attwell,9.0,22.0,1.0,15.0,2.0,6.0,12.0,8.0,3.0,0.0,0.0,0.0,7.0,4.75,1.44,7.05,4.98,1.45,6.05,4.39,1.57,7.01,4.78,1.45
3479,2023/24,2023-09-30,Aston Villa,Brighton,6.0,1.0,H,3.0,0.0,A Madley,19.0,11.0,9.0,3.0,1.0,3.0,19.0,21.0,4.0,4.0,0.0,0.0,2.55,3.75,2.55,2.58,3.96,2.58,2.49,3.77,2.82,2.56,3.92,2.55
3480,2023/24,2023-09-30,Bournemouth,Arsenal,0.0,4.0,A,0.0,2.0,M Salisbury,8.0,15.0,1.0,8.0,6.0,6.0,11.0,10.0,0.0,1.0,0.0,0.0,5.5,4.5,1.53,5.59,4.77,1.56,6.06,4.62,1.55,5.77,4.68,1.53
3481,2023/24,2023-09-30,Everton,Luton,1.0,2.0,A,1.0,2.0,A Taylor,23.0,9.0,5.0,2.0,3.0,6.0,8.0,10.0,0.0,1.0,0.0,0.0,1.57,3.8,6.5,1.62,3.94,6.24,1.67,3.93,5.7,1.61,3.94,6.06
3482,2023/24,2023-09-30,Man United,Crystal Palace,0.0,1.0,A,0.0,1.0,C Kavanagh,19.0,8.0,4.0,2.0,10.0,4.0,10.0,8.0,3.0,2.0,0.0,0.0,1.55,4.2,5.75,1.57,4.36,5.96,1.58,4.37,5.96,1.57,4.3,5.89
3483,2023/24,2023-09-30,Newcastle,Burnley,2.0,0.0,H,1.0,0.0,T Bramall,20.0,8.0,8.0,2.0,5.0,3.0,7.0,15.0,1.0,3.0,0.0,0.0,1.3,5.75,9.0,1.34,5.67,9.15,1.38,5.24,8.53,1.33,5.62,9.22
3484,2023/24,2023-09-30,Tottenham,Liverpool,2.0,1.0,H,1.0,1.0,S Hooper,24.0,12.0,8.0,4.0,12.0,5.0,11.0,17.0,5.0,4.0,0.0,2.0,2.9,4.0,2.15,2.98,4.12,2.23,2.96,4.01,2.3,2.96,4.03,2.21
3485,2023/24,2023-09-30,West Ham,Sheffield United,2.0,0.0,H,2.0,0.0,G Scott,20.0,16.0,9.0,2.0,7.0,4.0,6.0,9.0,1.0,1.0,0.0,0.0,1.45,4.5,7.0,1.44,4.94,7.44,1.48,4.79,7.0,1.45,4.79,7.1
3486,2023/24,2023-09-30,Wolves,Man City,2.0,1.0,H,1.0,0.0,C Pawson,3.0,23.0,1.0,8.0,0.0,6.0,18.0,12.0,5.0,4.0,0.0,0.0,8.0,5.75,1.33,9.61,5.75,1.33,8.61,5.19,1.39,9.2,5.65,1.33
3487,2023/24,2023-10-01,Nott'm Forest,Brentford,1.0,1.0,D,0.0,0.0,P Tierney,6.0,18.0,1.0,5.0,1.0,11.0,6.0,10.0,1.0,2.0,1.0,0.0,2.75,3.1,2.7,2.84,3.29,2.69,2.62,3.27,2.99,2.81,3.27,2.65
3488,2023/24,2023-10-02,Fulham,Chelsea,0.0,2.0,A,0.0,2.0,T Robinson,10.0,11.0,3.0,4.0,8.0,1.0,15.0,12.0,1.0,4.0,0.0,0.0,3.6,3.5,2.05,3.93,3.45,2.06,3.52,3.49,2.22,3.73,3.49,2.06
3489,2023/24,2023-10-03,Luton,Burnley,1.0,2.0,A,0.0,1.0,P Bankes,18.0,14.0,3.0,4.0,7.0,6.0,14.0,6.0,4.0,2.0,0.0,0.0,2.9,3.0,2.63,2.94,3.23,2.65,2.95,3.22,2.69,2.92,3.18,2.63
3490,2023/24,2023-10-07,Burnley,Chelsea,1.0,4.0,A,1.0,1.0,S Attwell,10.0,9.0,3.0,5.0,7.0,3.0,11.0,8.0,2.0,4.0,0.0,0.0,4.5,3.8,1.73,4.58,3.98,1.78,5.2,4.07,1.69,4.63,3.92,1.76
3491,2023/24,2023-10-07,Crystal Palace,Nott'm Forest,0.0,0.0,D,0.0,0.0,C Pawson,8.0,16.0,2.0,5.0,3.0,7.0,7.0,12.0,0.0,1.0,0.0,0.0,2.2,3.1,3.6,2.26,3.3,3.54,2.34,3.12,3.64,2.24,3.25,3.49
3492,2023/24,2023-10-07,Everton,Bournemouth,3.0,0.0,H,2.0,0.0,D Coote,25.0,11.0,8.0,4.0,8.0,7.0,14.0,15.0,1.0,2.0,0.0,0.0,1.91,3.6,3.8,1.99,3.71,3.88,1.93,3.78,4.18,1.97,3.7,3.81
3493,2023/24,2023-10-07,Fulham,Sheffield United,3.0,1.0,H,0.0,0.0,S Barrott,20.0,5.0,6.0,2.0,9.0,4.0,8.0,10.0,1.0,2.0,0.0,0.0,1.62,3.8,6.0,1.64,4.0,5.9,1.52,4.56,6.57,1.64,3.96,5.69
3494,2023/24,2023-10-07,Luton,Tottenham,0.0,1.0,A,0.0,0.0,J Brooks,12.0,15.0,2.0,4.0,5.0,6.0,16.0,7.0,2.0,1.0,0.0,1.0,6.0,4.75,1.45,6.91,4.98,1.46,6.8,5.15,1.45,6.46,4.79,1.48
3495,2023/24,2023-10-07,Man United,Brentford,2.0,1.0,H,0.0,1.0,A Madley,21.0,11.0,8.0,3.0,7.0,5.0,10.0,17.0,0.0,5.0,0.0,0.0,1.67,4.2,4.75,1.7,4.23,4.87,1.63,4.33,5.41,1.69,4.2,4.78
3496,2023/24,2023-10-08,Arsenal,Man City,1.0,0.0,H,0.0,0.0,M Oliver,12.0,4.0,2.0,1.0,5.0,4.0,8.0,7.0,2.0,3.0,0.0,0.0,2.9,3.3,2.4,2.99,3.49,2.46,3.0,3.39,2.56,2.92,3.49,2.44
3497,2023/24,2023-10-08,Brighton,Liverpool,2.0,2.0,D,1.0,2.0,A Taylor,14.0,14.0,3.0,4.0,8.0,1.0,12.0,20.0,1.0,2.0,0.0,0.0,3.0,3.8,2.2,3.14,4.02,2.17,3.26,4.19,2.1,3.05,4.01,2.17
3498,2023/24,2023-10-08,West Ham,Newcastle,2.0,2.0,D,1.0,0.0,P Bankes,5.0,10.0,3.0,3.0,4.0,2.0,11.0,18.0,3.0,3.0,0.0,0.0,3.2,3.75,2.1,3.41,3.79,2.12,3.58,3.73,2.11,3.32,3.72,2.13
3499,2023/24,2023-10-08,Wolves,Aston Villa,1.0,1.0,D,0.0,0.0,R Jones,8.0,18.0,3.0,4.0,2.0,10.0,19.0,9.0,2.0,2.0,1.0,0.0,3.5,3.4,2.1,3.39,3.64,2.18,3.7,3.68,2.08,3.4,3.59,2.14
3500,2023/24,2023-10-21,Bournemouth,Wolves,1.0,2.0,A,1.0,0.0,P Tierney,7.0,20.0,4.0,7.0,3.0,12.0,15.0,10.0,2.0,6.0,1.0,0.0,2.38,3.4,3.0,2.45,3.49,3.01,2.31,3.46,3.32,2.41,3.48,2.95
3501,2023/24,2023-10-21,Brentford,Burnley,3.0,0.0,H,1.0,0.0,J Smith,23.0,6.0,10.0,1.0,5.0,5.0,14.0,12.0,5.0,2.0,0.0,1.0,1.83,3.75,4.2,1.87,3.77,4.37,1.74,3.9,5.09,1.83,3.74,4.4
3502,2023/24,2023-10-21,Chelsea,Arsenal,2.0,2.0,D,1.0,0.0,C Kavanagh,11.0,13.0,5.0,3.0,2.0,7.0,7.0,14.0,3.0,3.0,0.0,0.0,3.2,3.4,2.25,3.33,3.5,2.26,3.35,3.44,2.31,3.24,3.47,2.26
3503,2023/24,2023-10-21,Liverpool,Everton,2.0,0.0,H,0.0,0.0,C Pawson,26.0,6.0,6.0,1.0,12.0,4.0,9.0,9.0,1.0,1.0,0.0,1.0,1.33,5.75,7.5,1.37,5.77,7.65,1.4,5.5,7.4,1.36,5.66,8.01
3504,2023/24,2023-10-21,Man City,Brighton,2.0,1.0,H,2.0,0.0,R Jones,10.0,5.0,6.0,3.0,2.0,2.0,9.0,11.0,2.0,2.0,1.0,0.0,1.4,5.25,6.5,1.42,5.45,6.93,1.36,5.69,7.74,1.41,5.36,6.83
3505,2023/24,2023-10-21,Newcastle,Crystal Palace,4.0,0.0,H,3.0,0.0,T Robinson,10.0,17.0,7.0,3.0,6.0,8.0,7.0,12.0,2.0,3.0,0.0,0.0,1.45,4.5,7.0,1.46,4.63,7.7,1.48,4.49,7.68,1.46,4.53,7.44
3506,2023/24,2023-10-21,Nott'm Forest,Luton,2.0,2.0,D,0.0,0.0,S Barrott,19.0,13.0,8.0,4.0,4.0,2.0,12.0,11.0,3.0,0.0,0.0,0.0,1.67,3.75,5.5,1.7,3.89,5.43,1.76,3.65,5.39,1.69,3.82,5.33
3507,2023/24,2023-10-21,Sheffield United,Man United,1.0,2.0,A,1.0,1.0,M Oliver,12.0,14.0,6.0,5.0,5.0,4.0,12.0,10.0,3.0,1.0,0.0,0.0,6.5,5.25,1.4,7.57,5.24,1.41,7.8,5.6,1.38,7.27,5.07,1.42
3508,2023/24,2023-10-22,Aston Villa,West Ham,4.0,1.0,H,1.0,0.0,D Coote,15.0,14.0,7.0,4.0,8.0,7.0,9.0,15.0,0.0,1.0,0.0,0.0,1.85,3.6,4.0,1.9,3.93,4.01,1.79,4.02,4.54,1.9,3.86,3.88
3509,2023/24,2023-10-23,Tottenham,Fulham,2.0,0.0,H,1.0,0.0,A Taylor,15.0,10.0,5.0,3.0,3.0,5.0,10.0,14.0,2.0,0.0,0.0,0.0,1.5,4.5,6.0,1.51,4.85,6.06,1.52,4.72,6.13,1.51,4.7,5.99
3510,2023/24,2023-10-27,Crystal Palace,Tottenham,1.0,2.0,A,0.0,0.0,A Madley,13.0,10.0,3.0,1.0,11.0,2.0,19.0,11.0,2.0,1.0,0.0,0.0,4.5,3.75,1.75,4.7,3.84,1.79,4.58,3.85,1.81,4.64,3.83,1.79
3511,2023/24,2023-10-28,Arsenal,Sheffield United,5.0,0.0,H,1.0,0.0,T Robinson,13.0,2.0,8.0,0.0,6.0,1.0,9.0,13.0,0.0,3.0,0.0,0.0,1.13,8.5,19.0,1.13,10.16,21.31,1.13,9.5,21.0,1.13,9.61,21.6
3512,2023/24,2023-10-28,Bournemouth,Burnley,2.0,1.0,H,1.0,1.0,S Barrott,13.0,6.0,6.0,3.0,10.0,5.0,9.0,12.0,2.0,3.0,0.0,0.0,2.15,3.5,3.3,2.1,3.76,3.49,2.13,3.65,3.51,2.13,3.66,3.38
3513,2023/24,2023-10-28,Chelsea,Brentford,0.0,2.0,A,0.0,0.0,S Hooper,17.0,7.0,2.0,5.0,10.0,1.0,12.0,7.0,1.0,4.0,0.0,0.0,1.65,4.0,5.25,1.66,4.15,5.32,1.65,4.05,5.6,1.65,4.1,5.31
3514,2023/24,2023-10-28,Wolves,Newcastle,2.0,2.0,D,1.0,2.0,A Taylor,11.0,13.0,6.0,5.0,8.0,7.0,13.0,15.0,1.0,4.0,0.0,0.0,4.2,4.0,1.75,4.22,3.99,1.84,4.11,3.75,1.93,4.26,3.94,1.82
3515,2023/24,2023-10-29,Aston Villa,Luton,3.0,1.0,H,1.0,0.0,J Brooks,17.0,7.0,6.0,1.0,6.0,4.0,11.0,10.0,3.0,2.0,0.0,0.0,1.25,6.5,9.5,1.28,6.23,10.8,1.34,5.85,8.55,1.28,6.19,10.79
3516,2023/24,2023-10-29,Brighton,Fulham,1.0,1.0,D,1.0,0.0,M Salisbury,18.0,10.0,7.0,5.0,7.0,3.0,12.0,8.0,0.0,3.0,0.0,0.0,1.55,4.2,5.5,1.59,4.65,5.36,1.64,4.32,5.29,1.56,4.6,5.42
3517,2023/24,2023-10-29,Liverpool,Nott'm Forest,3.0,0.0,H,2.0,0.0,C Kavanagh,21.0,9.0,8.0,1.0,8.0,3.0,9.0,13.0,2.0,3.0,0.0,0.0,1.29,5.75,11.0,1.27,6.51,10.09,1.22,7.31,12.08,1.27,6.38,10.39
3518,2023/24,2023-10-29,Man United,Man City,0.0,3.0,A,0.0,1.0,P Tierney,7.0,21.0,3.0,10.0,7.0,12.0,9.0,4.0,4.0,1.0,0.0,0.0,5.0,3.8,1.67,5.16,4.07,1.69,5.6,4.3,1.61,4.99,4.04,1.69
3519,2023/24,2023-10-29,West Ham,Everton,0.0,1.0,A,0.0,0.0,S Attwell,12.0,10.0,2.0,4.0,4.0,3.0,7.0,11.0,4.0,1.0,0.0,0.0,2.15,3.5,3.3,2.18,3.62,3.41,2.08,3.7,3.62,2.15,3.64,3.32
3520,2023/24,2023-11-04,Brentford,West Ham,3.0,2.0,H,1.0,2.0,T Bramall,16.0,12.0,4.0,2.0,4.0,3.0,12.0,14.0,1.0,4.0,0.0,0.0,2.05,3.6,3.5,2.07,3.74,3.52,2.16,3.71,3.39,2.08,3.67,3.46
3521,2023/24,2023-11-04,Burnley,Crystal Palace,0.0,2.0,A,0.0,1.0,P Bankes,17.0,4.0,5.0,3.0,12.0,1.0,9.0,12.0,0.0,5.0,0.0,0.0,2.75,3.25,2.6,2.89,3.24,2.65,3.53,3.21,2.31,2.85,3.23,2.63
3522,2023/24,2023-11-04,Everton,Brighton,1.0,1.0,D,1.0,0.0,T Robinson,10.0,7.0,4.0,2.0,3.0,3.0,15.0,5.0,4.0,2.0,0.0,0.0,3.1,3.6,2.2,3.1,3.87,2.21,2.86,3.52,2.54,3.09,3.81,2.2
3523,2023/24,2023-11-04,Fulham,Man United,0.0,1.0,A,0.0,0.0,J Brooks,18.0,12.0,3.0,5.0,9.0,4.0,9.0,15.0,5.0,2.0,0.0,0.0,3.2,3.6,2.2,3.22,3.68,2.22,3.03,3.59,2.38,3.24,3.61,2.2
3524,2023/24,2023-11-04,Man City,Bournemouth,6.0,1.0,H,3.0,0.0,C Pawson,21.0,5.0,8.0,1.0,12.0,1.0,8.0,9.0,0.0,1.0,0.0,0.0,1.1,11.0,19.0,1.08,12.84,29.22,1.09,11.5,28.5,1.1,11.39,26.19
3525,2023/24,2023-11-04,Newcastle,Arsenal,1.0,0.0,H,0.0,0.0,S Attwell,9.0,14.0,2.0,1.0,0.0,11.0,14.0,9.0,5.0,1.0,0.0,0.0,2.8,3.2,2.6,2.83,3.41,2.59,2.84,3.23,2.73,2.82,3.39,2.56
3526,2023/24,2023-11-04,Sheffield United,Wolves,2.0,1.0,H,0.0,0.0,R Jones,11.0,10.0,2.0,3.0,4.0,4.0,13.0,10.0,2.0,3.0,0.0,0.0,3.8,3.5,2.0,3.91,3.68,1.97,4.35,3.76,1.87,3.83,3.64,1.98
3527,2023/24,2023-11-05,Luton,Liverpool,1.0,1.0,D,0.0,0.0,A Madley,8.0,24.0,5.0,6.0,4.0,7.0,7.0,13.0,1.0,1.0,0.0,0.0,12.0,6.5,1.22,11.23,6.76,1.24,15.0,8.5,1.18,11.46,6.8,1.24
3528,2023/24,2023-11-05,Nott'm Forest,Aston Villa,2.0,0.0,H,1.0,0.0,J Gillett,5.0,13.0,3.0,3.0,0.0,10.0,6.0,9.0,1.0,1.0,0.0,0.0,4.2,3.75,1.85,4.17,3.76,1.89,3.93,3.81,1.95,4.09,3.77,1.89
3529,2023/24,2023-11-06,Tottenham,Chelsea,1.0,4.0,A,1.0,1.0,M Oliver,8.0,17.0,5.0,8.0,1.0,6.0,12.0,21.0,1.0,5.0,2.0,0.0,2.0,3.75,3.5,2.14,3.73,3.34,2.37,3.65,3.0,2.13,3.73,3.29
3530,2023/24,2023-11-11,Arsenal,Burnley,3.0,1.0,H,1.0,0.0,M Oliver,16.0,8.0,6.0,5.0,3.0,3.0,8.0,9.0,0.0,1.0,1.0,0.0,1.18,7.0,17.0,1.19,7.47,14.74,1.19,7.49,16.59,1.19,7.34,15.07
3531,2023/24,2023-11-11,Bournemouth,Newcastle,2.0,0.0,H,0.0,0.0,C Kavanagh,19.0,8.0,10.0,5.0,6.0,5.0,10.0,4.0,2.0,1.0,0.0,0.0,4.75,4.0,1.73,4.52,4.06,1.76,3.9,3.76,1.97,4.67,4.03,1.73
3532,2023/24,2023-11-11,Crystal Palace,Everton,2.0,3.0,A,1.0,1.0,S Barrott,13.0,8.0,4.0,4.0,9.0,2.0,9.0,18.0,1.0,4.0,0.0,0.0,2.45,3.2,3.0,2.45,3.2,3.19,2.71,3.12,2.96,2.44,3.21,3.11
3533,2023/24,2023-11-11,Man United,Luton,1.0,0.0,H,0.0,0.0,G Scott,15.0,10.0,4.0,4.0,11.0,3.0,9.0,11.0,0.0,2.0,0.0,0.0,1.33,5.25,9.5,1.31,5.86,9.36,1.29,6.14,10.06,1.33,5.6,9.17
3534,2023/24,2023-11-11,Wolves,Tottenham,2.0,1.0,H,0.0,1.0,T Robinson,17.0,6.0,4.0,2.0,11.0,3.0,19.0,15.0,4.0,3.0,0.0,0.0,3.1,3.75,2.2,3.11,3.78,2.23,3.13,3.62,2.31,3.13,3.73,2.21
3535,2023/24,2023-11-12,Aston Villa,Fulham,3.0,1.0,H,2.0,0.0,S Hooper,12.0,9.0,6.0,5.0,2.0,2.0,4.0,17.0,2.0,5.0,0.0,0.0,1.57,4.2,5.5,1.6,4.27,5.67,1.64,4.22,5.4,1.59,4.28,5.66
3536,2023/24,2023-11-12,Brighton,Sheffield United,1.0,1.0,D,1.0,0.0,J Brooks,11.0,9.0,6.0,1.0,6.0,3.0,13.0,16.0,3.0,2.0,1.0,0.0,1.25,5.75,13.0,1.24,6.8,11.28,1.27,6.23,11.19,1.24,6.73,11.71
3537,2023/24,2023-11-12,Chelsea,Man City,4.0,4.0,D,2.0,2.0,A Taylor,17.0,15.0,9.0,10.0,3.0,3.0,12.0,15.0,5.0,3.0,0.0,0.0,5.0,3.7,1.73,4.92,3.8,1.75,4.8,4.0,1.76,4.93,3.83,1.74
3538,2023/24,2023-11-12,Liverpool,Brentford,3.0,0.0,H,1.0,0.0,P Tierney,17.0,16.0,10.0,3.0,6.0,8.0,16.0,12.0,1.0,2.0,0.0,0.0,1.4,5.0,6.5,1.41,5.26,7.17,1.4,5.51,7.48,1.42,5.16,7.05
3539,2023/24,2023-11-12,West Ham,Nott'm Forest,3.0,2.0,H,1.0,1.0,M Salisbury,16.0,10.0,6.0,5.0,9.0,4.0,9.0,12.0,2.0,2.0,0.0,0.0,1.85,3.6,4.0,1.89,3.79,4.1,1.81,3.84,4.59,1.89,3.77,4.09
3540,2023/24,2023-11-25,Brentford,Arsenal,0.0,1.0,A,0.0,0.0,T Robinson,9.0,15.0,3.0,4.0,1.0,8.0,9.0,7.0,1.0,1.0,0.0,0.0,4.5,3.75,1.75,4.74,3.82,1.78,5.8,4.05,1.65,4.64,3.84,1.77
3541,2023/24,2023-11-25,Burnley,West Ham,1.0,2.0,A,0.0,0.0,S Barrott,11.0,11.0,5.0,3.0,4.0,5.0,11.0,7.0,1.0,3.0,0.0,0.0,3.4,3.5,2.05,3.58,3.54,2.12,3.48,3.43,2.23,3.47,3.62,2.1
3542,2023/24,2023-11-25,Luton,Crystal Palace,2.0,1.0,H,0.0,0.0,J Gillett,8.0,16.0,3.0,8.0,4.0,5.0,15.0,12.0,6.0,1.0,0.0,0.0,3.6,3.3,2.1,3.7,3.41,2.13,4.12,3.42,2.03,3.63,3.38,2.13
3543,2023/24,2023-11-25,Man City,Liverpool,1.0,1.0,D,1.0,0.0,C Kavanagh,16.0,8.0,5.0,3.0,9.0,6.0,9.0,11.0,1.0,3.0,0.0,0.0,1.73,4.2,4.2,1.75,4.37,4.24,1.7,4.42,4.61,1.75,4.31,4.29
3544,2023/24,2023-11-25,Newcastle,Chelsea,4.0,1.0,H,1.0,1.0,S Hooper,14.0,7.0,5.0,4.0,4.0,2.0,13.0,19.0,4.0,4.0,0.0,1.0,2.55,3.5,2.63,2.65,3.46,2.73,2.6,3.55,2.76,2.62,3.5,2.68
3545,2023/24,2023-11-25,Nott'm Forest,Brighton,2.0,3.0,A,1.0,2.0,A Taylor,18.0,11.0,5.0,5.0,6.0,4.0,12.0,7.0,2.0,4.0,0.0,1.0,3.2,3.6,2.15,3.32,3.63,2.19,3.69,3.63,2.07,3.22,3.64,2.2
3546,2023/24,2023-11-25,Sheffield United,Bournemouth,1.0,3.0,A,0.0,2.0,A Madley,10.0,23.0,2.0,11.0,4.0,7.0,6.0,8.0,4.0,1.0,0.0,0.0,3.2,3.5,2.2,3.36,3.54,2.2,3.57,3.5,2.16,3.29,3.53,2.21
3547,2023/24,2023-11-26,Everton,Man United,0.0,3.0,A,0.0,1.0,J Brooks,24.0,9.0,6.0,4.0,6.0,5.0,10.0,8.0,3.0,0.0,0.0,0.0,2.7,3.4,2.55,2.75,3.51,2.6,2.68,3.45,2.75,2.74,3.52,2.56
3548,2023/24,2023-11-26,Tottenham,Aston Villa,1.0,2.0,A,1.0,1.0,R Jones,18.0,15.0,8.0,5.0,9.0,3.0,11.0,13.0,0.0,4.0,0.0,0.0,2.3,3.8,2.8,2.36,3.93,2.82,2.7,3.7,2.58,2.35,3.89,2.8
3549,2023/24,2023-11-27,Fulham,Wolves,3.0,2.0,H,1.0,1.0,M Salisbury,12.0,10.0,6.0,6.0,6.0,2.0,13.0,13.0,2.0,2.0,0.0,0.0,2.38,3.3,3.0,2.45,3.37,3.05,2.43,3.3,3.19,2.43,3.34,3.02
3550,2023/24,2023-12-02,Arsenal,Wolves,2.0,1.0,H,2.0,0.0,P Bankes,19.0,6.0,6.0,3.0,4.0,0.0,10.0,10.0,1.0,2.0,0.0,0.0,1.25,5.5,12.0,1.29,5.9,10.82,1.24,6.5,13.0,1.27,5.95,11.58
3551,2023/24,2023-12-02,Brentford,Luton,3.0,1.0,H,0.0,0.0,A Taylor,27.0,7.0,6.0,1.0,7.0,5.0,10.0,8.0,1.0,2.0,0.0,0.0,1.45,4.5,6.5,1.45,4.83,7.07,1.54,4.43,6.38,1.48,4.63,6.88
3552,2023/24,2023-12-02,Burnley,Sheffield United,5.0,0.0,H,2.0,0.0,C Kavanagh,19.0,6.0,7.0,3.0,6.0,1.0,9.0,12.0,2.0,5.0,0.0,1.0,1.8,3.6,4.5,1.83,3.63,4.65,1.74,3.81,5.19,1.83,3.68,4.55
3553,2023/24,2023-12-02,Newcastle,Man United,1.0,0.0,H,0.0,0.0,R Jones,22.0,8.0,4.0,1.0,7.0,3.0,6.0,13.0,1.0,2.0,0.0,0.0,1.91,3.75,3.8,1.9,3.87,4.0,2.0,3.78,3.79,1.94,3.84,3.84
3554,2023/24,2023-12-02,Nott'm Forest,Everton,0.0,1.0,A,0.0,0.0,P Tierney,13.0,12.0,2.0,3.0,4.0,3.0,15.0,14.0,1.0,0.0,0.0,0.0,2.75,3.25,2.6,2.85,3.31,2.64,2.88,3.16,2.76,2.8,3.35,2.62
3555,2023/24,2023-12-03,Bournemouth,Aston Villa,2.0,2.0,D,1.0,1.0,T Bramall,15.0,11.0,7.0,3.0,7.0,7.0,16.0,12.0,5.0,3.0,0.0,0.0,3.4,4.0,1.95,3.56,4.07,1.97,3.12,3.98,2.19,3.45,4.0,2.01
3556,2023/24,2023-12-03,Chelsea,Brighton,3.0,2.0,H,2.0,1.0,C Pawson,8.0,18.0,5.0,9.0,5.0,8.0,16.0,12.0,3.0,5.0,1.0,0.0,1.73,4.2,4.2,1.75,4.21,4.4,1.6,4.45,5.5,1.75,4.24,4.37
3557,2023/24,2023-12-03,Liverpool,Fulham,4.0,3.0,H,2.0,2.0,S Attwell,26.0,9.0,12.0,5.0,3.0,4.0,6.0,7.0,0.0,0.0,0.0,0.0,1.25,6.5,9.0,1.25,6.76,10.35,1.23,7.04,11.81,1.26,6.62,10.56
3558,2023/24,2023-12-03,Man City,Tottenham,3.0,3.0,D,2.0,1.0,S Hooper,18.0,8.0,4.0,4.0,10.0,8.0,14.0,14.0,4.0,4.0,0.0,0.0,1.29,6.0,9.0,1.27,6.42,9.75,1.23,7.6,10.75,1.3,6.18,9.27
3559,2023/24,2023-12-03,West Ham,Crystal Palace,1.0,1.0,D,1.0,0.0,M Oliver,9.0,9.0,3.0,2.0,2.0,3.0,17.0,7.0,2.0,0.0,0.0,0.0,2.0,3.5,3.8,2.01,3.56,3.92,1.94,3.58,4.26,2.02,3.53,3.84
3560,2023/24,2023-12-05,Luton,Arsenal,3.0,4.0,A,1.0,2.0,S Barrott,6.0,23.0,4.0,9.0,3.0,8.0,14.0,7.0,2.0,1.0,0.0,0.0,17.0,7.0,1.18,14.73,6.77,1.22,15.5,7.25,1.2,14.98,6.73,1.21
3561,2023/24,2023-12-05,Wolves,Burnley,1.0,0.0,H,1.0,0.0,J Gillett,7.0,12.0,4.0,3.0,6.0,8.0,11.0,15.0,2.0,4.0,0.0,0.0,1.85,3.6,4.2,1.92,3.6,4.35,1.95,3.65,4.13,1.89,3.62,4.31
3562,2023/24,2023-12-06,Aston Villa,Man City,1.0,0.0,H,0.0,0.0,J Brooks,22.0,2.0,7.0,2.0,6.0,0.0,13.0,13.0,2.0,2.0,0.0,0.0,4.75,4.2,1.7,4.35,4.29,1.75,5.12,4.33,1.64,4.45,4.26,1.73
3563,2023/24,2023-12-06,Brighton,Brentford,2.0,1.0,H,1.0,1.0,P Bankes,18.0,8.0,7.0,2.0,7.0,3.0,10.0,8.0,3.0,1.0,0.0,0.0,1.91,3.8,3.75,1.94,3.89,3.79,1.76,4.1,4.57,1.93,3.91,3.77
3564,2023/24,2023-12-06,Crystal Palace,Bournemouth,0.0,2.0,A,0.0,1.0,C Pawson,16.0,11.0,3.0,4.0,3.0,9.0,10.0,17.0,1.0,3.0,0.0,0.0,2.25,3.5,3.1,2.3,3.45,3.23,2.36,3.43,3.2,2.27,3.45,3.25
3565,2023/24,2023-12-06,Fulham,Nott'm Forest,5.0,0.0,H,2.0,0.0,J Smith,14.0,4.0,6.0,1.0,6.0,1.0,7.0,10.0,0.0,1.0,0.0,0.0,2.0,3.4,3.75,2.06,3.5,3.81,2.06,3.46,3.94,2.05,3.49,3.78
3566,2023/24,2023-12-06,Man United,Chelsea,2.0,1.0,H,1.0,1.0,C Kavanagh,28.0,13.0,9.0,3.0,12.0,4.0,12.0,12.0,4.0,0.0,0.0,0.0,2.88,3.4,2.45,2.88,3.67,2.42,2.86,3.61,2.49,2.82,3.65,2.43
3567,2023/24,2023-12-06,Sheffield United,Liverpool,0.0,2.0,A,0.0,1.0,S Hooper,6.0,15.0,1.0,8.0,2.0,12.0,12.0,8.0,2.0,3.0,0.0,0.0,12.0,7.5,1.2,14.14,7.68,1.19,14.0,8.5,1.18,13.54,7.67,1.2
3568,2023/24,2023-12-07,Everton,Newcastle,3.0,0.0,H,0.0,0.0,T Robinson,21.0,13.0,6.0,3.0,5.0,2.0,18.0,8.0,3.0,0.0,0.0,0.0,3.25,3.25,2.25,3.17,3.41,2.36,3.28,3.45,2.31,3.13,3.44,2.33
3569,2023/24,2023-12-07,Tottenham,West Ham,1.0,2.0,A,1.0,0.0,M Salisbury,23.0,11.0,7.0,5.0,8.0,4.0,11.0,12.0,3.0,3.0,0.0,0.0,1.75,4.2,4.2,1.8,4.31,4.04,1.67,4.4,4.9,1.79,4.22,4.08
3570,2023/24,2023-12-09,Aston Villa,Arsenal,1.0,0.0,H,1.0,0.0,J Gillett,10.0,12.0,3.0,5.0,3.0,3.0,16.0,11.0,4.0,2.0,0.0,0.0,3.3,3.6,2.1,3.43,3.69,2.12,3.65,3.87,2.02,3.41,3.66,2.11
3571,2023/24,2023-12-09,Brighton,Burnley,1.0,1.0,D,0.0,1.0,S Hooper,29.0,6.0,11.0,3.0,9.0,1.0,5.0,8.0,0.0,4.0,0.0,0.0,1.5,4.75,6.0,1.5,4.69,6.31,1.54,4.53,6.19,1.5,4.69,6.18
3572,2023/24,2023-12-09,Crystal Palace,Liverpool,1.0,2.0,A,0.0,0.0,A Madley,8.0,14.0,4.0,2.0,6.0,5.0,17.0,17.0,5.0,2.0,1.0,0.0,6.0,4.5,1.5,6.3,4.59,1.51,6.65,4.7,1.5,6.12,4.54,1.52
3573,2023/24,2023-12-09,Man United,Bournemouth,0.0,3.0,A,0.0,1.0,P Bankes,20.0,10.0,3.0,4.0,10.0,4.0,7.0,10.0,3.0,1.0,0.0,0.0,1.55,4.33,5.75,1.55,4.7,5.52,1.67,4.48,4.78,1.55,4.65,5.54
3574,2023/24,2023-12-09,Sheffield United,Brentford,1.0,0.0,H,1.0,0.0,S Attwell,9.0,10.0,4.0,4.0,3.0,4.0,14.0,13.0,5.0,1.0,0.0,0.0,4.2,3.8,1.75,4.47,3.84,1.81,4.71,3.91,1.78,4.48,3.82,1.8
3575,2023/24,2023-12-09,Wolves,Nott'm Forest,1.0,1.0,D,1.0,1.0,S Barrott,10.0,8.0,4.0,2.0,4.0,3.0,9.0,11.0,0.0,1.0,0.0,0.0,1.85,3.6,4.33,1.89,3.56,4.44,1.99,3.34,4.42,1.87,3.64,4.34
3576,2023/24,2023-12-10,Everton,Chelsea,2.0,0.0,H,0.0,0.0,M Oliver,9.0,16.0,5.0,4.0,4.0,8.0,12.0,12.0,2.0,2.0,0.0,0.0,3.1,3.5,2.25,3.03,3.59,2.36,2.55,3.45,2.88,3.02,3.59,2.31
3577,2023/24,2023-12-10,Fulham,West Ham,5.0,0.0,H,3.0,0.0,P Tierney,14.0,9.0,8.0,5.0,3.0,6.0,5.0,10.0,2.0,1.0,0.0,0.0,2.38,3.5,2.9,2.44,3.4,3.03,2.19,3.6,3.41,2.39,3.49,2.95
3578,2023/24,2023-12-10,Luton,Man City,1.0,2.0,A,1.0,0.0,T Robinson,4.0,18.0,2.0,6.0,6.0,3.0,16.0,6.0,2.0,1.0,0.0,0.0,17.0,8.0,1.14,18.31,10.09,1.13,16.0,7.8,1.18,18.02,8.94,1.15
3579,2023/24,2023-12-10,Tottenham,Newcastle,4.0,1.0,H,2.0,0.0,C Kavanagh,23.0,9.0,12.0,3.0,3.0,6.0,10.0,12.0,1.0,3.0,0.0,0.0,2.15,3.8,3.1,2.23,3.84,3.08,2.06,4.0,3.41,2.2,3.84,3.05
3580,2023/24,2023-12-15,Nott'm Forest,Tottenham,0.0,2.0,A,0.0,1.0,J Gillett,15.0,12.0,1.0,6.0,6.0,4.0,16.0,11.0,2.0,4.0,0.0,1.0,4.2,4.2,1.73,4.51,4.14,1.76,5.14,4.19,1.68,4.52,4.13,1.74
3581,2023/24,2023-12-16,Burnley,Everton,0.0,2.0,A,0.0,2.0,A Taylor,14.0,9.0,2.0,6.0,8.0,6.0,9.0,8.0,0.0,1.0,0.0,0.0,3.6,3.4,2.1,3.66,3.44,2.13,3.28,3.57,2.26,3.55,3.45,2.14
3582,2023/24,2023-12-16,Chelsea,Sheffield United,2.0,0.0,H,0.0,0.0,A Madley,15.0,6.0,6.0,1.0,7.0,6.0,9.0,14.0,1.0,3.0,0.0,0.0,1.22,6.5,13.0,1.24,6.69,11.68,1.18,8.04,15.9,1.24,6.49,12.28
3583,2023/24,2023-12-16,Man City,Crystal Palace,2.0,2.0,D,1.0,0.0,P Tierney,19.0,5.0,9.0,2.0,6.0,1.0,12.0,9.0,1.0,1.0,0.0,0.0,1.18,8.0,13.0,1.17,7.98,15.35,1.18,7.6,20.24,1.18,7.77,16.06
3584,2023/24,2023-12-16,Newcastle,Fulham,3.0,0.0,H,0.0,0.0,S Barrott,27.0,6.0,10.0,4.0,5.0,1.0,7.0,12.0,0.0,2.0,0.0,1.0,1.8,3.8,4.0,1.87,3.94,4.04,1.92,3.83,4.07,1.87,3.91,4.03
3585,2023/24,2023-12-17,Arsenal,Brighton,2.0,0.0,H,0.0,0.0,T Robinson,26.0,6.0,9.0,1.0,10.0,1.0,11.0,9.0,1.0,3.0,0.0,0.0,1.44,5.0,6.0,1.48,4.76,6.67,1.47,4.88,6.82,1.48,4.73,6.5
3586,2023/24,2023-12-17,Brentford,Aston Villa,1.0,2.0,A,1.0,0.0,D Coote,4.0,15.0,3.0,5.0,7.0,12.0,19.0,6.0,6.0,4.0,1.0,1.0,3.2,3.75,2.1,3.24,3.73,2.19,3.18,3.46,2.36,3.26,3.71,2.16
3587,2023/24,2023-12-17,Liverpool,Man United,0.0,0.0,D,0.0,0.0,M Oliver,34.0,6.0,8.0,1.0,12.0,0.0,13.0,8.0,2.0,4.0,0.0,1.0,1.3,6.0,8.0,1.32,5.99,8.37,1.33,6.1,8.5,1.32,6.09,8.5
3588,2023/24,2023-12-17,West Ham,Wolves,3.0,0.0,H,2.0,0.0,C Kavanagh,13.0,14.0,4.0,3.0,6.0,6.0,12.0,15.0,3.0,1.0,0.0,0.0,2.15,3.5,3.3,2.12,3.62,3.5,1.9,3.65,4.34,2.16,3.55,3.4
3589,2023/24,2023-12-21,Crystal Palace,Brighton,1.0,1.0,D,1.0,0.0,J Brooks,11.0,18.0,3.0,6.0,3.0,1.0,12.0,11.0,5.0,2.0,0.0,0.0,3.3,3.3,2.15,3.4,3.47,2.22,3.23,3.37,2.38,3.35,3.5,2.18
3590,2023/24,2023-12-22,Aston Villa,Sheffield United,1.0,1.0,D,0.0,0.0,A Taylor,12.0,5.0,4.0,2.0,9.0,1.0,11.0,16.0,3.0,3.0,0.0,0.0,1.22,6.5,12.0,1.24,6.98,11.3,1.22,7.3,12.5,1.24,6.67,11.7
3591,2023/24,2023-12-23,Fulham,Burnley,0.0,2.0,A,0.0,0.0,R Welch,19.0,7.0,5.0,2.0,8.0,6.0,5.0,17.0,2.0,1.0,0.0,0.0,1.67,3.75,5.25,1.7,3.96,5.12,1.71,3.93,5.24,1.7,3.94,5.01
3592,2023/24,2023-12-23,Liverpool,Arsenal,1.0,1.0,D,1.0,1.0,C Kavanagh,13.0,13.0,3.0,2.0,4.0,5.0,13.0,14.0,2.0,5.0,0.0,0.0,2.38,3.6,2.8,2.47,3.63,2.84,2.52,3.66,2.8,2.43,3.63,2.83
3593,2023/24,2023-12-23,Luton,Newcastle,1.0,0.0,H,1.0,0.0,D England,16.0,15.0,5.0,2.0,6.0,7.0,11.0,5.0,2.0,1.0,0.0,0.0,4.75,4.2,1.65,4.91,4.36,1.65,5.32,4.12,1.67,5.0,4.23,1.65
3594,2023/24,2023-12-23,Nott'm Forest,Bournemouth,2.0,3.0,A,0.0,0.0,R Jones,11.0,18.0,5.0,7.0,6.0,6.0,10.0,10.0,0.0,3.0,1.0,0.0,2.75,3.4,2.55,2.74,3.52,2.61,2.94,3.45,2.52,2.76,3.49,2.54
3595,2023/24,2023-12-23,Tottenham,Everton,2.0,1.0,H,2.0,0.0,S Attwell,13.0,18.0,6.0,8.0,3.0,8.0,6.0,18.0,1.0,4.0,0.0,0.0,1.75,4.2,4.0,1.8,4.29,4.05,1.7,4.29,4.76,1.8,4.16,4.08
3596,2023/24,2023-12-23,West Ham,Man United,2.0,0.0,H,0.0,0.0,S Hooper,12.0,11.0,5.0,3.0,4.0,4.0,13.0,15.0,2.0,3.0,0.0,0.0,2.6,3.6,2.6,2.65,3.65,2.62,2.1,3.89,3.39,2.61,3.65,2.6
3597,2023/24,2023-12-24,Wolves,Chelsea,2.0,1.0,H,0.0,0.0,D Coote,14.0,16.0,6.0,5.0,10.0,6.0,11.0,9.0,3.0,5.0,0.0,0.0,3.75,3.75,1.91,3.77,3.76,1.99,3.34,3.65,2.2,3.73,3.73,1.98
3598,2023/24,2023-12-26,Bournemouth,Fulham,3.0,0.0,H,1.0,0.0,T Robinson,16.0,8.0,4.0,3.0,6.0,5.0,10.0,10.0,0.0,2.0,0.0,0.0,2.15,3.6,3.2,2.22,3.69,3.2,1.92,3.9,3.97,2.22,3.62,3.2
3599,2023/24,2023-12-26,Burnley,Liverpool,0.0,2.0,A,0.0,1.0,P Tierney,9.0,19.0,0.0,10.0,4.0,4.0,7.0,10.0,2.0,1.0,0.0,0.0,6.5,5.25,1.4,8.02,5.32,1.38,7.85,5.65,1.38,7.67,5.3,1.39
3600,2023/24,2023-12-26,Man United,Aston Villa,3.0,2.0,H,0.0,2.0,C Pawson,13.0,10.0,7.0,4.0,3.0,6.0,10.0,10.0,1.0,3.0,0.0,0.0,2.6,3.5,2.6,2.68,3.62,2.61,2.35,3.77,2.98,2.63,3.63,2.61
3601,2023/24,2023-12-26,Newcastle,Nott'm Forest,1.0,3.0,A,1.0,1.0,C Kavanagh,19.0,15.0,7.0,6.0,10.0,2.0,10.0,11.0,3.0,3.0,0.0,0.0,1.5,4.33,5.75,1.51,4.42,6.64,1.4,5.15,8.1,1.51,4.41,6.57
3602,2023/24,2023-12-26,Sheffield United,Luton,2.0,3.0,A,0.0,1.0,S Allison,21.0,12.0,6.0,4.0,9.0,4.0,13.0,13.0,5.0,0.0,0.0,0.0,2.3,3.3,3.1,2.46,3.32,3.07,2.46,3.29,3.15,2.41,3.32,3.07
3603,2023/24,2023-12-27,Brentford,Wolves,1.0,4.0,A,1.0,3.0,A Madley,14.0,11.0,4.0,5.0,8.0,2.0,5.0,14.0,1.0,1.0,0.0,0.0,1.95,3.5,4.2,1.94,3.66,4.07,2.25,3.39,3.46,1.96,3.59,3.97
3604,2023/24,2023-12-27,Chelsea,Crystal Palace,2.0,1.0,H,1.0,1.0,M Salisbury,9.0,13.0,4.0,5.0,4.0,3.0,13.0,16.0,3.0,2.0,0.0,0.0,1.67,4.0,5.0,1.72,3.89,5.06,1.81,3.76,4.72,1.7,3.91,5.02
3605,2023/24,2023-12-27,Everton,Man City,1.0,3.0,A,1.0,0.0,J Brooks,7.0,23.0,2.0,9.0,8.0,4.0,13.0,5.0,4.0,2.0,0.0,0.0,5.75,4.0,1.57,6.32,4.1,1.57,5.5,3.97,1.68,5.84,4.17,1.59
3606,2023/24,2023-12-28,Arsenal,West Ham,0.0,2.0,A,0.0,1.0,M Oliver,30.0,6.0,8.0,3.0,10.0,3.0,8.0,8.0,2.0,0.0,0.0,0.0,1.33,5.5,7.5,1.36,5.49,8.28,1.29,6.09,10.81,1.35,5.39,8.64
3607,2023/24,2023-12-28,Brighton,Tottenham,4.0,2.0,H,2.0,0.0,J Gillett,15.0,19.0,9.0,3.0,7.0,6.0,18.0,6.0,3.0,2.0,0.0,0.0,2.5,3.6,2.6,2.53,4.05,2.56,2.48,3.92,2.71,2.52,3.9,2.57
3608,2023/24,2023-12-30,Aston Villa,Burnley,3.0,2.0,H,2.0,1.0,S Attwell,19.0,9.0,7.0,5.0,6.0,2.0,9.0,14.0,4.0,1.0,0.0,1.0,1.36,5.25,7.5,1.38,5.29,8.1,1.41,5.3,7.94,1.37,5.27,8.15
3609,2023/24,2023-12-30,Crystal Palace,Brentford,3.0,1.0,H,2.0,1.0,R Jones,13.0,9.0,6.0,4.0,7.0,4.0,14.0,10.0,0.0,1.0,0.0,0.0,2.2,3.3,3.4,2.22,3.3,3.58,2.15,3.27,3.89,2.23,3.33,3.43
3610,2023/24,2023-12-30,Luton,Chelsea,2.0,3.0,A,0.0,2.0,P Tierney,15.0,12.0,6.0,8.0,7.0,2.0,14.0,21.0,2.0,2.0,0.0,0.0,6.5,4.2,1.5,6.05,4.65,1.52,5.55,4.6,1.58,6.04,4.53,1.53
3611,2023/24,2023-12-30,Man City,Sheffield United,2.0,0.0,H,1.0,0.0,D Coote,18.0,4.0,4.0,2.0,12.0,2.0,5.0,6.0,1.0,1.0,0.0,0.0,1.08,11.0,29.0,1.07,14.55,28.9,1.07,14.0,36.0,1.08,12.85,29.4
3612,2023/24,2023-12-30,Nott'm Forest,Man United,2.0,1.0,H,0.0,0.0,T Robinson,8.0,10.0,2.0,5.0,4.0,5.0,9.0,11.0,2.0,4.0,0.0,0.0,3.2,3.6,2.15,3.33,3.72,2.15,3.31,3.66,2.21,3.27,3.68,2.16
3613,2023/24,2023-12-30,Wolves,Everton,3.0,0.0,H,1.0,0.0,T Bramall,12.0,10.0,6.0,0.0,5.0,2.0,9.0,14.0,2.0,3.0,0.0,0.0,2.63,3.3,2.7,2.67,3.41,2.74,2.97,3.24,2.61,2.64,3.38,2.74
3614,2023/24,2023-12-31,Fulham,Arsenal,2.0,1.0,H,1.0,1.0,J Smith,15.0,13.0,4.0,3.0,5.0,4.0,11.0,10.0,4.0,1.0,0.0,0.0,5.25,4.5,1.55,5.94,4.29,1.57,5.78,4.22,1.61,5.74,4.29,1.57
3615,2023/24,2023-12-31,Tottenham,Bournemouth,3.0,1.0,H,1.0,0.0,S Hooper,12.0,24.0,6.0,4.0,4.0,13.0,9.0,18.0,3.0,3.0,0.0,0.0,1.75,4.2,4.0,1.77,4.42,4.08,1.79,4.59,3.92,1.78,4.33,4.04
3616,2023/24,2024-01-01,Liverpool,Newcastle,4.0,2.0,H,0.0,0.0,A Taylor,34.0,5.0,15.0,3.0,7.0,3.0,16.0,15.0,3.0,5.0,0.0,0.0,1.45,4.5,7.0,1.45,4.96,6.69,1.38,5.7,7.75,1.46,4.88,6.56
3617,2023/24,2024-01-02,West Ham,Brighton,0.0,0.0,D,0.0,0.0,S Barrott,6.0,22.0,2.0,8.0,2.0,0.0,4.0,6.0,1.0,0.0,0.0,0.0,2.45,3.75,2.75,2.52,3.68,2.74,3.19,3.65,2.27,2.47,3.7,2.73
3618,2023/24,2024-01-12,Burnley,Luton,1.0,1.0,D,1.0,0.0,T Harrington,13.0,14.0,7.0,5.0,2.0,8.0,7.0,12.0,1.0,0.0,0.0,0.0,2.0,3.6,3.6,2.06,3.58,3.8,2.18,3.47,3.6,2.03,3.58,3.74
3619,2023/24,2024-01-13,Chelsea,Fulham,1.0,0.0,H,1.0,0.0,A Taylor,17.0,14.0,3.0,4.0,6.0,4.0,13.0,9.0,5.0,1.0,0.0,0.0,1.6,4.2,5.25,1.65,4.22,5.13,1.67,4.15,5.3,1.64,4.24,5.19
3620,2023/24,2024-01-13,Newcastle,Man City,2.0,3.0,A,2.0,1.0,C Kavanagh,12.0,27.0,5.0,11.0,3.0,13.0,7.0,7.0,1.0,2.0,0.0,0.0,5.5,4.33,1.55,5.63,4.53,1.56,5.1,4.25,1.67,5.5,4.47,1.57
3621,2023/24,2024-01-14,Everton,Aston Villa,0.0,0.0,D,0.0,0.0,D Coote,10.0,16.0,2.0,5.0,4.0,5.0,13.0,14.0,1.0,4.0,0.0,0.0,2.8,3.5,2.45,2.81,3.62,2.49,2.55,3.61,2.79,2.79,3.62,2.45
3622,2023/24,2024-01-14,Man United,Tottenham,2.0,2.0,D,2.0,1.0,J Brooks,9.0,16.0,2.0,6.0,8.0,13.0,8.0,5.0,2.0,1.0,0.0,0.0,2.2,3.75,3.0,2.22,3.97,3.01,1.99,4.02,3.59,2.2,3.93,3.0
3623,2023/24,2024-01-20,Arsenal,Crystal Palace,5.0,0.0,H,2.0,0.0,P Tierney,21.0,12.0,6.0,5.0,6.0,7.0,8.0,12.0,0.0,0.0,0.0,0.0,1.3,5.75,9.0,1.29,5.85,10.86,1.27,6.15,12.65,1.29,5.74,11.19
3624,2023/24,2024-01-20,Brentford,Nott'm Forest,3.0,2.0,H,1.0,1.0,D England,11.0,12.0,5.0,3.0,6.0,4.0,10.0,14.0,1.0,3.0,0.0,0.0,1.91,3.6,4.0,1.85,3.83,4.29,1.78,3.86,4.81,1.9,3.72,4.06
3625,2023/24,2024-01-21,Bournemouth,Liverpool,0.0,4.0,A,0.0,0.0,A Madley,11.0,14.0,1.0,7.0,8.0,5.0,9.0,12.0,1.0,2.0,0.0,0.0,4.2,4.5,1.7,4.41,4.36,1.72,4.49,4.46,1.71,4.38,4.37,1.71
3626,2023/24,2024-01-21,Sheffield United,West Ham,2.0,2.0,D,1.0,1.0,M Salisbury,21.0,16.0,6.0,5.0,4.0,1.0,11.0,10.0,3.0,1.0,1.0,1.0,3.4,3.3,2.2,3.45,3.47,2.2,2.82,3.35,2.67,3.43,3.43,2.18
3627,2023/24,2024-01-22,Brighton,Wolves,0.0,0.0,D,0.0,0.0,C Pawson,11.0,8.0,4.0,3.0,8.0,2.0,10.0,13.0,1.0,4.0,0.0,0.0,1.65,4.33,5.0,1.66,4.28,5.01,1.67,4.25,5.15,1.65,4.29,4.95
3628,2023/24,2024-01-30,Aston Villa,Newcastle,1.0,3.0,A,0.0,2.0,J Brooks,12.0,14.0,6.0,5.0,8.0,7.0,14.0,12.0,4.0,1.0,0.0,0.0,1.85,4.0,3.8,1.85,4.05,4.02,1.86,4.08,4.06,1.86,4.07,3.92
3629,2023/24,2024-01-30,Crystal Palace,Sheffield United,3.0,2.0,H,2.0,2.0,T Harrington,12.0,9.0,4.0,5.0,11.0,1.0,8.0,18.0,1.0,4.0,0.0,0.0,1.62,3.6,6.5,1.64,3.93,5.81,1.61,4.01,6.2,1.64,3.87,5.92
3630,2023/24,2024-01-30,Fulham,Everton,0.0,0.0,D,0.0,0.0,T Bramall,25.0,21.0,6.0,4.0,15.0,6.0,6.0,13.0,1.0,2.0,0.0,0.0,2.45,3.2,3.0,2.46,3.32,3.08,2.23,3.27,3.64,2.45,3.33,3.01
3631,2023/24,2024-01-30,Luton,Brighton,4.0,0.0,H,3.0,0.0,R Jones,18.0,9.0,8.0,2.0,7.0,4.0,13.0,14.0,2.0,2.0,0.0,0.0,4.2,4.2,1.75,4.43,4.06,1.78,4.29,3.99,1.83,4.34,4.09,1.78
3632,2023/24,2024-01-30,Nott'm Forest,Arsenal,1.0,2.0,A,0.0,0.0,S Hooper,9.0,19.0,3.0,3.0,2.0,11.0,6.0,7.0,0.0,1.0,0.0,0.0,7.5,5.0,1.4,7.77,5.14,1.4,9.02,5.14,1.38,8.12,5.09,1.39
3633,2023/24,2024-01-31,Liverpool,Chelsea,4.0,1.0,H,2.0,0.0,P Tierney,28.0,4.0,13.0,3.0,8.0,1.0,15.0,16.0,2.0,4.0,0.0,0.0,1.57,4.33,5.25,1.58,4.64,5.29,1.66,4.46,4.89,1.58,4.61,5.15
3634,2023/24,2024-01-31,Man City,Burnley,3.0,1.0,H,2.0,0.0,S Barrott,14.0,8.0,4.0,3.0,7.0,3.0,3.0,13.0,2.0,2.0,0.0,0.0,1.08,12.0,21.0,1.11,12.41,18.6,1.11,11.5,23.0,1.1,11.19,24.13
3635,2023/24,2024-01-31,Tottenham,Brentford,3.0,2.0,H,0.0,1.0,D Coote,19.0,9.0,5.0,5.0,5.0,3.0,13.0,15.0,2.0,3.0,0.0,0.0,1.67,4.2,4.75,1.69,4.32,4.7,1.62,4.56,5.18,1.67,4.34,4.75
3636,2023/24,2024-02-01,West Ham,Bournemouth,1.0,1.0,D,0.0,1.0,T Robinson,9.0,9.0,3.0,4.0,1.0,5.0,13.0,11.0,1.0,3.0,0.0,0.0,2.4,3.75,2.75,2.45,3.71,2.8,2.51,3.54,2.89,2.43,3.73,2.75
3637,2023/24,2024-02-01,Wolves,Man United,3.0,4.0,A,0.0,2.0,J Gillett,16.0,21.0,7.0,8.0,4.0,5.0,10.0,10.0,2.0,5.0,0.0,0.0,2.63,3.6,2.55,2.7,3.51,2.64,3.01,3.46,2.46,2.7,3.58,2.54
3638,2023/24,2024-02-03,Brighton,Crystal Palace,4.0,1.0,H,3.0,0.0,S Hooper,13.0,7.0,6.0,5.0,3.0,2.0,8.0,14.0,1.0,3.0,0.0,0.0,1.7,4.0,4.75,1.71,4.04,4.85,1.74,3.82,5.23,1.7,4.07,4.82
3639,2023/24,2024-02-03,Burnley,Fulham,2.0,2.0,D,0.0,2.0,D Bond,12.0,15.0,4.0,7.0,2.0,13.0,11.0,7.0,2.0,2.0,0.0,0.0,2.9,3.4,2.38,2.98,3.5,2.43,2.97,3.28,2.59,2.94,3.45,2.43
3640,2023/24,2024-02-03,Everton,Tottenham,2.0,2.0,D,1.0,2.0,M Oliver,14.0,9.0,5.0,6.0,9.0,5.0,8.0,14.0,3.0,0.0,0.0,0.0,3.0,3.6,2.25,2.97,3.71,2.34,3.1,3.74,2.28,2.94,3.69,2.34
3641,2023/24,2024-02-03,Newcastle,Luton,4.0,4.0,D,2.0,2.0,T Bramall,19.0,11.0,6.0,8.0,8.0,2.0,13.0,16.0,2.0,2.0,0.0,0.0,1.44,4.75,6.5,1.42,5.07,7.23,1.54,4.69,5.92,1.43,4.97,7.02
3642,2023/24,2024-02-03,Sheffield United,Aston Villa,0.0,5.0,A,0.0,4.0,P Tierney,10.0,14.0,5.0,10.0,3.0,4.0,10.0,7.0,1.0,0.0,0.0,0.0,5.25,4.2,1.62,5.02,4.36,1.65,5.35,4.3,1.64,5.1,4.29,1.63
3643,2023/24,2024-02-04,Arsenal,Liverpool,3.0,1.0,H,1.0,1.0,A Taylor,15.0,10.0,7.0,1.0,2.0,4.0,11.0,11.0,6.0,2.0,0.0,1.0,2.2,3.6,3.1,2.24,3.72,3.15,2.2,3.75,3.26,2.25,3.67,3.07
3644,2023/24,2024-02-04,Bournemouth,Nott'm Forest,1.0,1.0,D,1.0,1.0,R Welch,9.0,8.0,2.0,6.0,11.0,6.0,19.0,12.0,3.0,2.0,1.0,0.0,1.7,4.2,4.5,1.71,4.2,4.68,1.66,4.37,5.01,1.7,4.15,4.65
3645,2023/24,2024-02-04,Chelsea,Wolves,2.0,4.0,A,1.0,2.0,T Robinson,15.0,14.0,6.0,7.0,10.0,1.0,15.0,11.0,3.0,2.0,0.0,0.0,1.62,4.0,5.5,1.63,4.29,5.27,1.54,4.63,6.02,1.63,4.22,5.24
3646,2023/24,2024-02-04,Man United,West Ham,3.0,0.0,H,1.0,0.0,A Madley,12.0,22.0,5.0,3.0,5.0,8.0,10.0,5.0,0.0,1.0,0.0,0.0,1.62,4.2,5.0,1.65,4.31,5.05,1.56,4.59,5.9,1.66,4.23,4.93
3647,2023/24,2024-02-05,Brentford,Man City,1.0,3.0,A,1.0,1.0,J Gillett,9.0,25.0,3.0,15.0,8.0,13.0,2.0,4.0,1.0,0.0,0.0,0.0,7.0,4.75,1.4,7.44,5.09,1.41,7.8,5.4,1.39,7.17,4.99,1.42
3648,2023/24,2024-02-10,Fulham,Bournemouth,3.0,1.0,H,2.0,0.0,D England,7.0,25.0,6.0,4.0,1.0,14.0,11.0,11.0,1.0,2.0,0.0,0.0,2.38,3.5,2.8,2.46,3.6,2.87,2.64,3.5,2.76,2.4,3.58,2.88
3649,2023/24,2024-02-10,Liverpool,Burnley,3.0,1.0,H,1.0,1.0,T Robinson,25.0,9.0,10.0,4.0,9.0,3.0,11.0,13.0,3.0,2.0,0.0,0.0,1.17,8.0,17.0,1.16,8.71,15.08,1.16,9.27,15.41,1.16,8.4,15.8
3650,2023/24,2024-02-10,Luton,Sheffield United,1.0,3.0,A,0.0,2.0,C Kavanagh,20.0,7.0,5.0,3.0,13.0,1.0,7.0,12.0,1.0,2.0,0.0,0.0,1.75,3.75,4.75,1.79,3.85,4.6,1.72,4.05,4.96,1.77,3.88,4.59
3651,2023/24,2024-02-10,Man City,Everton,2.0,0.0,H,0.0,0.0,J Brooks,19.0,5.0,3.0,1.0,9.0,0.0,6.0,11.0,0.0,2.0,0.0,0.0,1.18,8.0,13.0,1.19,7.68,13.24,1.24,6.85,12.25,1.2,7.36,13.47
3652,2023/24,2024-02-10,Nott'm Forest,Newcastle,2.0,3.0,A,2.0,2.0,A Taylor,13.0,7.0,3.0,5.0,4.0,4.0,9.0,6.0,1.0,2.0,0.0,0.0,3.3,3.75,2.05,3.29,3.81,2.14,3.32,3.79,2.16,3.3,3.71,2.13
3653,2023/24,2024-02-10,Tottenham,Brighton,2.0,1.0,H,0.0,1.0,S Barrott,16.0,6.0,6.0,3.0,9.0,6.0,14.0,13.0,2.0,3.0,0.0,0.0,1.8,4.2,3.8,1.81,4.35,3.92,1.72,4.64,4.27,1.82,4.31,3.84
3654,2023/24,2024-02-10,Wolves,Brentford,0.0,2.0,A,0.0,1.0,S Hooper,17.0,9.0,5.0,6.0,7.0,4.0,11.0,9.0,2.0,3.0,0.0,0.0,2.1,3.6,3.4,2.14,3.65,3.42,2.27,3.54,3.28,2.12,3.66,3.38
3655,2023/24,2024-02-11,Aston Villa,Man United,1.0,2.0,A,0.0,1.0,R Jones,23.0,17.0,10.0,5.0,10.0,8.0,9.0,7.0,3.0,2.0,0.0,0.0,2.15,3.75,3.1,2.16,3.91,3.18,2.18,3.93,3.18,2.17,3.83,3.11
3656,2023/24,2024-02-11,West Ham,Arsenal,0.0,6.0,A,0.0,4.0,C Pawson,5.0,25.0,1.0,12.0,2.0,6.0,17.0,11.0,4.0,0.0,0.0,0.0,6.0,4.33,1.53,5.95,4.4,1.56,6.25,4.4,1.56,5.81,4.38,1.55
3657,2023/24,2024-02-12,Crystal Palace,Chelsea,1.0,3.0,A,1.0,0.0,M Oliver,13.0,14.0,4.0,5.0,1.0,7.0,14.0,7.0,2.0,2.0,0.0,0.0,4.2,3.8,1.85,4.25,3.86,1.85,5.04,3.99,1.72,4.2,3.8,1.84
3658,2023/24,2024-02-17,Brentford,Liverpool,1.0,4.0,A,0.0,1.0,M Oliver,15.0,15.0,6.0,8.0,1.0,6.0,4.0,18.0,2.0,1.0,0.0,0.0,5.5,4.33,1.57,5.27,4.59,1.59,4.85,4.45,1.66,5.24,4.52,1.59
3659,2023/24,2024-02-17,Burnley,Arsenal,0.0,5.0,A,0.0,2.0,J Gillett,8.0,16.0,0.0,7.0,4.0,6.0,11.0,8.0,2.0,1.0,0.0,0.0,10.0,5.75,1.29,9.78,5.73,1.31,10.32,6.08,1.29,9.94,5.73,1.31
3660,2023/24,2024-02-17,Fulham,Aston Villa,1.0,2.0,A,0.0,1.0,L Smith,15.0,12.0,4.0,3.0,4.0,4.0,11.0,6.0,5.0,2.0,0.0,0.0,2.9,3.75,2.2,2.97,3.76,2.32,3.1,3.74,2.28,2.94,3.77,2.29
3661,2023/24,2024-02-17,Man City,Chelsea,1.0,1.0,D,0.0,1.0,A Madley,31.0,9.0,5.0,6.0,12.0,1.0,7.0,12.0,1.0,3.0,0.0,0.0,1.33,5.5,8.0,1.34,5.71,8.37,1.31,6.6,8.75,1.35,5.64,8.22
3662,2023/24,2024-02-17,Newcastle,Bournemouth,2.0,2.0,D,0.0,0.0,M Salisbury,17.0,12.0,5.0,7.0,4.0,2.0,9.0,22.0,1.0,3.0,0.0,0.0,1.83,4.2,3.75,1.87,4.15,3.84,2.0,3.94,3.64,1.85,4.16,3.83
3663,2023/24,2024-02-17,Nott'm Forest,West Ham,2.0,0.0,H,1.0,0.0,T Bramall,19.0,10.0,8.0,3.0,5.0,3.0,13.0,15.0,4.0,4.0,0.0,1.0,2.38,3.5,2.9,2.47,3.5,2.92,2.29,3.54,3.24,2.43,3.51,2.9
3664,2023/24,2024-02-17,Tottenham,Wolves,1.0,2.0,A,0.0,1.0,A Taylor,15.0,12.0,4.0,7.0,10.0,4.0,8.0,13.0,0.0,1.0,0.0,0.0,1.53,4.75,5.25,1.55,4.87,5.36,1.51,5.01,5.84,1.55,4.75,5.37
3665,2023/24,2024-02-18,Luton,Man United,1.0,2.0,A,1.0,2.0,D Coote,22.0,21.0,4.0,9.0,8.0,6.0,7.0,21.0,3.0,5.0,0.0,0.0,4.0,4.0,1.8,4.17,4.13,1.81,4.32,4.14,1.79,4.07,4.09,1.81
3666,2023/24,2024-02-18,Sheffield United,Brighton,0.0,5.0,A,0.0,2.0,S Attwell,6.0,24.0,1.0,10.0,5.0,10.0,3.0,5.0,1.0,4.0,1.0,0.0,5.0,4.2,1.62,4.99,4.4,1.64,4.91,4.32,1.68,4.92,4.3,1.65
3667,2023/24,2024-02-19,Everton,Crystal Palace,1.0,1.0,D,0.0,0.0,P Tierney,19.0,10.0,4.0,4.0,3.0,6.0,8.0,12.0,0.0,2.0,0.0,0.0,1.7,3.6,5.25,1.72,3.79,5.26,1.83,3.49,5.06,1.73,3.68,5.12
3668,2023/24,2024-02-20,Man City,Brentford,1.0,0.0,H,0.0,0.0,D England,25.0,6.0,11.0,2.0,10.0,1.0,12.0,6.0,2.0,4.0,0.0,0.0,1.18,8.0,13.0,1.17,8.67,15.04,1.18,8.5,15.0,1.18,8.12,15.16
3669,2023/24,2024-02-21,Liverpool,Luton,4.0,1.0,H,0.0,1.0,A Madley,29.0,12.0,13.0,3.0,13.0,4.0,15.0,14.0,1.0,4.0,0.0,0.0,1.2,7.0,13.0,1.19,7.94,12.93,1.25,6.93,10.47,1.2,7.72,13.14
3670,2023/24,2024-02-24,Arsenal,Newcastle,4.0,1.0,H,2.0,0.0,P Tierney,18.0,3.0,8.0,2.0,9.0,0.0,15.0,6.0,1.0,0.0,0.0,0.0,1.36,5.25,8.0,1.4,5.32,7.33,1.36,5.75,8.2,1.38,5.34,7.53
3671,2023/24,2024-02-24,Aston Villa,Nott'm Forest,4.0,2.0,H,3.0,1.0,S Barrott,16.0,10.0,6.0,3.0,7.0,2.0,7.0,16.0,1.0,2.0,0.0,0.0,1.53,4.5,5.75,1.57,4.52,5.55,1.61,4.51,5.37,1.55,4.54,5.63
3672,2023/24,2024-02-24,Bournemouth,Man City,0.0,1.0,A,0.0,1.0,J Gillett,13.0,15.0,4.0,6.0,3.0,8.0,14.0,6.0,2.0,2.0,0.0,0.0,7.0,5.25,1.4,7.2,5.14,1.42,6.75,5.2,1.45,6.96,5.16,1.42
3673,2023/24,2024-02-24,Brighton,Everton,1.0,1.0,D,0.0,0.0,T Harrington,23.0,6.0,7.0,3.0,11.0,3.0,9.0,14.0,2.0,3.0,1.0,0.0,1.83,3.8,4.2,1.82,4.04,4.2,1.87,3.98,4.1,1.84,3.93,4.1
3674,2023/24,2024-02-24,Crystal Palace,Burnley,3.0,0.0,H,0.0,0.0,L Smith,15.0,2.0,6.0,0.0,12.0,3.0,8.0,13.0,3.0,1.0,0.0,1.0,1.95,3.5,4.0,2.03,3.45,3.98,1.98,3.54,4.13,2.01,3.46,3.92
3675,2023/24,2024-02-24,Man United,Fulham,1.0,2.0,A,0.0,0.0,M Oliver,21.0,17.0,9.0,5.0,10.0,9.0,6.0,11.0,2.0,5.0,0.0,0.0,1.57,4.33,5.5,1.61,4.48,5.21,1.65,4.26,5.24,1.58,4.47,5.33
3676,2023/24,2024-02-25,Wolves,Sheffield United,1.0,0.0,H,1.0,0.0,D Bond,13.0,12.0,2.0,4.0,5.0,6.0,8.0,4.0,2.0,1.0,0.0,0.0,1.44,4.75,7.0,1.43,4.66,7.0,1.49,4.65,6.92,1.46,4.69,6.86
3677,2023/24,2024-02-26,West Ham,Brentford,4.0,2.0,H,2.0,1.0,S Hooper,17.0,14.0,6.0,8.0,1.0,7.0,5.0,9.0,1.0,2.0,0.0,0.0,2.5,3.5,2.75,2.57,3.68,2.68,2.33,3.6,3.12,2.5,3.6,2.73
3678,2023/24,2024-03-02,Brentford,Chelsea,2.0,2.0,D,0.0,1.0,J Gillett,14.0,17.0,5.0,6.0,0.0,6.0,10.0,9.0,3.0,1.0,0.0,0.0,3.1,3.75,2.15,3.04,3.95,2.21,3.28,3.74,2.2,3.07,3.86,2.19
3679,2023/24,2024-03-02,Everton,West Ham,1.0,3.0,A,0.0,0.0,C Pawson,22.0,12.0,11.0,5.0,4.0,5.0,9.0,6.0,1.0,2.0,0.0,0.0,2.05,3.6,3.5,2.1,3.57,3.62,2.17,3.56,3.49,2.09,3.57,3.52
3680,2023/24,2024-03-02,Fulham,Brighton,3.0,0.0,H,2.0,0.0,S Hooper,12.0,15.0,5.0,5.0,2.0,6.0,16.0,10.0,1.0,2.0,0.0,0.0,2.55,3.6,2.63,2.6,3.59,2.7,2.62,3.44,2.81,2.59,3.64,2.62
3681,2023/24,2024-03-02,Luton,Aston Villa,2.0,3.0,A,0.0,2.0,M Oliver,13.0,12.0,5.0,8.0,8.0,6.0,8.0,19.0,1.0,4.0,0.0,0.0,4.33,4.2,1.73,4.34,4.44,1.72,4.55,4.5,1.7,4.29,4.3,1.74
3682,2023/24,2024-03-02,Newcastle,Wolves,3.0,0.0,H,2.0,0.0,T Robinson,14.0,12.0,7.0,3.0,3.0,5.0,8.0,11.0,0.0,1.0,0.0,0.0,1.91,4.0,3.6,1.89,4.01,3.89,1.73,4.28,4.58,1.9,3.95,3.8
3683,2023/24,2024-03-02,Nott'm Forest,Liverpool,0.0,1.0,A,0.0,0.0,P Tierney,8.0,22.0,2.0,2.0,3.0,12.0,11.0,12.0,2.0,2.0,0.0,0.0,6.0,4.33,1.53,5.69,4.73,1.54,5.41,4.51,1.6,5.63,4.67,1.54
3684,2023/24,2024-03-02,Tottenham,Crystal Palace,3.0,1.0,H,0.0,0.0,J Brooks,14.0,4.0,6.0,1.0,11.0,1.0,7.0,16.0,1.0,2.0,0.0,0.0,1.5,4.33,6.5,1.52,4.51,6.26,1.54,4.6,6.11,1.49,4.66,6.26
3685,2023/24,2024-03-03,Burnley,Bournemouth,0.0,2.0,A,0.0,1.0,D Coote,20.0,10.0,6.0,3.0,7.0,2.0,8.0,13.0,2.0,4.0,0.0,0.0,3.75,3.6,1.95,3.79,3.83,1.96,3.8,3.8,1.99,3.72,3.78,1.96
3686,2023/24,2024-03-03,Man City,Man United,3.0,1.0,H,0.0,1.0,A Madley,27.0,3.0,8.0,1.0,15.0,2.0,5.0,10.0,0.0,1.0,0.0,0.0,1.25,5.75,11.0,1.27,6.39,10.06,1.24,7.2,10.75,1.27,6.33,10.06
3687,2023/24,2024-03-04,Sheffield United,Arsenal,0.0,6.0,A,0.0,5.0,S Barrott,4.0,22.0,0.0,10.0,0.0,7.0,11.0,4.0,1.0,0.0,0.0,0.0,17.0,7.0,1.18,16.74,8.18,1.16,17.5,7.75,1.18,16.28,7.82,1.17
3688,2023/24,2024-03-09,Arsenal,Brentford,2.0,1.0,H,1.0,1.0,R Jones,17.0,9.0,6.0,4.0,10.0,4.0,9.0,10.0,2.0,4.0,0.0,0.0,1.22,7.0,11.0,1.23,6.96,11.44,1.22,7.5,13.0,1.23,6.84,12.02
3689,2023/24,2024-03-09,Bournemouth,Sheffield United,2.0,2.0,D,0.0,1.0,A Taylor,32.0,13.0,12.0,9.0,10.0,3.0,12.0,11.0,3.0,5.0,0.0,0.0,1.33,5.25,8.0,1.35,5.55,8.52,1.34,5.79,8.51,1.34,5.51,8.58
3690,2023/24,2024-03-09,Crystal Palace,Luton,1.0,1.0,D,1.0,0.0,S Singh,21.0,8.0,4.0,2.0,8.0,6.0,20.0,11.0,2.0,3.0,0.0,0.0,1.75,3.8,4.2,1.77,3.95,4.58,1.92,3.76,4.12,1.78,3.89,4.49
3691,2023/24,2024-03-09,Man United,Everton,2.0,0.0,H,2.0,0.0,S Hooper,15.0,23.0,8.0,6.0,5.0,8.0,13.0,11.0,1.0,2.0,0.0,0.0,1.83,3.6,4.0,1.84,3.93,4.2,1.95,3.74,4.01,1.85,3.89,4.09
3692,2023/24,2024-03-09,Wolves,Fulham,2.0,1.0,H,0.0,0.0,T Harrington,8.0,23.0,3.0,6.0,3.0,4.0,7.0,11.0,2.0,2.0,0.0,0.0,2.5,3.4,2.75,2.52,3.46,2.88,2.56,3.44,2.89,2.54,3.45,2.79
3693,2023/24,2024-03-10,Aston Villa,Tottenham,0.0,4.0,A,0.0,0.0,C Kavanagh,10.0,9.0,1.0,5.0,6.0,4.0,11.0,15.0,0.0,2.0,1.0,0.0,2.38,4.0,2.6,2.47,3.98,2.65,2.55,3.86,2.66,2.42,4.08,2.62
3694,2023/24,2024-03-10,Brighton,Nott'm Forest,1.0,0.0,H,1.0,0.0,M Salisbury,10.0,9.0,3.0,4.0,6.0,3.0,14.0,14.0,4.0,4.0,0.0,0.0,1.8,4.0,4.0,1.81,4.01,4.26,1.63,4.39,5.3,1.78,4.04,4.25
3695,2023/24,2024-03-10,Liverpool,Man City,1.0,1.0,D,0.0,1.0,M Oliver,19.0,10.0,6.0,6.0,7.0,4.0,6.0,10.0,0.0,3.0,0.0,0.0,3.0,3.75,2.2,3.02,3.8,2.28,3.48,3.9,2.06,2.95,3.83,2.25
3696,2023/24,2024-03-10,West Ham,Burnley,2.0,2.0,D,0.0,2.0,D England,22.0,11.0,4.0,4.0,4.0,4.0,11.0,18.0,2.0,4.0,0.0,0.0,1.67,4.0,4.75,1.69,4.06,5.04,1.66,4.08,5.43,1.67,4.08,4.97
3697,2023/24,2024-03-11,Chelsea,Newcastle,3.0,2.0,H,1.0,1.0,J Brooks,12.0,11.0,8.0,3.0,0.0,4.0,12.0,7.0,3.0,1.0,0.0,0.0,1.91,4.0,3.6,1.96,4.07,3.59,1.85,4.31,3.91,1.94,4.08,3.54
3698,2023/24,2024-03-13,Bournemouth,Luton,4.0,3.0,H,0.0,3.0,S Allison,24.0,8.0,10.0,4.0,11.0,3.0,16.0,11.0,1.0,2.0,0.0,0.0,1.5,4.75,5.75,1.51,4.71,6.18,1.53,4.89,5.69,1.5,4.77,6.0
3699,2023/24,2024-03-16,Burnley,Brentford,2.0,1.0,H,1.0,0.0,D Bond,17.0,9.0,6.0,5.0,5.0,4.0,14.0,17.0,2.0,4.0,0.0,1.0,3.25,3.6,2.15,3.23,3.72,2.2,3.18,3.65,2.28,3.27,3.66,2.16
3700,2023/24,2024-03-16,Fulham,Tottenham,3.0,0.0,H,1.0,0.0,R Jones,16.0,14.0,7.0,5.0,4.0,5.0,9.0,10.0,2.0,3.0,0.0,0.0,3.5,3.8,1.95,3.42,4.09,2.01,3.45,4.0,2.05,3.4,3.93,2.01
3701,2023/24,2024-03-16,Luton,Nott'm Forest,1.0,1.0,D,0.0,1.0,D England,10.0,16.0,4.0,6.0,6.0,7.0,10.0,17.0,1.0,2.0,0.0,0.0,2.8,3.5,2.45,2.83,3.69,2.44,2.67,3.59,2.67,2.81,3.63,2.42
3702,2023/24,2024-03-17,West Ham,Aston Villa,1.0,1.0,D,1.0,0.0,J Gillett,13.0,13.0,5.0,5.0,7.0,11.0,13.0,12.0,3.0,3.0,0.0,0.0,2.63,3.75,2.45,2.66,3.82,2.52,2.48,3.69,2.83,2.65,3.73,2.51
3703,2023/24,2024-03-30,Aston Villa,Wolves,2.0,0.0,H,1.0,0.0,P Tierney,11.0,13.0,5.0,3.0,5.0,4.0,11.0,19.0,3.0,4.0,0.0,0.0,1.6,4.33,5.0,1.64,4.46,4.9,1.53,4.41,6.66,1.64,4.38,4.86
3704,2023/24,2024-03-30,Bournemouth,Everton,2.0,1.0,H,0.0,0.0,S Barrott,11.0,7.0,4.0,3.0,9.0,8.0,14.0,11.0,1.0,2.0,0.0,0.0,2.2,3.6,3.2,2.24,3.56,3.27,2.18,3.74,3.24,2.2,3.61,3.23
3705,2023/24,2024-03-30,Brentford,Man United,1.0,1.0,D,0.0,0.0,S Hooper,31.0,11.0,5.0,5.0,14.0,4.0,7.0,14.0,2.0,2.0,0.0,0.0,3.0,3.8,2.2,3.09,3.86,2.22,3.39,4.06,2.06,3.06,3.83,2.2
3706,2023/24,2024-03-30,Chelsea,Burnley,2.0,2.0,D,1.0,0.0,D England,33.0,18.0,13.0,7.0,12.0,4.0,12.0,7.0,2.0,2.0,0.0,1.0,1.29,6.0,9.5,1.3,6.12,9.34,1.25,6.66,11.18,1.3,5.96,9.44
3707,2023/24,2024-03-30,Newcastle,West Ham,4.0,3.0,H,1.0,2.0,R Jones,24.0,10.0,9.0,4.0,3.0,4.0,9.0,8.0,1.0,1.0,1.0,0.0,1.83,4.2,3.8,1.81,4.26,4.0,1.85,4.19,3.96,1.84,4.16,3.87
3708,2023/24,2024-03-30,Nott'm Forest,Crystal Palace,1.0,1.0,D,0.0,1.0,C Kavanagh,12.0,10.0,5.0,3.0,4.0,6.0,14.0,12.0,1.0,1.0,0.0,0.0,2.2,3.3,3.4,2.29,3.38,3.34,2.25,3.4,3.43,2.26,3.36,3.31
3709,2023/24,2024-03-30,Sheffield United,Fulham,3.0,3.0,D,0.0,0.0,T Robinson,8.0,24.0,4.0,9.0,2.0,15.0,10.0,13.0,4.0,1.0,0.0,0.0,4.5,4.0,1.73,4.89,3.95,1.73,4.89,4.13,1.71,4.64,4.03,1.73
3710,2023/24,2024-03-30,Tottenham,Luton,2.0,1.0,H,0.0,1.0,J Gillett,17.0,7.0,4.0,3.0,3.0,6.0,16.0,14.0,2.0,4.0,0.0,0.0,1.2,8.0,11.0,1.21,7.6,11.57,1.19,8.37,12.64,1.22,7.47,11.31
3711,2023/24,2024-03-31,Liverpool,Brighton,2.0,1.0,H,1.0,1.0,D Coote,30.0,9.0,8.0,3.0,8.0,4.0,20.0,6.0,5.0,3.0,0.0,0.0,1.36,5.5,7.5,1.37,5.71,7.57,1.29,6.6,9.25,1.37,5.63,7.37
3712,2023/24,2024-03-31,Man City,Arsenal,0.0,0.0,D,0.0,0.0,A Taylor,12.0,6.0,1.0,2.0,7.0,4.0,9.0,20.0,0.0,2.0,0.0,0.0,1.91,3.8,3.8,1.92,3.86,3.94,2.09,3.6,3.72,1.92,3.8,3.86
3713,2023/24,2024-04-02,Bournemouth,Crystal Palace,1.0,0.0,H,0.0,0.0,G Scott,11.0,3.0,6.0,2.0,9.0,2.0,13.0,14.0,3.0,2.0,0.0,0.0,1.95,3.8,3.6,2.02,3.8,3.69,1.89,3.89,4.14,1.99,3.76,3.69
3714,2023/24,2024-04-02,Burnley,Wolves,1.0,1.0,D,1.0,1.0,T Bramall,13.0,8.0,6.0,2.0,7.0,4.0,10.0,12.0,0.0,2.0,0.0,0.0,2.45,3.6,2.75,2.55,3.54,2.83,2.36,3.54,3.08,2.53,3.49,2.8
3715,2023/24,2024-04-02,Newcastle,Everton,1.0,1.0,D,1.0,0.0,T Harrington,18.0,10.0,6.0,3.0,7.0,3.0,9.0,14.0,0.0,3.0,0.0,0.0,2.0,3.75,3.5,2.03,3.86,3.62,2.03,3.78,3.72,2.01,3.82,3.55
3716,2023/24,2024-04-02,Nott'm Forest,Fulham,3.0,1.0,H,3.0,0.0,M Oliver,16.0,18.0,4.0,3.0,3.0,8.0,7.0,8.0,0.0,0.0,0.0,0.0,2.7,3.4,2.63,2.78,3.51,2.61,2.74,3.48,2.66,2.71,3.49,2.62
3717,2023/24,2024-04-02,West Ham,Tottenham,1.0,1.0,D,1.0,1.0,J Brooks,11.0,13.0,4.0,4.0,9.0,5.0,13.0,9.0,1.0,4.0,0.0,0.0,3.3,4.2,1.95,3.38,4.24,2.01,3.47,4.26,1.99,3.3,4.16,2.01
3718,2023/24,2024-04-03,Arsenal,Luton,2.0,0.0,H,2.0,0.0,C Pawson,13.0,5.0,4.0,1.0,3.0,1.0,12.0,8.0,1.0,1.0,0.0,0.0,1.1,10.0,19.0,1.11,11.82,20.95,1.13,10.5,19.5,1.1,11.25,22.73
3719,2023/24,2024-04-03,Brentford,Brighton,0.0,0.0,D,0.0,0.0,A Madley,5.0,24.0,2.0,6.0,1.0,5.0,9.0,12.0,1.0,1.0,0.0,0.0,2.38,3.8,2.75,2.38,3.79,2.86,2.57,3.63,2.75,2.39,3.79,2.78
3720,2023/24,2024-04-03,Man City,Aston Villa,4.0,1.0,H,2.0,1.0,D England,25.0,8.0,11.0,3.0,2.0,3.0,6.0,13.0,1.0,2.0,0.0,0.0,1.3,6.0,8.0,1.3,6.32,8.88,1.21,7.5,13.5,1.3,6.08,9.06
3721,2023/24,2024-04-04,Chelsea,Man United,4.0,3.0,H,2.0,2.0,J Gillett,28.0,19.0,10.0,5.0,12.0,3.0,7.0,15.0,3.0,0.0,0.0,0.0,2.0,4.0,3.4,2.03,4.03,3.42,1.82,4.41,3.98,2.02,4.05,3.31
3722,2023/24,2024-04-04,Liverpool,Sheffield United,3.0,1.0,H,1.0,0.0,S Attwell,29.0,8.0,9.0,3.0,13.0,1.0,6.0,9.0,0.0,1.0,0.0,0.0,1.09,12.0,21.0,1.08,14.33,25.37,1.06,18.5,31.0,1.08,12.59,25.43
3723,2023/24,2024-04-06,Aston Villa,Brentford,3.0,3.0,D,1.0,0.0,M Salisbury,11.0,8.0,3.0,3.0,11.0,3.0,15.0,11.0,2.0,2.0,0.0,0.0,1.7,4.0,4.75,1.71,4.24,4.62,1.65,4.22,5.31,1.7,4.2,4.68
3724,2023/24,2024-04-06,Brighton,Arsenal,0.0,3.0,A,0.0,1.0,J Brooks,10.0,20.0,2.0,7.0,8.0,7.0,14.0,13.0,1.0,2.0,0.0,0.0,5.0,4.33,1.62,5.25,4.19,1.65,6.55,4.6,1.51,5.15,4.25,1.64
3725,2023/24,2024-04-06,Crystal Palace,Man City,2.0,4.0,A,1.0,1.0,P Tierney,7.0,18.0,4.0,8.0,2.0,9.0,13.0,3.0,1.0,1.0,0.0,0.0,9.5,5.25,1.33,10.64,5.59,1.31,8.8,5.35,1.37,10.3,5.59,1.31
3726,2023/24,2024-04-06,Everton,Burnley,1.0,0.0,H,1.0,0.0,M Oliver,12.0,6.0,3.0,1.0,3.0,5.0,11.0,13.0,2.0,1.0,0.0,1.0,1.65,4.0,5.25,1.68,4.18,4.99,1.76,3.92,4.79,1.67,4.07,5.04
3727,2023/24,2024-04-06,Fulham,Newcastle,0.0,1.0,A,0.0,0.0,S Allison,14.0,12.0,4.0,5.0,14.0,3.0,10.0,13.0,1.0,2.0,0.0,0.0,2.38,3.8,2.8,2.35,3.87,2.86,2.47,3.7,2.83,2.37,3.82,2.81
3728,2023/24,2024-04-06,Luton,Bournemouth,2.0,1.0,H,0.0,0.0,A Madley,19.0,8.0,9.0,1.0,7.0,2.0,7.0,14.0,0.0,0.0,0.0,0.0,3.75,3.8,1.91,3.65,4.11,1.93,3.82,4.07,1.92,3.68,4.04,1.91
3729,2023/24,2024-04-06,Wolves,West Ham,1.0,2.0,A,1.0,0.0,T Harrington,14.0,11.0,7.0,4.0,4.0,4.0,15.0,7.0,5.0,2.0,0.0,0.0,2.5,3.6,2.7,2.53,3.61,2.77,2.91,3.42,2.55,2.51,3.58,2.75
3730,2023/24,2024-04-07,Man United,Liverpool,2.0,2.0,D,0.0,1.0,A Taylor,9.0,28.0,5.0,7.0,6.0,11.0,9.0,10.0,5.0,2.0,0.0,0.0,4.75,4.5,1.6,4.75,4.84,1.61,5.0,4.85,1.6,4.69,4.65,1.63
3731,2023/24,2024-04-07,Sheffield United,Chelsea,2.0,2.0,D,1.0,1.0,R Jones,11.0,6.0,6.0,3.0,7.0,6.0,12.0,10.0,4.0,2.0,0.0,0.0,7.0,5.25,1.4,6.77,5.35,1.42,6.69,5.28,1.44,6.88,5.28,1.41
3732,2023/24,2024-04-07,Tottenham,Nott'm Forest,3.0,1.0,H,1.0,1.0,S Hooper,17.0,13.0,7.0,6.0,12.0,2.0,11.0,12.0,2.0,3.0,0.0,0.0,1.4,5.5,6.5,1.39,5.46,7.33,1.42,5.5,6.9,1.4,5.3,7.23
3733,2023/24,2024-04-13,Bournemouth,Man United,2.0,2.0,D,2.0,1.0,T Harrington,20.0,8.0,5.0,2.0,7.0,2.0,13.0,14.0,4.0,0.0,0.0,0.0,2.4,3.9,2.6,2.42,3.83,2.79,2.38,4.1,2.74,2.42,3.91,2.68
3734,2023/24,2024-04-13,Brentford,Sheffield United,2.0,0.0,H,0.0,0.0,S Barrott,9.0,8.0,5.0,2.0,3.0,6.0,8.0,11.0,3.0,1.0,0.0,0.0,1.44,5.0,6.5,1.43,5.22,6.68,1.49,5.03,6.25,1.43,5.09,6.86
3735,2023/24,2024-04-13,Burnley,Brighton,1.0,1.0,D,0.0,0.0,S Hooper,11.0,20.0,3.0,8.0,4.0,5.0,18.0,8.0,1.0,2.0,0.0,0.0,3.5,3.75,2.0,3.54,3.8,2.05,3.97,4.06,1.88,3.5,3.8,2.02
3736,2023/24,2024-04-13,Man City,Luton,5.0,1.0,H,1.0,0.0,J Brooks,33.0,4.0,13.0,2.0,12.0,1.0,7.0,6.0,1.0,0.0,0.0,0.0,1.1,11.0,19.0,1.09,13.24,24.14,1.08,13.5,26.0,1.1,11.66,23.86
3737,2023/24,2024-04-13,Newcastle,Tottenham,4.0,0.0,H,2.0,0.0,T Robinson,18.0,11.0,5.0,2.0,16.0,3.0,14.0,12.0,0.0,4.0,0.0,0.0,2.7,4.0,2.3,2.8,4.05,2.33,2.65,4.1,2.48,2.75,4.02,2.34
3738,2023/24,2024-04-13,Nott'm Forest,Wolves,2.0,2.0,D,1.0,1.0,C Pawson,18.0,11.0,9.0,4.0,10.0,1.0,15.0,10.0,2.0,3.0,0.0,0.0,2.1,3.4,3.5,2.14,3.57,3.5,2.07,3.52,3.81,2.16,3.55,3.37
3739,2023/24,2024-04-14,Arsenal,Aston Villa,0.0,2.0,A,0.0,0.0,D Coote,18.0,11.0,4.0,2.0,4.0,6.0,12.0,7.0,3.0,1.0,0.0,0.0,1.29,5.75,10.0,1.29,6.27,9.5,1.24,7.0,11.5,1.28,6.1,9.89
3740,2023/24,2024-04-14,Liverpool,Crystal Palace,0.0,1.0,A,0.0,1.0,C Kavanagh,21.0,8.0,6.0,5.0,11.0,1.0,10.0,10.0,1.0,1.0,0.0,0.0,1.22,7.0,12.0,1.19,7.62,14.15,1.18,8.5,14.5,1.21,7.37,13.35
3741,2023/24,2024-04-14,West Ham,Fulham,0.0,2.0,A,0.0,1.0,S Attwell,15.0,18.0,4.0,10.0,8.0,3.0,6.0,13.0,1.0,2.0,0.0,0.0,2.38,3.6,2.8,2.4,3.66,2.91,2.44,3.68,2.89,2.38,3.65,2.88
3742,2023/24,2024-04-15,Chelsea,Everton,6.0,0.0,H,4.0,0.0,P Tierney,14.0,10.0,10.0,2.0,4.0,8.0,5.0,21.0,1.0,4.0,0.0,0.0,1.7,4.2,4.5,1.73,4.16,4.57,1.67,4.25,5.1,1.71,4.2,4.53
3743,2023/24,2024-04-20,Luton,Brentford,1.0,5.0,A,0.0,2.0,J Gillett,6.0,21.0,3.0,9.0,4.0,9.0,13.0,9.0,1.0,2.0,0.0,0.0,3.1,3.75,2.15,3.28,3.76,2.16,2.92,3.54,2.48,3.18,3.75,2.17
3744,2023/24,2024-04-20,Sheffield United,Burnley,1.0,4.0,A,0.0,2.0,A Madley,18.0,16.0,11.0,9.0,11.0,2.0,10.0,9.0,1.0,0.0,0.0,0.0,2.75,3.6,2.45,2.77,3.64,2.52,2.66,3.55,2.7,2.76,3.63,2.47
3745,2023/24,2024-04-20,Wolves,Arsenal,0.0,2.0,A,0.0,1.0,P Tierney,5.0,24.0,3.0,9.0,1.0,2.0,14.0,9.0,3.0,2.0,0.0,0.0,8.5,4.5,1.4,8.02,5.14,1.39,11.75,6.6,1.26,8.05,5.05,1.39
3746,2023/24,2024-04-21,Aston Villa,Bournemouth,3.0,1.0,H,1.0,1.0,T Robinson,14.0,14.0,4.0,6.0,8.0,4.0,8.0,14.0,1.0,3.0,0.0,0.0,1.85,4.0,3.6,1.87,4.17,3.83,1.87,4.11,4.03,1.87,4.11,3.76
3747,2023/24,2024-04-21,Crystal Palace,West Ham,5.0,2.0,H,4.0,1.0,G Scott,18.0,4.0,7.0,1.0,4.0,0.0,9.0,9.0,3.0,2.0,0.0,0.0,2.1,3.6,3.4,2.12,3.66,3.45,2.23,3.55,3.36,2.15,3.59,3.34
3748,2023/24,2024-04-21,Everton,Nott'm Forest,2.0,0.0,H,1.0,0.0,A Taylor,7.0,8.0,4.0,3.0,6.0,4.0,15.0,9.0,3.0,2.0,0.0,0.0,2.05,3.5,3.6,2.06,3.52,3.78,2.34,3.3,3.36,2.07,3.52,3.63
3749,2023/24,2024-04-21,Fulham,Liverpool,1.0,3.0,A,1.0,1.0,C Pawson,12.0,14.0,5.0,7.0,1.0,4.0,5.0,11.0,3.0,0.0,0.0,0.0,5.25,4.5,1.57,5.14,4.66,1.59,4.65,4.5,1.68,5.19,4.67,1.57
3750,2023/24,2024-04-23,Arsenal,Chelsea,5.0,0.0,H,1.0,0.0,S Hooper,27.0,7.0,10.0,1.0,4.0,2.0,12.0,11.0,2.0,2.0,0.0,0.0,1.44,5.0,6.0,1.45,5.03,6.76,1.41,5.3,7.65,1.45,4.93,6.78
3751,2023/24,2024-04-24,Crystal Palace,Newcastle,2.0,0.0,H,0.0,0.0,T Bramall,20.0,7.0,7.0,2.0,7.0,2.0,10.0,15.0,3.0,3.0,0.0,0.0,2.75,3.6,2.4,2.76,3.7,2.49,3.09,3.69,2.31,2.76,3.68,2.43
3752,2023/24,2024-04-24,Everton,Liverpool,2.0,0.0,H,1.0,0.0,A Madley,16.0,23.0,6.0,7.0,4.0,13.0,6.0,13.0,0.0,3.0,0.0,0.0,7.0,5.0,1.4,7.49,5.0,1.42,7.65,5.35,1.4,7.11,4.98,1.42
3753,2023/24,2024-04-24,Man United,Sheffield United,4.0,2.0,H,1.0,1.0,M Salisbury,25.0,10.0,13.0,4.0,9.0,4.0,7.0,9.0,0.0,1.0,0.0,0.0,1.3,6.5,7.5,1.32,6.28,8.27,1.32,6.3,8.59,1.31,6.11,8.44
3754,2023/24,2024-04-24,Wolves,Bournemouth,0.0,1.0,A,0.0,1.0,S Attwell,15.0,21.0,4.0,6.0,8.0,12.0,10.0,17.0,4.0,1.0,0.0,1.0,2.7,3.6,2.5,2.74,3.53,2.6,2.81,3.67,2.5,2.72,3.6,2.52
3755,2023/24,2024-04-25,Brighton,Man City,0.0,4.0,A,0.0,3.0,J Gillett,7.0,14.0,3.0,6.0,4.0,4.0,10.0,3.0,2.0,0.0,0.0,0.0,6.5,5.0,1.4,6.84,4.9,1.45,7.9,5.85,1.36,6.65,4.95,1.44
3756,2023/24,2024-04-27,Aston Villa,Chelsea,2.0,2.0,D,2.0,0.0,C Pawson,9.0,21.0,4.0,5.0,2.0,4.0,13.0,14.0,3.0,5.0,0.0,0.0,2.15,3.8,3.0,2.14,4.04,3.13,2.05,4.08,3.43,2.17,3.9,3.06
3757,2023/24,2024-04-27,Everton,Brentford,1.0,0.0,H,0.0,0.0,D England,18.0,10.0,1.0,4.0,6.0,6.0,10.0,12.0,1.0,2.0,0.0,0.0,2.3,3.5,3.0,2.34,3.54,3.09,3.0,3.44,2.48,2.36,3.5,2.97
3758,2023/24,2024-04-27,Fulham,Crystal Palace,1.0,1.0,D,0.0,0.0,S Attwell,9.0,14.0,2.0,4.0,5.0,9.0,11.0,15.0,0.0,2.0,0.0,0.0,2.1,3.5,3.5,2.14,3.63,3.43,2.11,3.45,3.78,2.11,3.6,3.42
3759,2023/24,2024-04-27,Man United,Burnley,1.0,1.0,D,0.0,0.0,J Brooks,27.0,16.0,10.0,7.0,6.0,5.0,7.0,11.0,1.0,3.0,0.0,0.0,1.5,4.75,5.5,1.53,5.01,5.35,1.5,5.29,5.72,1.52,4.9,5.44
3760,2023/24,2024-04-27,Newcastle,Sheffield United,5.0,1.0,H,1.0,1.0,T Harrington,20.0,15.0,7.0,5.0,4.0,5.0,9.0,10.0,0.0,0.0,0.0,0.0,1.22,7.0,11.0,1.24,7.18,10.5,1.2,7.87,12.52,1.23,7.04,11.1
3761,2023/24,2024-04-27,West Ham,Liverpool,2.0,2.0,D,1.0,0.0,A Taylor,11.0,28.0,8.0,8.0,5.0,8.0,8.0,10.0,0.0,2.0,0.0,0.0,5.5,5.0,1.5,5.84,5.03,1.5,5.35,4.95,1.56,5.63,4.89,1.51
3762,2023/24,2024-04-27,Wolves,Luton,2.0,1.0,H,1.0,0.0,D Coote,13.0,9.0,5.0,6.0,4.0,4.0,14.0,14.0,3.0,1.0,0.0,0.0,1.95,3.8,3.6,1.98,3.9,3.65,1.93,3.85,3.96,1.98,3.83,3.58
3763,2023/24,2024-04-28,Bournemouth,Brighton,3.0,0.0,H,1.0,0.0,P Tierney,15.0,13.0,6.0,1.0,8.0,2.0,14.0,10.0,2.0,2.0,0.0,0.0,2.25,3.8,2.9,2.27,3.85,2.99,1.96,4.17,3.57,2.26,3.8,2.94
3764,2023/24,2024-04-28,Nott'm Forest,Man City,0.0,2.0,A,0.0,1.0,S Hooper,14.0,11.0,2.0,5.0,4.0,5.0,8.0,6.0,0.0,0.0,0.0,0.0,8.0,6.0,1.3,10.15,5.89,1.3,11.0,6.2,1.29,9.5,5.72,1.31
3765,2023/24,2024-04-28,Tottenham,Arsenal,2.0,3.0,A,0.0,3.0,M Oliver,14.0,9.0,2.0,3.0,8.0,6.0,12.0,16.0,2.0,1.0,0.0,0.0,4.2,4.2,1.75,4.19,4.07,1.81,4.35,4.21,1.78,4.12,4.07,1.8
3766,2023/24,2024-05-02,Chelsea,Tottenham,2.0,0.0,H,1.0,0.0,R Jones,16.0,19.0,5.0,3.0,4.0,9.0,12.0,16.0,0.0,1.0,0.0,0.0,2.15,3.8,3.0,2.22,4.15,2.92,2.46,4.04,2.68,2.2,4.05,2.91
3767,2023/24,2024-05-03,Luton,Everton,1.0,1.0,D,1.0,1.0,T Robinson,18.0,10.0,5.0,3.0,8.0,7.0,14.0,12.0,1.0,3.0,0.0,0.0,2.6,3.6,2.55,2.71,3.52,2.63,2.78,3.7,2.52,2.66,3.58,2.62
3768,2023/24,2024-05-04,Arsenal,Bournemouth,3.0,0.0,H,1.0,0.0,D Coote,25.0,7.0,9.0,2.0,6.0,1.0,16.0,12.0,2.0,3.0,0.0,0.0,1.22,7.5,11.0,1.2,7.76,12.56,1.21,7.25,14.0,1.2,7.59,12.74
3769,2023/24,2024-05-04,Brentford,Fulham,0.0,0.0,D,0.0,0.0,G Scott,7.0,15.0,3.0,3.0,7.0,6.0,3.0,6.0,1.0,1.0,0.0,0.0,2.1,3.8,3.2,2.13,3.85,3.27,2.09,3.8,3.49,2.12,3.8,3.25
3770,2023/24,2024-05-04,Burnley,Newcastle,1.0,4.0,A,0.0,3.0,A Taylor,17.0,23.0,5.0,11.0,4.0,11.0,8.0,8.0,2.0,2.0,0.0,0.0,3.4,4.0,1.95,3.37,4.05,2.04,3.37,4.21,2.02,3.38,3.98,2.02
3771,2023/24,2024-05-04,Man City,Wolves,5.0,1.0,H,3.0,0.0,C Pawson,20.0,2.0,12.0,1.0,6.0,0.0,4.0,17.0,0.0,4.0,0.0,0.0,1.08,12.0,21.0,1.09,13.16,25.65,1.1,13.5,24.0,1.09,11.51,25.33
3772,2023/24,2024-05-04,Sheffield United,Nott'm Forest,1.0,3.0,A,1.0,1.0,C Kavanagh,17.0,15.0,5.0,4.0,5.0,3.0,9.0,7.0,0.0,1.0,1.0,0.0,4.75,4.2,1.65,4.57,4.31,1.71,5.08,4.27,1.67,4.68,4.25,1.69
3773,2023/24,2024-05-05,Brighton,Aston Villa,1.0,0.0,H,0.0,0.0,R Jones,15.0,2.0,8.0,1.0,7.0,3.0,13.0,10.0,2.0,1.0,0.0,0.0,2.75,3.75,2.45,2.75,3.76,2.48,2.41,3.85,2.84,2.72,3.77,2.43
3774,2023/24,2024-05-05,Chelsea,West Ham,5.0,0.0,H,3.0,0.0,A Madley,25.0,13.0,14.0,2.0,8.0,6.0,12.0,10.0,1.0,3.0,0.0,0.0,1.65,4.5,4.5,1.66,4.62,4.59,1.5,5.15,5.91,1.65,4.55,4.58
3775,2023/24,2024-05-05,Liverpool,Tottenham,4.0,2.0,H,2.0,0.0,P Tierney,25.0,11.0,13.0,6.0,8.0,3.0,14.0,12.0,1.0,4.0,0.0,0.0,1.5,5.75,5.0,1.48,5.3,5.73,1.42,5.9,6.4,1.48,5.26,5.61
3776,2023/24,2024-05-06,Crystal Palace,Man United,4.0,0.0,H,2.0,0.0,J Gillett,18.0,7.0,10.0,2.0,6.0,3.0,12.0,8.0,1.0,1.0,0.0,0.0,2.38,3.75,2.8,2.39,3.81,2.83,1.99,4.05,3.57,2.38,3.76,2.79
3777,2023/24,2024-05-11,Bournemouth,Brentford,1.0,2.0,A,0.0,0.0,M Donohue,13.0,11.0,4.0,5.0,3.0,8.0,16.0,12.0,2.0,2.0,0.0,0.0,1.95,4.0,3.5,1.96,4.07,3.57,2.16,3.88,3.25,1.98,3.99,3.5
3778,2023/24,2024-05-11,Everton,Sheffield United,1.0,0.0,H,1.0,0.0,S Attwell,15.0,13.0,6.0,1.0,3.0,6.0,6.0,11.0,1.0,2.0,0.0,0.0,1.4,4.8,7.5,1.4,5.3,7.47,1.44,5.07,7.03,1.4,5.13,7.46
3779,2023/24,2024-05-11,Fulham,Man City,0.0,4.0,A,0.0,1.0,A Taylor,1.0,16.0,1.0,9.0,1.0,7.0,9.0,6.0,1.0,0.0,1.0,0.0,13.0,7.0,1.2,12.95,7.04,1.21,10.9,7.4,1.24,12.3,7.05,1.22
3780,2023/24,2024-05-11,Newcastle,Brighton,1.0,1.0,D,1.0,1.0,D England,18.0,15.0,7.0,4.0,8.0,4.0,9.0,16.0,3.0,4.0,0.0,0.0,1.57,4.75,4.75,1.59,4.93,4.84,1.6,4.84,5.01,1.59,4.81,4.84
3781,2023/24,2024-05-11,Nott'm Forest,Chelsea,2.0,3.0,A,1.0,1.0,T Harrington,20.0,12.0,4.0,5.0,5.0,6.0,14.0,8.0,2.0,3.0,0.0,0.0,3.4,3.8,2.0,3.44,3.93,2.04,4.04,3.98,1.88,3.39,3.94,2.03
3782,2023/24,2024-05-11,Tottenham,Burnley,2.0,1.0,H,1.0,1.0,J Gillett,21.0,7.0,9.0,3.0,9.0,3.0,10.0,14.0,3.0,5.0,0.0,0.0,1.36,5.75,7.0,1.35,6.16,7.27,1.31,6.53,8.32,1.35,6.01,7.33
3783,2023/24,2024-05-11,West Ham,Luton,3.0,1.0,H,0.0,1.0,M Oliver,24.0,4.0,8.0,1.0,7.0,6.0,9.0,15.0,1.0,3.0,0.0,0.0,1.8,4.2,3.8,1.82,4.53,3.78,1.88,4.27,3.77,1.82,4.33,3.83
3784,2023/24,2024-05-11,Wolves,Crystal Palace,1.0,3.0,A,0.0,2.0,T Bramall,13.0,13.0,7.0,3.0,8.0,3.0,13.0,12.0,3.0,2.0,0.0,1.0,2.88,3.5,2.38,2.9,3.49,2.49,3.31,3.63,2.22,2.86,3.51,2.47
3785,2023/24,2024-05-12,Man United,Arsenal,0.0,1.0,A,0.0,1.0,P Tierney,14.0,11.0,2.0,5.0,4.0,7.0,5.0,6.0,0.0,2.0,0.0,0.0,7.0,5.5,1.36,7.2,5.68,1.38,9.75,7.05,1.26,7.08,5.5,1.39
3786,2023/24,2024-05-13,Aston Villa,Liverpool,3.0,3.0,D,1.0,2.0,S Hooper,19.0,14.0,5.0,7.0,5.0,4.0,11.0,15.0,1.0,1.0,0.0,0.0,4.2,4.33,1.7,4.16,4.7,1.71,3.9,4.58,1.8,4.15,4.55,1.71
3787,2023/24,2024-05-14,Tottenham,Man City,0.0,2.0,A,0.0,0.0,C Kavanagh,10.0,8.0,5.0,5.0,7.0,4.0,14.0,11.0,3.0,3.0,0.0,0.0,6.5,6.0,1.36,7.15,6.3,1.36,6.6,6.35,1.38,6.94,5.91,1.38
3788,2023/24,2024-05-15,Brighton,Chelsea,1.0,2.0,A,0.0,1.0,M Salisbury,12.0,13.0,2.0,6.0,4.0,6.0,13.0,14.0,2.0,2.0,0.0,1.0,3.3,4.0,1.95,3.42,3.97,2.04,3.2,4.22,2.09,3.37,3.99,2.02
3789,2023/24,2024-05-15,Man United,Newcastle,3.0,2.0,H,1.0,0.0,R Jones,17.0,21.0,8.0,8.0,9.0,9.0,16.0,7.0,3.0,3.0,0.0,0.0,2.75,4.0,2.3,2.75,4.07,2.36,2.73,3.9,2.47,2.73,4.04,2.34
3790,2023/24,2024-05-19,Arsenal,Everton,2.0,1.0,H,1.0,1.0,M Oliver,26.0,5.0,5.0,2.0,8.0,1.0,8.0,11.0,4.0,3.0,0.0,0.0,1.18,8.0,12.0,1.17,8.37,15.6,1.22,7.16,13.07,1.17,8.04,15.37
3791,2023/24,2024-05-19,Brentford,Newcastle,2.0,4.0,A,0.0,3.0,S Hooper,10.0,12.0,5.0,7.0,3.0,0.0,15.0,11.0,4.0,4.0,0.0,0.0,2.9,3.9,2.2,2.97,4.0,2.21,2.99,4.05,2.24,2.94,3.96,2.22
3792,2023/24,2024-05-19,Brighton,Man United,0.0,2.0,A,0.0,0.0,C Pawson,17.0,11.0,3.0,4.0,7.0,5.0,10.0,9.0,1.0,3.0,0.0,0.0,2.15,4.0,2.9,2.18,4.09,2.98,2.66,4.03,2.48,2.17,4.11,2.95
3793,2023/24,2024-05-19,Burnley,Nott'm Forest,1.0,2.0,A,0.0,2.0,G Scott,20.0,12.0,3.0,6.0,4.0,3.0,11.0,5.0,1.0,0.0,0.0,0.0,3.0,3.5,2.3,2.92,3.76,2.32,2.85,3.9,2.35,2.9,3.74,2.32
3794,2023/24,2024-05-19,Chelsea,Bournemouth,2.0,1.0,H,1.0,0.0,A Taylor,16.0,22.0,6.0,5.0,6.0,5.0,5.0,9.0,2.0,3.0,0.0,0.0,1.45,5.0,6.0,1.45,5.4,5.93,1.4,5.59,7.23,1.45,5.32,5.99
3795,2023/24,2024-05-19,Crystal Palace,Aston Villa,5.0,0.0,H,2.0,0.0,D Bond,15.0,8.0,9.0,2.0,2.0,4.0,10.0,8.0,1.0,4.0,0.0,0.0,1.85,4.33,3.6,1.83,4.37,3.74,1.63,4.64,4.99,1.87,4.28,3.67
3796,2023/24,2024-05-19,Liverpool,Wolves,2.0,0.0,H,2.0,0.0,C Kavanagh,36.0,4.0,14.0,3.0,10.0,2.0,14.0,11.0,1.0,1.0,0.0,1.0,1.17,8.0,15.0,1.16,9.27,13.56,1.13,10.69,16.27,1.16,8.71,14.55
3797,2023/24,2024-05-19,Luton,Fulham,2.0,4.0,A,1.0,2.0,M Donohue,15.0,15.0,6.0,7.0,4.0,4.0,15.0,20.0,5.0,4.0,0.0,0.0,2.9,3.9,2.2,2.93,3.92,2.26,3.11,3.99,2.19,2.92,3.95,2.23
3798,2023/24,2024-05-19,Man City,West Ham,3.0,1.0,H,2.0,1.0,J Brooks,28.0,3.0,12.0,2.0,11.0,2.0,3.0,12.0,0.0,1.0,0.0,0.0,1.08,12.0,21.0,1.09,13.11,20.39,1.07,15.01,27.84,1.1,11.72,21.81
3799,2023/24,2024-05-19,Sheffield United,Tottenham,0.0,3.0,A,0.0,1.0,A Madley,6.0,18.0,1.0,9.0,2.0,6.0,11.0,9.0,2.0,0.0,0.0,0.0,7.0,6.0,1.33,7.16,6.0,1.35,7.99,6.11,1.35,7.32,6.04,1.35
3800,2024/25,2024-08-16,Man United,Fulham,1.0,0.0,H,0.0,0.0,R Jones,14.0,10.0,5.0,2.0,7.0,8.0,12.0,10.0,2.0,3.0,0.0,0.0,1.6,4.2,5.25,1.63,4.38,5.3,1.65,4.23,5.28,1.62,4.36,5.15
3801,2024/25,2024-08-17,Arsenal,Wolves,2.0,0.0,H,1.0,0.0,J Gillett,18.0,9.0,6.0,3.0,8.0,2.0,17.0,14.0,2.0,2.0,0.0,0.0,1.18,7.5,13.0,1.16,8.56,16.22,1.15,9.05,18.76,1.18,7.86,15.87
3802,2024/25,2024-08-17,Everton,Brighton,0.0,3.0,A,0.0,1.0,S Hooper,9.0,10.0,1.0,5.0,1.0,5.0,8.0,8.0,1.0,1.0,1.0,0.0,2.63,3.3,2.63,2.73,3.36,2.71,3.15,3.41,2.4,2.67,3.41,2.68
3803,2024/25,2024-08-17,Ipswich,Liverpool,0.0,2.0,A,0.0,0.0,T Robinson,7.0,18.0,2.0,5.0,2.0,10.0,9.0,18.0,3.0,1.0,0.0,0.0,8.5,5.5,1.33,8.18,5.84,1.34,8.14,6.09,1.34,8.28,5.76,1.34
3804,2024/25,2024-08-17,Newcastle,Southampton,1.0,0.0,H,1.0,0.0,C Pawson,3.0,19.0,1.0,4.0,3.0,12.0,15.0,16.0,2.0,4.0,1.0,0.0,1.36,5.25,8.0,1.35,5.7,8.25,1.42,5.3,7.26,1.35,5.62,8.1
3805,2024/25,2024-08-17,Nott'm Forest,Bournemouth,1.0,1.0,D,1.0,0.0,M Oliver,14.0,13.0,8.0,4.0,2.0,6.0,17.0,8.0,1.0,3.0,0.0,0.0,2.45,3.5,2.8,2.47,3.42,2.97,2.24,3.5,3.37,2.45,3.49,2.89
3806,2024/25,2024-08-17,West Ham,Aston Villa,1.0,2.0,A,1.0,1.0,T Harrington,14.0,15.0,3.0,3.0,5.0,3.0,18.0,11.0,1.0,2.0,0.0,0.0,2.45,3.6,2.75,2.49,3.65,2.8,2.54,3.51,2.86,2.44,3.69,2.79
3807,2024/25,2024-08-18,Brentford,Crystal Palace,2.0,1.0,H,1.0,0.0,S Barrott,9.0,14.0,5.0,6.0,4.0,7.0,6.0,15.0,1.0,5.0,0.0,0.0,2.4,3.4,2.9,2.5,3.4,2.95,2.92,3.24,2.66,2.46,3.44,2.9
3808,2024/25,2024-08-18,Chelsea,Man City,0.0,2.0,A,0.0,1.0,A Taylor,10.0,11.0,3.0,5.0,4.0,3.0,12.0,9.0,1.0,1.0,0.0,0.0,4.1,3.9,1.8,4.19,3.93,1.84,3.86,3.91,1.97,4.05,4.0,1.83
3809,2024/25,2024-08-19,Leicester,Tottenham,1.0,1.0,D,0.0,1.0,C Kavanagh,7.0,15.0,3.0,7.0,2.0,13.0,11.0,12.0,1.0,1.0,0.0,0.0,5.0,4.33,1.62,5.09,4.39,1.63,4.64,4.33,1.71,5.01,4.37,1.63
3810,2024/25,2024-08-24,Aston Villa,Arsenal,0.0,2.0,A,0.0,0.0,M Oliver,11.0,9.0,3.0,4.0,4.0,1.0,8.0,15.0,1.0,3.0,0.0,0.0,4.33,3.8,1.75,4.55,3.98,1.77,4.85,4.04,1.74,4.41,3.92,1.78
3811,2024/25,2024-08-24,Brighton,Man United,2.0,1.0,H,1.0,0.0,C Pawson,14.0,11.0,5.0,4.0,4.0,4.0,9.0,13.0,1.0,2.0,0.0,0.0,2.5,3.7,2.63,2.51,3.66,2.76,2.42,3.76,2.86,2.5,3.72,2.69
3812,2024/25,2024-08-24,Crystal Palace,West Ham,0.0,2.0,A,0.0,0.0,R Jones,14.0,18.0,2.0,3.0,3.0,3.0,9.0,17.0,1.0,1.0,0.0,0.0,2.15,3.6,3.2,2.17,3.68,3.33,1.97,3.84,3.84,2.17,3.63,3.25
3813,2024/25,2024-08-24,Fulham,Leicester,2.0,1.0,H,1.0,1.0,D Bond,18.0,10.0,6.0,4.0,7.0,5.0,14.0,13.0,2.0,2.0,0.0,0.0,1.8,3.75,4.2,1.84,3.67,4.56,1.88,3.81,4.26,1.83,3.73,4.38
3814,2024/25,2024-08-24,Man City,Ipswich,4.0,1.0,H,3.0,1.0,M Salisbury,14.0,1.0,5.0,1.0,10.0,1.0,4.0,15.0,2.0,3.0,0.0,0.0,1.08,12.0,21.0,1.08,13.21,25.71,1.1,11.0,31.0,1.09,12.17,26.97
3815,2024/25,2024-08-24,Southampton,Nott'm Forest,0.0,1.0,A,0.0,0.0,S Barrott,5.0,23.0,1.0,8.0,4.0,10.0,14.0,14.0,3.0,3.0,0.0,0.0,2.55,3.3,2.8,2.59,3.28,2.92,2.33,3.54,3.11,2.57,3.32,2.84
3816,2024/25,2024-08-24,Tottenham,Everton,4.0,0.0,H,2.0,0.0,A Taylor,13.0,10.0,7.0,1.0,12.0,5.0,11.0,15.0,0.0,0.0,0.0,0.0,1.44,4.75,6.5,1.45,4.87,7.03,1.37,5.66,8.0,1.44,4.95,6.75
3817,2024/25,2024-08-25,Bournemouth,Newcastle,1.0,1.0,D,1.0,0.0,D Coote,16.0,14.0,4.0,5.0,8.0,9.0,19.0,8.0,2.0,2.0,0.0,0.0,2.9,3.8,2.2,3.05,3.73,2.28,2.63,3.66,2.68,2.99,3.8,2.25
3818,2024/25,2024-08-25,Liverpool,Brentford,2.0,0.0,H,1.0,0.0,S Attwell,19.0,8.0,8.0,2.0,9.0,4.0,10.0,7.0,2.0,3.0,0.0,0.0,1.27,5.75,11.0,1.25,7.05,10.11,1.22,7.75,12.5,1.25,6.78,10.37
3819,2024/25,2024-08-25,Wolves,Chelsea,2.0,6.0,A,2.0,2.0,D England,12.0,14.0,4.0,8.0,5.0,5.0,13.0,13.0,2.0,3.0,0.0,0.0,4.33,4.0,1.75,4.46,4.03,1.78,3.91,3.94,1.93,4.37,4.0,1.77
3820,2024/25,2024-08-31,Arsenal,Brighton,1.0,1.0,D,1.0,0.0,C Kavanagh,11.0,22.0,7.0,4.0,3.0,7.0,12.0,7.0,3.0,2.0,1.0,0.0,1.33,5.5,8.5,1.34,5.87,8.1,1.37,5.48,8.43,1.35,5.66,8.11
3821,2024/25,2024-08-31,Brentford,Southampton,3.0,1.0,H,1.0,0.0,J Smith,20.0,18.0,7.0,6.0,2.0,8.0,10.0,7.0,2.0,1.0,0.0,0.0,1.75,3.9,4.33,1.79,3.9,4.51,1.82,3.91,4.46,1.77,3.97,4.46
3822,2024/25,2024-08-31,Everton,Bournemouth,2.0,3.0,A,0.0,0.0,S Attwell,18.0,17.0,8.0,7.0,8.0,4.0,6.0,1.0,2.0,1.0,0.0,0.0,2.75,3.4,2.55,2.82,3.38,2.62,3.14,3.45,2.39,2.78,3.4,2.59
3823,2024/25,2024-08-31,Ipswich,Fulham,1.0,1.0,D,1.0,1.0,L Smith,11.0,9.0,4.0,4.0,8.0,6.0,15.0,15.0,2.0,3.0,0.0,0.0,3.0,3.5,2.3,3.14,3.53,2.32,3.07,3.43,2.43,3.1,3.5,2.31
3824,2024/25,2024-08-31,Leicester,Aston Villa,1.0,2.0,A,0.0,1.0,D Coote,9.0,10.0,3.0,5.0,1.0,4.0,13.0,21.0,4.0,5.0,0.0,0.0,4.5,4.0,1.7,4.8,4.09,1.71,4.01,3.87,1.92,4.62,4.02,1.74
3825,2024/25,2024-08-31,Nott'm Forest,Wolves,1.0,1.0,D,1.0,1.0,S Hooper,16.0,11.0,5.0,3.0,7.0,3.0,15.0,18.0,3.0,4.0,0.0,0.0,2.0,3.7,3.7,2.02,3.7,3.71,2.0,3.7,3.88,2.03,3.66,3.65
3826,2024/25,2024-08-31,West Ham,Man City,1.0,3.0,A,1.0,2.0,M Oliver,10.0,23.0,2.0,8.0,3.0,11.0,10.0,3.0,3.0,2.0,0.0,0.0,7.0,5.5,1.38,7.69,5.64,1.37,7.7,5.25,1.41,7.57,5.49,1.38
3827,2024/25,2024-09-01,Chelsea,Crystal Palace,1.0,1.0,D,1.0,0.0,J Gillett,13.0,9.0,7.0,3.0,4.0,5.0,9.0,13.0,4.0,2.0,0.0,0.0,1.6,4.33,5.0,1.63,4.4,5.06,1.68,4.24,5.05,1.63,4.4,5.01
3828,2024/25,2024-09-01,Man United,Liverpool,0.0,3.0,A,0.0,2.0,A Taylor,8.0,11.0,3.0,3.0,5.0,2.0,7.0,7.0,4.0,1.0,0.0,0.0,3.7,4.2,1.85,3.93,4.31,1.82,3.51,4.11,2.0,3.82,4.2,1.85
3829,2024/25,2024-09-01,Newcastle,Tottenham,2.0,1.0,H,1.0,0.0,R Jones,9.0,20.0,3.0,6.0,7.0,12.0,16.0,13.0,4.0,4.0,0.0,0.0,2.5,4.0,2.5,2.5,3.96,2.62,2.53,3.89,2.66,2.51,3.97,2.56
3830,2024/25,2024-09-14,Aston Villa,Everton,3.0,2.0,H,1.0,2.0,C Pawson,17.0,6.0,8.0,2.0,6.0,2.0,10.0,12.0,1.0,4.0,0.0,0.0,1.5,4.2,6.5,1.51,4.45,6.48,1.68,4.0,5.44,1.51,4.48,6.34
3831,2024/25,2024-09-14,Bournemouth,Chelsea,0.0,1.0,A,0.0,0.0,A Taylor,19.0,10.0,7.0,3.0,6.0,3.0,16.0,9.0,6.0,8.0,0.0,0.0,3.4,3.8,2.0,3.32,3.97,2.06,3.17,3.79,2.23,3.33,3.96,2.05
3832,2024/25,2024-09-14,Brighton,Ipswich,0.0,0.0,D,0.0,0.0,S Barrott,21.0,6.0,6.0,1.0,9.0,2.0,14.0,16.0,4.0,3.0,0.0,0.0,1.38,5.0,7.5,1.38,5.13,8.05,1.53,4.61,6.22,1.38,5.16,7.89
3833,2024/25,2024-09-14,Crystal Palace,Leicester,2.0,2.0,D,0.0,1.0,T Harrington,20.0,9.0,4.0,4.0,5.0,2.0,11.0,15.0,0.0,3.0,0.0,0.0,1.62,4.0,5.5,1.62,4.13,5.48,1.67,4.02,5.43,1.63,4.14,5.38
3834,2024/25,2024-09-14,Fulham,West Ham,1.0,1.0,D,1.0,0.0,T Robinson,21.0,11.0,5.0,3.0,3.0,2.0,15.0,18.0,2.0,3.0,0.0,0.0,2.38,3.25,3.0,2.4,3.53,2.97,2.36,3.41,3.21,2.42,3.48,2.92
3835,2024/25,2024-09-14,Liverpool,Nott'm Forest,0.0,1.0,A,0.0,0.0,M Oliver,14.0,5.0,5.0,3.0,7.0,2.0,15.0,6.0,4.0,4.0,0.0,0.0,1.22,6.5,12.0,1.21,7.23,12.71,1.22,7.11,12.95,1.22,7.03,12.4
3836,2024/25,2024-09-14,Man City,Brentford,2.0,1.0,H,2.0,1.0,D Bond,18.0,8.0,7.0,5.0,12.0,3.0,9.0,3.0,3.0,1.0,0.0,0.0,1.18,8.0,12.0,1.17,8.43,14.62,1.21,7.2,13.92,1.17,8.2,14.79
3837,2024/25,2024-09-14,Southampton,Man United,0.0,3.0,A,0.0,2.0,S Attwell,6.0,20.0,4.0,10.0,0.0,7.0,11.0,14.0,1.0,4.0,1.0,0.0,4.5,4.0,1.7,4.5,4.13,1.74,4.2,4.12,1.82,4.56,4.04,1.74
3838,2024/25,2024-09-15,Tottenham,Arsenal,0.0,1.0,A,0.0,0.0,J Gillett,15.0,7.0,5.0,4.0,7.0,6.0,13.0,10.0,5.0,3.0,0.0,0.0,3.0,3.5,2.3,3.03,3.62,2.32,2.77,3.49,2.63,2.99,3.59,2.33
3839,2024/25,2024-09-15,Wolves,Newcastle,1.0,2.0,A,1.0,0.0,C Kavanagh,12.0,14.0,5.0,6.0,4.0,7.0,17.0,6.0,3.0,3.0,0.0,0.0,3.4,3.5,2.1,3.41,3.71,2.1,3.6,3.73,2.07,3.36,3.69,2.11
3840,2024/25,2024-09-21,Aston Villa,Wolves,3.0,1.0,H,0.0,1.0,T Robinson,9.0,10.0,4.0,4.0,6.0,5.0,11.0,16.0,3.0,6.0,0.0,0.0,1.57,4.2,5.25,1.59,4.47,5.44,1.67,4.21,5.16,1.59,4.39,5.35
3841,2024/25,2024-09-21,Crystal Palace,Man United,0.0,0.0,D,0.0,0.0,D Coote,9.0,15.0,4.0,6.0,4.0,11.0,7.0,12.0,3.0,1.0,0.0,0.0,2.88,3.75,2.3,2.92,3.76,2.35,2.8,3.55,2.57,2.85,3.72,2.36
3842,2024/25,2024-09-21,Fulham,Newcastle,3.0,1.0,H,2.0,0.0,P Bankes,22.0,15.0,11.0,4.0,6.0,0.0,16.0,8.0,6.0,0.0,0.0,0.0,3.0,3.4,2.4,2.89,3.54,2.47,3.02,3.57,2.41,2.86,3.51,2.45
3843,2024/25,2024-09-21,Leicester,Everton,1.0,1.0,D,0.0,1.0,D England,12.0,16.0,2.0,5.0,6.0,1.0,11.0,12.0,1.0,2.0,0.0,0.0,2.45,3.4,2.88,2.54,3.43,2.88,2.1,3.52,3.69,2.52,3.44,2.82
3844,2024/25,2024-09-21,Liverpool,Bournemouth,3.0,0.0,H,3.0,0.0,T Harrington,19.0,19.0,13.0,6.0,3.0,9.0,10.0,12.0,1.0,4.0,0.0,0.0,1.3,6.25,9.0,1.28,6.36,9.45,1.25,6.85,10.91,1.29,6.31,9.35
3845,2024/25,2024-09-21,Southampton,Ipswich,1.0,1.0,D,1.0,0.0,S Allison,11.0,13.0,3.0,6.0,2.0,10.0,16.0,16.0,4.0,4.0,0.0,0.0,2.25,3.5,3.2,2.27,3.5,3.24,2.42,3.48,3.06,2.25,3.52,3.17
3846,2024/25,2024-09-21,Tottenham,Brentford,3.0,1.0,H,2.0,1.0,J Brooks,23.0,6.0,10.0,6.0,9.0,4.0,11.0,9.0,3.0,1.0,0.0,0.0,1.55,4.5,5.5,1.55,4.77,5.48,1.48,5.1,6.23,1.55,4.72,5.41
3847,2024/25,2024-09-21,West Ham,Chelsea,0.0,3.0,A,0.0,2.0,S Barrott,15.0,12.0,7.0,5.0,6.0,5.0,17.0,9.0,5.0,2.0,0.0,0.0,3.6,3.9,1.95,3.59,3.93,1.99,3.59,3.94,2.01,3.49,3.89,2.01
3848,2024/25,2024-09-22,Brighton,Nott'm Forest,2.0,2.0,D,2.0,1.0,R Jones,14.0,4.0,3.0,3.0,9.0,1.0,12.0,11.0,3.0,4.0,0.0,1.0,1.75,3.75,4.75,1.79,3.91,4.51,1.84,3.82,4.45,1.86,3.83,4.21
3849,2024/25,2024-09-22,Man City,Arsenal,2.0,2.0,D,1.0,2.0,M Oliver,33.0,5.0,11.0,3.0,8.0,2.0,7.0,10.0,3.0,4.0,0.0,1.0,1.8,3.6,4.5,1.85,3.66,4.54,1.81,3.66,4.91,1.83,3.62,4.52
3850,2024/25,2024-09-28,Arsenal,Leicester,4.0,2.0,H,2.0,0.0,S Barrott,36.0,5.0,16.0,3.0,17.0,0.0,11.0,6.0,2.0,4.0,0.0,0.0,1.17,8.0,15.0,1.18,8.27,14.09,1.2,6.8,17.5,1.18,7.82,15.12
3851,2024/25,2024-09-28,Brentford,West Ham,1.0,1.0,D,1.0,0.0,S Hooper,8.0,19.0,3.0,3.0,7.0,7.0,2.0,11.0,2.0,3.0,0.0,0.0,2.2,3.5,3.2,2.23,3.63,3.22,2.26,3.56,3.27,2.23,3.62,3.16
3852,2024/25,2024-09-28,Chelsea,Brighton,4.0,2.0,H,4.0,2.0,P Bankes,15.0,15.0,7.0,5.0,8.0,2.0,11.0,8.0,3.0,2.0,0.0,0.0,1.73,4.2,4.2,1.75,4.3,4.32,1.81,4.2,4.15,1.74,4.23,4.35
3853,2024/25,2024-09-28,Everton,Crystal Palace,2.0,1.0,H,0.0,1.0,A Madley,8.0,17.0,2.0,5.0,5.0,8.0,13.0,11.0,2.0,1.0,0.0,0.0,2.7,3.3,2.63,2.76,3.35,2.69,2.79,3.35,2.7,2.73,3.39,2.63
3854,2024/25,2024-09-28,Newcastle,Man City,1.0,1.0,D,0.0,1.0,J Gillett,11.0,16.0,4.0,6.0,5.0,6.0,14.0,10.0,4.0,4.0,0.0,0.0,5.25,4.33,1.6,5.18,4.54,1.6,4.9,4.23,1.69,5.09,4.47,1.61
3855,2024/25,2024-09-28,Nott'm Forest,Fulham,0.0,1.0,A,0.0,0.0,J Smith,11.0,14.0,1.0,2.0,6.0,5.0,11.0,15.0,2.0,4.0,0.0,0.0,2.38,3.3,3.0,2.49,3.32,3.03,2.65,3.16,3.0,2.4,3.34,3.07
3856,2024/25,2024-09-28,Wolves,Liverpool,1.0,2.0,A,0.0,1.0,A Taylor,8.0,10.0,3.0,6.0,2.0,10.0,16.0,8.0,2.0,3.0,0.0,0.0,8.0,5.75,1.33,8.09,5.63,1.36,8.72,5.95,1.33,8.05,5.55,1.35
3857,2024/25,2024-09-29,Ipswich,Aston Villa,2.0,2.0,D,1.0,2.0,S Attwell,15.0,7.0,5.0,3.0,10.0,0.0,10.0,14.0,4.0,1.0,0.0,0.0,4.0,3.75,1.85,4.34,3.77,1.85,3.64,3.59,2.1,4.15,3.77,1.87
3858,2024/25,2024-09-29,Man United,Tottenham,0.0,3.0,A,0.0,1.0,C Kavanagh,11.0,24.0,2.0,10.0,5.0,3.0,16.0,14.0,5.0,3.0,1.0,0.0,2.35,3.75,2.75,2.42,3.9,2.75,2.12,3.89,3.27,2.36,3.89,2.77
3859,2024/25,2024-09-30,Bournemouth,Southampton,3.0,1.0,H,3.0,0.0,M Oliver,14.0,9.0,6.0,3.0,7.0,4.0,19.0,12.0,2.0,5.0,0.0,0.0,1.65,4.1,5.0,1.65,4.37,5.01,1.49,4.69,6.79,1.65,4.29,4.91
3860,2024/25,2024-10-05,Arsenal,Southampton,3.0,1.0,H,0.0,0.0,T Harrington,29.0,8.0,6.0,2.0,13.0,1.0,10.0,9.0,0.0,3.0,0.0,0.0,1.14,9.0,17.0,1.13,9.46,19.13,1.16,8.18,18.71,1.14,9.2,18.63
3861,2024/25,2024-10-05,Brentford,Wolves,5.0,3.0,H,4.0,2.0,A Madley,19.0,17.0,12.0,6.0,10.0,3.0,9.0,10.0,2.0,3.0,0.0,0.0,2.05,3.6,3.4,2.14,3.62,3.44,2.11,3.61,3.6,2.09,3.64,3.47
3862,2024/25,2024-10-05,Crystal Palace,Liverpool,0.0,1.0,A,0.0,1.0,S Hooper,9.0,16.0,5.0,4.0,3.0,8.0,7.0,15.0,4.0,2.0,0.0,0.0,6.0,4.5,1.5,6.38,4.71,1.5,5.14,4.1,1.69,6.36,4.65,1.49
3863,2024/25,2024-10-05,Everton,Newcastle,0.0,0.0,D,0.0,0.0,C Pawson,8.0,14.0,2.0,3.0,0.0,10.0,12.0,8.0,1.0,2.0,0.0,0.0,3.2,3.6,2.2,3.18,3.59,2.27,3.71,3.77,2.0,3.15,3.62,2.23
3864,2024/25,2024-10-05,Leicester,Bournemouth,1.0,0.0,H,1.0,0.0,D Bond,6.0,17.0,2.0,2.0,0.0,9.0,12.0,14.0,4.0,1.0,0.0,0.0,3.1,3.75,2.15,3.35,3.63,2.17,3.7,3.81,2.02,3.24,3.66,2.17
3865,2024/25,2024-10-05,Man City,Fulham,3.0,2.0,H,1.0,1.0,P Bankes,20.0,11.0,7.0,4.0,8.0,3.0,4.0,10.0,2.0,1.0,0.0,0.0,1.25,7.0,9.5,1.23,7.15,10.66,1.26,6.52,11.37,1.24,6.85,11.11
3866,2024/25,2024-10-05,West Ham,Ipswich,4.0,1.0,H,2.0,1.0,A Taylor,23.0,9.0,13.0,2.0,5.0,5.0,12.0,6.0,0.0,1.0,0.0,0.0,1.8,3.8,4.33,1.81,4.02,4.29,1.92,3.84,4.05,1.8,3.96,4.25
3867,2024/25,2024-10-06,Aston Villa,Man United,0.0,0.0,D,0.0,0.0,R Jones,11.0,10.0,1.0,4.0,6.0,3.0,12.0,11.0,1.0,5.0,0.0,0.0,2.2,3.75,3.0,2.22,3.87,3.09,2.23,3.84,3.13,2.21,3.82,3.06
3868,2024/25,2024-10-06,Brighton,Tottenham,3.0,2.0,H,0.0,2.0,D Coote,11.0,13.0,4.0,3.0,4.0,7.0,14.0,10.0,2.0,2.0,0.0,0.0,2.9,4.0,2.2,2.95,3.99,2.25,2.94,3.95,2.3,2.9,4.01,2.23
3869,2024/25,2024-10-06,Chelsea,Nott'm Forest,1.0,1.0,D,0.0,0.0,C Kavanagh,22.0,16.0,8.0,9.0,11.0,3.0,12.0,11.0,6.0,2.0,0.0,1.0,1.48,4.5,6.5,1.5,4.81,6.2,1.52,4.7,6.34,1.48,4.73,6.32
3870,2024/25,2024-10-19,Bournemouth,Arsenal,2.0,0.0,H,0.0,0.0,R Jones,13.0,6.0,4.0,1.0,7.0,4.0,12.0,11.0,1.0,1.0,0.0,1.0,5.0,3.9,1.65,5.01,4.13,1.68,5.17,3.71,1.76,4.94,4.09,1.68
3871,2024/25,2024-10-19,Fulham,Aston Villa,1.0,3.0,A,1.0,1.0,D England,10.0,14.0,4.0,5.0,6.0,11.0,8.0,11.0,3.0,3.0,1.0,1.0,2.45,3.5,2.8,2.46,3.5,2.94,2.48,3.46,2.98,2.44,3.5,2.89
3872,2024/25,2024-10-19,Ipswich,Everton,0.0,2.0,A,0.0,2.0,M Oliver,13.0,11.0,2.0,8.0,5.0,8.0,12.0,10.0,1.0,1.0,0.0,0.0,2.38,3.3,3.0,2.4,3.43,3.07,2.44,3.43,3.06,2.4,3.42,3.01
3873,2024/25,2024-10-19,Man United,Brentford,2.0,1.0,H,0.0,1.0,S Barrott,23.0,8.0,11.0,2.0,9.0,2.0,14.0,5.0,2.0,2.0,0.0,0.0,1.7,4.2,4.5,1.72,4.37,4.43,1.67,4.41,4.92,1.71,4.28,4.48
3874,2024/25,2024-10-19,Newcastle,Brighton,0.0,1.0,A,0.0,1.0,P Bankes,21.0,10.0,6.0,5.0,9.0,4.0,11.0,9.0,2.0,2.0,0.0,0.0,1.95,3.7,3.6,2.01,3.91,3.55,1.75,4.08,4.67,2.01,3.88,3.51
3875,2024/25,2024-10-19,Southampton,Leicester,2.0,3.0,A,2.0,0.0,A Taylor,14.0,18.0,7.0,4.0,10.0,6.0,10.0,10.0,5.0,3.0,1.0,0.0,2.3,3.5,3.0,2.34,3.53,3.09,2.23,3.5,3.41,2.33,3.54,3.03
3876,2024/25,2024-10-19,Tottenham,West Ham,4.0,1.0,H,1.0,1.0,A Madley,22.0,11.0,7.0,4.0,13.0,5.0,10.0,15.0,1.0,3.0,0.0,1.0,1.5,5.0,5.25,1.5,5.01,5.88,1.45,5.45,6.25,1.5,4.91,5.73
3877,2024/25,2024-10-20,Liverpool,Chelsea,2.0,1.0,H,1.0,0.0,J Brooks,9.0,12.0,5.0,2.0,1.0,6.0,12.0,13.0,4.0,3.0,0.0,0.0,1.62,4.1,5.0,1.62,4.47,5.08,1.72,4.4,4.55,1.63,4.39,4.89
3878,2024/25,2024-10-20,Wolves,Man City,1.0,2.0,A,1.0,1.0,C Kavanagh,3.0,22.0,2.0,7.0,1.0,18.0,8.0,5.0,4.0,1.0,0.0,0.0,8.0,6.0,1.33,9.01,5.92,1.32,8.08,5.46,1.38,8.88,5.85,1.31
3879,2024/25,2024-10-21,Nott'm Forest,Crystal Palace,1.0,0.0,H,0.0,0.0,T Robinson,20.0,20.0,6.0,7.0,6.0,6.0,9.0,12.0,2.0,3.0,0.0,0.0,2.3,3.5,3.0,2.41,3.28,3.19,2.38,3.3,3.29,2.36,3.31,3.11
3880,2024/25,2024-10-25,Leicester,Nott'm Forest,1.0,3.0,A,1.0,1.0,C Pawson,11.0,20.0,1.0,5.0,6.0,7.0,16.0,9.0,5.0,2.0,0.0,0.0,3.0,3.3,2.4,3.14,3.35,2.43,3.07,3.4,2.46,3.09,3.32,2.41
3881,2024/25,2024-10-26,Aston Villa,Bournemouth,1.0,1.0,D,0.0,0.0,A Madley,18.0,11.0,8.0,3.0,9.0,7.0,12.0,14.0,7.0,6.0,0.0,0.0,1.85,3.9,3.8,1.86,4.0,4.03,1.79,3.97,4.54,1.86,3.97,3.97
3882,2024/25,2024-10-26,Brentford,Ipswich,4.0,3.0,H,2.0,2.0,L Smith,20.0,11.0,9.0,5.0,5.0,5.0,7.0,10.0,0.0,1.0,0.0,1.0,1.65,4.33,4.75,1.65,4.35,4.94,1.68,4.16,5.19,1.67,4.27,4.86
3883,2024/25,2024-10-26,Brighton,Wolves,2.0,2.0,D,1.0,0.0,M Oliver,19.0,14.0,6.0,7.0,9.0,6.0,12.0,10.0,3.0,3.0,0.0,0.0,1.62,4.5,4.5,1.66,4.34,4.9,1.58,4.41,5.79,1.64,4.32,4.94
3884,2024/25,2024-10-26,Everton,Fulham,1.0,1.0,D,0.0,0.0,J Brooks,10.0,14.0,5.0,3.0,4.0,2.0,8.0,8.0,1.0,0.0,0.0,0.0,2.75,3.25,2.63,2.8,3.38,2.63,2.71,3.36,2.73,2.76,3.37,2.6
3885,2024/25,2024-10-26,Man City,Southampton,1.0,0.0,H,1.0,0.0,T Harrington,22.0,5.0,8.0,2.0,12.0,1.0,9.0,9.0,1.0,3.0,0.0,0.0,1.11,10.0,17.0,1.1,11.9,20.73,1.12,10.5,23.0,1.11,10.94,21.04
3886,2024/25,2024-10-27,Arsenal,Liverpool,2.0,2.0,D,2.0,1.0,A Taylor,9.0,9.0,3.0,4.0,1.0,3.0,14.0,14.0,2.0,2.0,0.0,0.0,2.5,3.25,2.9,2.54,3.4,2.9,2.27,3.46,3.35,2.49,3.37,2.89
3887,2024/25,2024-10-27,Chelsea,Newcastle,2.0,1.0,H,1.0,1.0,S Hooper,17.0,11.0,7.0,3.0,7.0,4.0,13.0,16.0,6.0,3.0,0.0,0.0,1.73,4.33,4.2,1.75,4.35,4.28,1.82,4.03,4.29,1.76,4.26,4.15
3888,2024/25,2024-10-27,Crystal Palace,Tottenham,1.0,0.0,H,1.0,0.0,D Bond,14.0,11.0,6.0,3.0,8.0,8.0,16.0,12.0,4.0,4.0,0.0,0.0,3.9,4.0,1.83,4.05,3.98,1.86,3.78,3.97,1.95,3.97,3.97,1.85
3889,2024/25,2024-10-27,West Ham,Man United,2.0,1.0,H,0.0,0.0,D Coote,12.0,18.0,3.0,5.0,6.0,5.0,6.0,7.0,5.0,1.0,0.0,0.0,2.88,3.75,2.3,2.94,3.73,2.35,3.39,3.72,2.15,2.89,3.71,2.33
3890,2024/25,2024-11-02,Bournemouth,Man City,2.0,1.0,H,1.0,0.0,M Oliver,12.0,18.0,6.0,4.0,3.0,10.0,11.0,6.0,2.0,1.0,0.0,0.0,5.5,4.2,1.57,5.29,4.48,1.6,6.11,4.42,1.56,5.32,4.44,1.59
3891,2024/25,2024-11-02,Ipswich,Leicester,1.0,1.0,D,0.0,0.0,T Robinson,14.0,20.0,2.0,6.0,4.0,6.0,11.0,10.0,4.0,2.0,1.0,0.0,2.25,3.5,3.1,2.28,3.63,3.13,2.36,3.54,3.09,2.27,3.61,3.09
3892,2024/25,2024-11-02,Liverpool,Brighton,2.0,1.0,H,0.0,1.0,T Harrington,16.0,13.0,8.0,5.0,10.0,7.0,10.0,18.0,1.0,1.0,0.0,0.0,1.4,5.0,7.5,1.39,5.54,7.11,1.36,5.79,7.93,1.39,5.4,7.12
3893,2024/25,2024-11-02,Newcastle,Arsenal,1.0,0.0,H,1.0,0.0,J Brooks,9.0,10.0,4.0,1.0,4.0,6.0,16.0,18.0,4.0,4.0,0.0,0.0,3.75,3.75,1.95,3.85,3.69,1.99,4.03,3.69,1.96,3.77,3.69,1.98
3894,2024/25,2024-11-02,Nott'm Forest,West Ham,3.0,0.0,H,1.0,0.0,P Bankes,19.0,4.0,6.0,2.0,11.0,6.0,7.0,9.0,1.0,2.0,0.0,1.0,2.15,3.5,3.4,2.15,3.51,3.53,2.05,3.46,3.95,2.15,3.52,3.43
3895,2024/25,2024-11-02,Southampton,Everton,1.0,0.0,H,0.0,0.0,A Madley,9.0,16.0,2.0,5.0,3.0,6.0,14.0,18.0,4.0,2.0,0.0,0.0,2.63,3.4,2.63,2.7,3.45,2.69,2.72,3.31,2.8,2.65,3.48,2.66
3896,2024/25,2024-11-02,Wolves,Crystal Palace,2.0,2.0,D,0.0,0.0,A Taylor,11.0,19.0,6.0,7.0,3.0,6.0,7.0,9.0,1.0,2.0,0.0,0.0,2.5,3.4,2.88,2.55,3.34,2.92,2.44,3.34,3.13,2.53,3.4,2.85
3897,2024/25,2024-11-03,Man United,Chelsea,1.0,1.0,D,0.0,0.0,R Jones,11.0,12.0,4.0,3.0,4.0,8.0,19.0,14.0,6.0,2.0,0.0,0.0,2.6,3.5,2.6,2.61,3.81,2.58,2.72,3.65,2.59,2.58,3.78,2.56
3898,2024/25,2024-11-03,Tottenham,Aston Villa,4.0,1.0,H,0.0,1.0,C Pawson,16.0,12.0,6.0,1.0,6.0,4.0,14.0,14.0,2.0,0.0,0.0,0.0,1.91,4.0,3.6,1.97,4.07,3.55,1.99,4.04,3.59,1.93,4.07,3.55
3899,2024/25,2024-11-04,Fulham,Brentford,2.0,1.0,H,0.0,1.0,S Attwell,26.0,5.0,12.0,2.0,11.0,3.0,3.0,10.0,2.0,1.0,0.0,0.0,2.0,3.7,3.5,2.04,3.73,3.61,2.02,3.76,3.73,2.03,3.73,3.52
3900,2024/25,2024-11-09,Brentford,Bournemouth,3.0,2.0,H,1.0,1.0,D Bond,12.0,15.0,6.0,3.0,6.0,4.0,8.0,16.0,2.0,4.0,0.0,0.0,2.5,3.5,2.7,2.59,3.56,2.73,2.64,3.53,2.74,2.53,3.59,2.72
3901,2024/25,2024-11-09,Brighton,Man City,2.0,1.0,H,0.0,1.0,S Barrott,10.0,15.0,4.0,6.0,0.0,4.0,12.0,10.0,3.0,3.0,0.0,0.0,4.1,4.2,1.73,4.49,4.18,1.74,4.1,4.15,1.83,4.34,4.17,1.75
3902,2024/25,2024-11-09,Crystal Palace,Fulham,0.0,2.0,A,0.0,1.0,M Salisbury,13.0,17.0,5.0,7.0,1.0,8.0,10.0,11.0,1.0,1.0,1.0,0.0,2.7,3.5,2.55,2.79,3.44,2.6,3.37,3.3,2.34,2.7,3.48,2.61
3903,2024/25,2024-11-09,Liverpool,Aston Villa,2.0,0.0,H,1.0,0.0,D Coote,14.0,12.0,5.0,2.0,2.0,9.0,11.0,15.0,0.0,3.0,0.0,0.0,1.42,5.25,6.5,1.42,5.45,6.7,1.47,4.9,7.0,1.42,5.26,6.7
3904,2024/25,2024-11-09,West Ham,Everton,0.0,0.0,D,0.0,0.0,S Attwell,11.0,18.0,6.0,4.0,7.0,6.0,10.0,9.0,1.0,2.0,0.0,0.0,2.15,3.4,3.4,2.2,3.55,3.37,2.17,3.53,3.52,2.18,3.47,3.38
3905,2024/25,2024-11-09,Wolves,Southampton,2.0,0.0,H,1.0,0.0,T Bramall,8.0,9.0,4.0,0.0,1.0,9.0,14.0,12.0,1.0,4.0,0.0,0.0,1.91,3.75,3.75,1.99,3.84,3.7,1.95,3.75,4.01,1.96,3.84,3.67
3906,2024/25,2024-11-10,Chelsea,Arsenal,1.0,1.0,D,0.0,0.0,M Oliver,17.0,13.0,3.0,3.0,4.0,3.0,12.0,12.0,4.0,2.0,0.0,0.0,2.7,3.4,2.55,2.75,3.53,2.59,3.0,3.35,2.52,2.75,3.49,2.53
3907,2024/25,2024-11-10,Man United,Leicester,3.0,0.0,H,2.0,0.0,P Bankes,13.0,6.0,3.0,5.0,1.0,5.0,9.0,5.0,0.0,1.0,0.0,0.0,1.38,5.5,6.5,1.39,5.34,7.62,1.35,5.62,8.93,1.39,5.35,7.46
3908,2024/25,2024-11-10,Nott'm Forest,Newcastle,1.0,3.0,A,1.0,0.0,A Taylor,9.0,17.0,3.0,6.0,4.0,5.0,13.0,6.0,1.0,1.0,0.0,0.0,2.7,3.3,2.7,2.71,3.29,2.78,2.81,3.3,2.72,2.69,3.31,2.72
3909,2024/25,2024-11-10,Tottenham,Ipswich,1.0,2.0,A,0.0,2.0,D England,17.0,8.0,5.0,3.0,12.0,2.0,10.0,19.0,1.0,5.0,0.0,0.0,1.25,6.5,9.0,1.25,6.95,9.87,1.26,6.72,10.66,1.26,6.76,9.98
3910,2024/25,2024-11-23,Arsenal,Nott'm Forest,3.0,0.0,H,1.0,0.0,S Hooper,19.0,7.0,7.0,0.0,8.0,1.0,10.0,1.0,3.0,2.0,0.0,0.0,1.38,4.75,9.0,1.38,5.03,8.73,1.41,4.8,8.86,1.37,4.97,8.9
3911,2024/25,2024-11-23,Aston Villa,Crystal Palace,2.0,2.0,D,1.0,2.0,T Robinson,17.0,13.0,5.0,6.0,10.0,1.0,10.0,11.0,3.0,2.0,0.0,0.0,1.62,4.0,5.5,1.63,4.06,5.59,1.75,3.84,5.01,1.63,4.11,5.45
3912,2024/25,2024-11-23,Bournemouth,Brighton,1.0,2.0,A,0.0,1.0,S Attwell,19.0,6.0,5.0,4.0,7.0,0.0,13.0,10.0,2.0,2.0,0.0,1.0,2.4,3.6,2.8,2.42,3.62,2.91,2.49,3.6,2.88,2.41,3.62,2.86
3913,2024/25,2024-11-23,Everton,Brentford,0.0,0.0,D,0.0,0.0,C Kavanagh,27.0,9.0,5.0,2.0,10.0,4.0,8.0,10.0,0.0,0.0,0.0,1.0,2.45,3.4,2.88,2.5,3.38,2.97,2.38,3.42,3.18,2.46,3.41,2.94
3914,2024/25,2024-11-23,Fulham,Wolves,1.0,4.0,A,1.0,1.0,R Jones,10.0,10.0,3.0,5.0,7.0,2.0,14.0,14.0,3.0,0.0,0.0,0.0,1.62,4.0,5.25,1.64,4.11,5.43,1.57,4.43,5.91,1.65,4.09,5.23
3915,2024/25,2024-11-23,Leicester,Chelsea,1.0,2.0,A,0.0,1.0,A Madley,4.0,16.0,1.0,7.0,2.0,9.0,15.0,12.0,4.0,3.0,0.0,0.0,6.5,4.75,1.44,7.05,4.78,1.46,7.0,5.05,1.45,6.75,4.81,1.46
3916,2024/25,2024-11-23,Man City,Tottenham,0.0,4.0,A,0.0,2.0,J Brooks,23.0,9.0,5.0,7.0,9.0,3.0,19.0,9.0,4.0,2.0,0.0,0.0,1.48,4.75,6.0,1.48,4.98,6.13,1.44,5.28,6.71,1.49,5.01,5.92
3917,2024/25,2024-11-24,Ipswich,Man United,1.0,1.0,D,1.0,1.0,A Taylor,11.0,11.0,6.0,4.0,4.0,3.0,11.0,10.0,0.0,0.0,0.0,0.0,5.25,4.0,1.62,5.24,4.25,1.64,5.15,4.16,1.68,5.06,4.22,1.63
3918,2024/25,2024-11-24,Southampton,Liverpool,2.0,3.0,A,1.0,1.0,S Barrott,7.0,27.0,5.0,11.0,3.0,10.0,11.0,9.0,3.0,4.0,0.0,0.0,11.0,5.75,1.27,10.83,5.79,1.28,10.0,5.95,1.31,10.4,5.96,1.28
3919,2024/25,2024-11-25,Newcastle,West Ham,0.0,2.0,A,0.0,1.0,C Pawson,18.0,15.0,2.0,6.0,8.0,3.0,11.0,8.0,1.0,0.0,0.0,0.0,1.5,4.5,6.0,1.5,4.58,6.49,1.5,4.71,6.64,1.5,4.57,6.21
3920,2024/25,2024-11-29,Brighton,Southampton,1.0,1.0,D,1.0,0.0,R Jones,22.0,10.0,5.0,2.0,7.0,6.0,20.0,16.0,2.0,4.0,0.0,0.0,1.38,5.0,7.5,1.39,5.33,7.66,1.38,5.68,7.25,1.39,5.29,7.57
3921,2024/25,2024-11-30,Brentford,Leicester,4.0,1.0,H,3.0,1.0,M Oliver,13.0,7.0,6.0,3.0,5.0,4.0,9.0,10.0,1.0,1.0,0.0,0.0,1.65,4.2,4.75,1.65,4.33,4.98,1.63,4.36,5.38,1.66,4.24,4.87
3922,2024/25,2024-11-30,Crystal Palace,Newcastle,1.0,1.0,D,0.0,0.0,D England,16.0,1.0,4.0,0.0,8.0,9.0,12.0,11.0,3.0,3.0,0.0,0.0,2.9,3.6,2.3,3.16,3.52,2.31,3.3,3.53,2.27,3.04,3.56,2.3
3923,2024/25,2024-11-30,Nott'm Forest,Ipswich,1.0,0.0,H,0.0,0.0,T Harrington,12.0,7.0,5.0,3.0,8.0,7.0,5.0,16.0,1.0,3.0,0.0,0.0,1.7,3.8,4.75,1.78,3.75,4.85,1.74,3.98,4.94,1.75,3.82,4.79
3924,2024/25,2024-11-30,West Ham,Arsenal,2.0,5.0,A,2.0,5.0,A Taylor,12.0,16.0,5.0,7.0,2.0,10.0,10.0,13.0,4.0,1.0,0.0,0.0,7.0,4.5,1.45,7.07,4.76,1.46,7.34,4.89,1.45,7.09,4.68,1.46
3925,2024/25,2024-11-30,Wolves,Bournemouth,2.0,4.0,A,1.0,3.0,P Bankes,10.0,12.0,3.0,8.0,3.0,4.0,13.0,11.0,4.0,1.0,0.0,0.0,2.8,3.6,2.4,2.86,3.6,2.46,2.75,3.48,2.66,2.81,3.61,2.44
3926,2024/25,2024-12-01,Chelsea,Aston Villa,3.0,0.0,H,2.0,0.0,S Attwell,17.0,10.0,8.0,4.0,3.0,4.0,21.0,6.0,2.0,2.0,0.0,0.0,1.7,4.1,4.5,1.7,4.3,4.6,1.75,4.07,4.69,1.71,4.21,4.51
3927,2024/25,2024-12-01,Liverpool,Man City,2.0,0.0,H,1.0,0.0,C Kavanagh,18.0,8.0,7.0,2.0,7.0,4.0,9.0,8.0,1.0,3.0,0.0,0.0,2.1,3.6,3.3,2.08,3.76,3.48,2.06,3.76,3.6,2.09,3.7,3.37
3928,2024/25,2024-12-01,Man United,Everton,4.0,0.0,H,2.0,0.0,J Brooks,11.0,8.0,5.0,2.0,2.0,2.0,12.0,12.0,2.0,3.0,0.0,0.0,1.53,4.2,6.0,1.55,4.36,6.17,1.62,4.07,5.98,1.54,4.33,6.08
3929,2024/25,2024-12-01,Tottenham,Fulham,1.0,1.0,D,0.0,0.0,D Bond,8.0,14.0,3.0,6.0,7.0,11.0,4.0,14.0,0.0,1.0,0.0,1.0,1.7,4.5,4.1,1.75,4.35,4.28,1.98,4.06,3.61,1.72,4.35,4.24
3930,2024/25,2024-12-03,Ipswich,Crystal Palace,0.0,1.0,A,0.0,0.0,C Pawson,9.0,13.0,2.0,3.0,4.0,7.0,14.0,13.0,2.0,4.0,0.0,0.0,3.0,3.4,2.35,3.15,3.41,2.39,3.35,3.39,2.3,3.09,3.37,2.38
3931,2024/25,2024-12-03,Leicester,West Ham,3.0,1.0,H,1.0,0.0,J Smith,8.0,31.0,6.0,10.0,3.0,9.0,9.0,7.0,2.0,2.0,0.0,0.0,2.9,3.4,2.38,2.95,3.43,2.52,3.04,3.5,2.43,2.9,3.44,2.47
3932,2024/25,2024-12-04,Arsenal,Man United,2.0,0.0,H,0.0,0.0,S Barrott,14.0,5.0,6.0,2.0,13.0,0.0,12.0,8.0,1.0,3.0,0.0,0.0,1.44,4.5,7.0,1.45,4.87,7.03,1.48,4.89,6.64,1.46,4.73,6.92
3933,2024/25,2024-12-04,Aston Villa,Brentford,3.0,1.0,H,3.0,0.0,L Smith,20.0,9.0,10.0,1.0,10.0,5.0,11.0,15.0,2.0,2.0,0.0,0.0,1.8,3.75,4.33,1.8,3.91,4.44,1.68,4.23,5.06,1.8,4.01,4.24
3934,2024/25,2024-12-04,Everton,Wolves,4.0,0.0,H,2.0,0.0,M Salisbury,13.0,6.0,4.0,2.0,3.0,4.0,10.0,8.0,2.0,0.0,0.0,0.0,2.1,3.4,3.5,2.16,3.4,3.62,2.14,3.36,3.8,2.14,3.46,3.51
3935,2024/25,2024-12-04,Man City,Nott'm Forest,3.0,0.0,H,2.0,0.0,M Oliver,17.0,12.0,7.0,3.0,8.0,2.0,7.0,15.0,2.0,4.0,0.0,0.0,1.36,4.75,9.0,1.36,5.41,8.26,1.31,5.88,10.02,1.37,5.21,8.25
3936,2024/25,2024-12-04,Newcastle,Liverpool,3.0,3.0,D,1.0,0.0,A Madley,17.0,16.0,6.0,5.0,5.0,6.0,9.0,17.0,2.0,5.0,0.0,0.0,4.2,4.0,1.75,4.29,4.04,1.8,3.68,3.74,2.04,4.27,4.04,1.78
3937,2024/25,2024-12-04,Southampton,Chelsea,1.0,5.0,A,1.0,3.0,T Harrington,6.0,26.0,4.0,13.0,5.0,7.0,7.0,14.0,1.0,0.0,1.0,0.0,8.5,5.25,1.33,8.92,5.79,1.33,9.07,5.95,1.33,8.39,5.64,1.34
3938,2024/25,2024-12-05,Bournemouth,Tottenham,1.0,0.0,H,1.0,0.0,S Hooper,21.0,12.0,8.0,4.0,5.0,9.0,15.0,8.0,2.0,2.0,0.0,0.0,2.63,3.75,2.45,2.67,3.92,2.47,2.21,3.97,3.06,2.65,3.92,2.42
3939,2024/25,2024-12-05,Fulham,Brighton,3.0,1.0,H,1.0,0.0,P Bankes,6.0,13.0,2.0,3.0,5.0,6.0,7.0,8.0,2.0,2.0,0.0,0.0,2.35,3.6,2.88,2.37,3.69,2.94,2.64,3.65,2.7,2.33,3.65,2.92
3940,2024/25,2024-12-07,Aston Villa,Southampton,1.0,0.0,H,1.0,0.0,D Bond,18.0,4.0,5.0,0.0,14.0,1.0,18.0,15.0,1.0,3.0,0.0,0.0,1.36,5.5,7.0,1.37,5.48,7.77,1.33,5.79,9.42,1.37,5.41,7.78
3941,2024/25,2024-12-07,Brentford,Newcastle,4.0,2.0,H,2.0,2.0,T Robinson,11.0,16.0,8.0,3.0,3.0,4.0,10.0,7.0,3.0,0.0,0.0,0.0,2.88,3.75,2.3,2.88,3.75,2.38,3.02,3.74,2.33,2.86,3.74,2.36
3942,2024/25,2024-12-07,Crystal Palace,Man City,2.0,2.0,D,1.0,1.0,R Jones,12.0,12.0,3.0,4.0,6.0,8.0,4.0,10.0,1.0,0.0,0.0,1.0,5.5,4.2,1.57,5.38,4.39,1.6,4.69,4.04,1.76,5.39,4.33,1.6
3943,2024/25,2024-12-07,Man United,Nott'm Forest,2.0,3.0,A,1.0,1.0,D England,17.0,11.0,7.0,3.0,5.0,3.0,10.0,13.0,0.0,2.0,0.0,0.0,1.65,3.9,5.25,1.68,4.05,5.18,1.69,3.98,5.33,1.67,4.05,5.12
3944,2024/25,2024-12-08,Fulham,Arsenal,1.0,1.0,D,1.0,0.0,C Kavanagh,2.0,12.0,2.0,4.0,0.0,6.0,10.0,9.0,4.0,2.0,0.0,0.0,5.0,4.33,1.6,5.33,4.22,1.63,5.5,4.2,1.64,5.4,4.24,1.61
3945,2024/25,2024-12-08,Ipswich,Bournemouth,1.0,2.0,A,1.0,0.0,M Salisbury,18.0,22.0,5.0,6.0,6.0,13.0,9.0,13.0,2.0,1.0,0.0,0.0,3.5,3.75,2.0,3.68,3.76,2.01,3.92,3.82,1.95,3.57,3.73,2.02
3946,2024/25,2024-12-08,Leicester,Brighton,2.0,2.0,D,0.0,1.0,S Attwell,10.0,16.0,3.0,7.0,5.0,5.0,9.0,10.0,1.0,2.0,0.0,0.0,4.5,3.8,1.73,4.69,4.07,1.73,4.98,4.27,1.68,4.48,4.02,1.75
3947,2024/25,2024-12-08,Tottenham,Chelsea,3.0,4.0,A,2.0,1.0,A Taylor,13.0,17.0,5.0,8.0,5.0,10.0,17.0,11.0,2.0,2.0,0.0,0.0,3.4,3.9,2.0,3.23,4.13,2.07,2.93,4.1,2.25,3.21,4.04,2.07
3948,2024/25,2024-12-09,West Ham,Wolves,2.0,1.0,H,0.0,0.0,J Brooks,19.0,19.0,4.0,5.0,11.0,0.0,12.0,17.0,5.0,4.0,0.0,0.0,1.9,3.9,3.75,1.95,3.88,3.76,1.82,3.99,4.37,1.91,3.85,3.81
3949,2024/25,2024-12-14,Arsenal,Everton,0.0,0.0,D,0.0,0.0,C Pawson,13.0,2.0,5.0,0.0,8.0,2.0,6.0,9.0,0.0,3.0,0.0,0.0,1.22,6.5,12.0,1.23,6.63,12.95,1.25,6.5,13.0,1.23,6.33,13.36
3950,2024/25,2024-12-14,Liverpool,Fulham,2.0,2.0,D,0.0,1.0,T Harrington,16.0,12.0,4.0,3.0,5.0,4.0,10.0,7.0,3.0,4.0,1.0,0.0,1.33,5.5,8.0,1.32,6.04,8.88,1.29,6.13,9.62,1.32,5.75,8.89
3951,2024/25,2024-12-14,Newcastle,Leicester,4.0,0.0,H,1.0,0.0,T Bramall,27.0,4.0,11.0,1.0,5.0,2.0,7.0,16.0,3.0,3.0,0.0,0.0,1.3,6.0,8.5,1.3,6.02,8.95,1.29,6.29,9.49,1.31,5.83,9.08
3952,2024/25,2024-12-14,Nott'm Forest,Aston Villa,2.0,1.0,H,0.0,0.0,S Barrott,17.0,8.0,6.0,2.0,4.0,3.0,12.0,6.0,0.0,1.0,0.0,0.0,2.63,3.3,2.7,2.67,3.38,2.76,2.73,3.28,2.81,2.64,3.39,2.68
3953,2024/25,2024-12-14,Wolves,Ipswich,1.0,2.0,A,0.0,1.0,S Hooper,16.0,10.0,6.0,5.0,7.0,3.0,13.0,9.0,0.0,2.0,1.0,0.0,1.9,3.8,3.8,1.91,3.91,3.93,2.0,3.65,3.93,1.9,3.83,3.85
3954,2024/25,2024-12-15,Brighton,Crystal Palace,1.0,3.0,A,0.0,2.0,M Oliver,17.0,13.0,5.0,5.0,8.0,5.0,11.0,15.0,1.0,4.0,0.0,0.0,1.85,3.8,3.9,1.9,3.89,3.97,1.92,3.73,4.14,1.89,3.82,3.9
3955,2024/25,2024-12-15,Chelsea,Brentford,2.0,1.0,H,1.0,0.0,P Bankes,26.0,9.0,8.0,4.0,8.0,5.0,11.0,7.0,0.0,2.0,1.0,0.0,1.33,6.0,7.5,1.33,6.05,8.44,1.32,6.3,8.25,1.33,5.89,8.08
3956,2024/25,2024-12-15,Man City,Man United,1.0,2.0,A,1.0,0.0,A Taylor,10.0,10.0,3.0,3.0,8.0,2.0,5.0,14.0,1.0,1.0,0.0,0.0,1.57,4.5,5.0,1.6,4.65,5.07,1.53,4.9,5.85,1.58,4.59,5.04
3957,2024/25,2024-12-15,Southampton,Tottenham,0.0,5.0,A,0.0,5.0,D England,9.0,18.0,3.0,9.0,2.0,5.0,8.0,15.0,1.0,3.0,0.0,0.0,4.33,4.5,1.67,4.47,4.51,1.69,4.04,4.49,1.79,4.29,4.47,1.69
3958,2024/25,2024-12-16,Bournemouth,West Ham,1.0,1.0,D,0.0,0.0,C Kavanagh,29.0,16.0,9.0,3.0,12.0,6.0,6.0,11.0,0.0,2.0,0.0,0.0,1.7,4.0,4.75,1.72,4.27,4.49,1.78,4.13,4.42,1.71,4.19,4.43
3959,2024/25,2024-12-21,Aston Villa,Man City,2.0,1.0,H,1.0,0.0,P Bankes,11.0,12.0,6.0,6.0,5.0,4.0,14.0,7.0,3.0,3.0,0.0,0.0,3.25,3.7,2.1,3.3,3.79,2.14,3.21,3.7,2.24,3.29,3.71,2.12
3960,2024/25,2024-12-21,Brentford,Nott'm Forest,0.0,2.0,A,0.0,1.0,M Oliver,7.0,10.0,3.0,6.0,9.0,5.0,9.0,14.0,3.0,4.0,0.0,0.0,2.3,3.6,2.9,2.39,3.47,3.07,2.53,3.66,2.78,2.35,3.52,2.99
3961,2024/25,2024-12-21,Crystal Palace,Arsenal,1.0,5.0,A,1.0,3.0,S Hooper,15.0,14.0,6.0,6.0,3.0,3.0,9.0,8.0,2.0,2.0,0.0,0.0,6.25,4.2,1.55,6.75,4.17,1.54,7.6,4.6,1.47,6.08,4.11,1.57
3962,2024/25,2024-12-21,Ipswich,Newcastle,0.0,4.0,A,0.0,3.0,S Attwell,10.0,15.0,2.0,7.0,2.0,1.0,9.0,7.0,2.0,0.0,0.0,0.0,4.75,3.75,1.73,4.69,4.02,1.74,4.6,4.24,1.73,4.61,3.95,1.74
3963,2024/25,2024-12-21,West Ham,Brighton,1.0,1.0,D,0.0,0.0,R Jones,11.0,12.0,4.0,6.0,8.0,4.0,14.0,20.0,2.0,2.0,0.0,0.0,2.88,3.7,2.35,2.8,3.83,2.41,2.83,3.68,2.48,2.8,3.75,2.38
3964,2024/25,2024-12-22,Everton,Chelsea,0.0,0.0,D,0.0,0.0,C Kavanagh,5.0,12.0,4.0,5.0,2.0,5.0,20.0,12.0,4.0,1.0,0.0,0.0,5.0,4.2,1.62,5.48,4.09,1.64,5.01,4.11,1.69,5.18,4.13,1.63
3965,2024/25,2024-12-22,Fulham,Southampton,0.0,0.0,D,0.0,0.0,T Robinson,16.0,5.0,5.0,1.0,6.0,5.0,8.0,15.0,1.0,3.0,0.0,0.0,1.42,4.75,7.0,1.42,5.06,7.35,1.68,4.15,5.88,1.42,4.96,7.21
3966,2024/25,2024-12-22,Leicester,Wolves,0.0,3.0,A,0.0,3.0,A Taylor,9.0,8.0,5.0,4.0,6.0,1.0,15.0,16.0,2.0,0.0,0.0,0.0,2.55,3.4,2.7,2.63,3.58,2.68,3.05,3.51,2.41,2.55,3.56,2.69
3967,2024/25,2024-12-22,Man United,Bournemouth,0.0,3.0,A,0.0,1.0,C Pawson,23.0,10.0,7.0,5.0,13.0,1.0,11.0,11.0,1.0,3.0,0.0,0.0,1.8,3.8,4.2,1.86,3.87,4.16,1.88,3.8,4.25,1.85,3.88,4.07
3968,2024/25,2024-12-22,Tottenham,Liverpool,3.0,6.0,A,1.0,3.0,S Barrott,9.0,24.0,5.0,12.0,7.0,5.0,7.0,9.0,1.0,2.0,0.0,0.0,4.5,4.0,1.73,4.47,4.37,1.71,4.9,4.55,1.65,4.29,4.33,1.72
3969,2024/25,2024-12-26,Bournemouth,Crystal Palace,0.0,0.0,D,0.0,0.0,T Bramall,18.0,10.0,4.0,4.0,5.0,2.0,13.0,12.0,2.0,2.0,0.0,0.0,1.9,3.8,3.8,1.92,3.85,3.94,2.13,3.66,3.5,1.9,3.77,3.87
3970,2024/25,2024-12-26,Chelsea,Fulham,1.0,2.0,A,1.0,0.0,S Barrott,12.0,14.0,8.0,7.0,3.0,1.0,13.0,13.0,1.0,3.0,0.0,0.0,1.48,4.75,6.0,1.47,4.98,6.32,1.46,4.94,6.86,1.47,4.88,6.15
3971,2024/25,2024-12-26,Liverpool,Leicester,3.0,1.0,H,1.0,1.0,D Bond,19.0,4.0,7.0,1.0,14.0,1.0,17.0,5.0,3.0,2.0,0.0,0.0,1.08,12.0,23.0,1.08,13.84,24.96,1.09,12.25,27.0,1.08,12.4,25.35
3972,2024/25,2024-12-26,Man City,Everton,1.0,1.0,D,1.0,1.0,S Hooper,24.0,8.0,5.0,3.0,8.0,5.0,5.0,10.0,1.0,4.0,0.0,0.0,1.33,5.5,7.5,1.34,5.73,8.52,1.36,5.5,9.0,1.34,5.46,8.59
3973,2024/25,2024-12-26,Newcastle,Aston Villa,3.0,0.0,H,1.0,0.0,A Taylor,22.0,4.0,8.0,1.0,9.0,6.0,15.0,10.0,2.0,1.0,0.0,1.0,1.91,3.8,3.75,1.94,4.02,3.69,1.94,3.87,3.89,1.93,3.91,3.66
3974,2024/25,2024-12-26,Nott'm Forest,Tottenham,1.0,0.0,H,1.0,0.0,C Pawson,10.0,13.0,3.0,4.0,2.0,7.0,12.0,13.0,3.0,2.0,0.0,1.0,2.3,3.75,2.88,2.37,3.81,2.87,2.16,3.92,3.22,2.35,3.74,2.82
3975,2024/25,2024-12-26,Southampton,West Ham,0.0,1.0,A,0.0,0.0,L Smith,18.0,16.0,5.0,2.0,2.0,2.0,15.0,8.0,1.0,2.0,0.0,0.0,3.25,3.5,2.2,3.28,3.62,2.21,3.12,3.63,2.31,3.24,3.56,2.18
3976,2024/25,2024-12-26,Wolves,Man United,2.0,0.0,H,0.0,0.0,T Harrington,7.0,11.0,4.0,4.0,4.0,4.0,12.0,12.0,2.0,2.0,0.0,1.0,3.9,3.7,1.91,3.95,3.74,1.94,4.44,4.01,1.8,3.8,3.7,1.94
3977,2024/25,2024-12-27,Arsenal,Ipswich,1.0,0.0,H,1.0,0.0,D England,13.0,3.0,5.0,0.0,5.0,1.0,7.0,12.0,1.0,1.0,0.0,0.0,1.14,9.0,15.0,1.15,8.67,20.05,1.13,9.25,23.5,1.16,8.37,17.31
3978,2024/25,2024-12-27,Brighton,Brentford,0.0,0.0,D,0.0,0.0,A Madley,24.0,8.0,7.0,3.0,5.0,3.0,6.0,12.0,0.0,2.0,0.0,0.0,1.62,4.33,4.75,1.64,4.54,4.96,1.63,4.6,5.05,1.64,4.44,4.89
3979,2024/25,2024-12-29,Crystal Palace,Southampton,2.0,1.0,H,1.0,1.0,M Salisbury,19.0,7.0,10.0,3.0,8.0,7.0,18.0,19.0,2.0,3.0,0.0,0.0,1.57,3.9,5.5,1.64,4.13,5.4,1.53,4.45,6.43,1.61,4.11,5.42
3980,2024/25,2024-12-29,Everton,Nott'm Forest,0.0,2.0,A,0.0,1.0,T Harrington,13.0,11.0,2.0,7.0,5.0,4.0,13.0,10.0,4.0,1.0,0.0,0.0,2.6,3.2,2.8,2.69,3.18,2.88,2.71,3.07,3.0,2.64,3.16,2.83
3981,2024/25,2024-12-29,Fulham,Bournemouth,2.0,2.0,D,1.0,0.0,R Jones,11.0,16.0,6.0,9.0,1.0,7.0,7.0,16.0,1.0,3.0,0.0,0.0,2.3,3.6,2.88,2.37,3.59,3.0,2.27,3.5,3.31,2.35,3.58,2.91
3982,2024/25,2024-12-29,Leicester,Man City,0.0,2.0,A,0.0,1.0,M Oliver,11.0,14.0,4.0,5.0,4.0,4.0,11.0,6.0,2.0,1.0,0.0,0.0,7.5,5.5,1.36,8.42,5.9,1.33,10.25,6.42,1.27,7.92,5.62,1.34
3983,2024/25,2024-12-29,Tottenham,Wolves,2.0,2.0,D,2.0,1.0,C Kavanagh,13.0,11.0,3.0,3.0,5.0,5.0,9.0,10.0,1.0,2.0,0.0,0.0,1.6,5.0,4.2,1.63,4.91,4.57,1.68,4.64,4.6,1.61,4.77,4.56
3984,2024/25,2024-12-29,West Ham,Liverpool,0.0,5.0,A,0.0,3.0,A Taylor,7.0,22.0,0.0,13.0,3.0,6.0,7.0,10.0,0.0,0.0,0.0,0.0,7.0,5.0,1.4,7.32,5.34,1.4,7.75,5.5,1.39,7.04,5.21,1.4
3985,2024/25,2024-12-30,Aston Villa,Brighton,2.0,2.0,D,1.0,1.0,C Pawson,20.0,13.0,4.0,4.0,12.0,3.0,9.0,14.0,2.0,3.0,0.0,0.0,1.9,3.8,3.6,1.99,3.91,3.62,1.86,3.89,4.25,1.94,3.86,3.61
3986,2024/25,2024-12-30,Ipswich,Chelsea,2.0,0.0,H,1.0,0.0,J Brooks,9.0,20.0,6.0,5.0,4.0,7.0,9.0,5.0,4.0,4.0,0.0,0.0,6.5,4.75,1.42,7.1,5.2,1.42,7.55,5.28,1.4,6.87,5.02,1.41
3987,2024/25,2024-12-30,Man United,Newcastle,0.0,2.0,A,0.0,2.0,S Hooper,10.0,12.0,0.0,4.0,2.0,3.0,13.0,8.0,1.0,1.0,0.0,0.0,2.75,3.5,2.55,2.72,3.68,2.54,2.71,3.6,2.58,2.7,3.61,2.49
3988,2024/25,2025-01-01,Brentford,Arsenal,1.0,3.0,A,1.0,1.0,P Bankes,5.0,14.0,2.0,5.0,4.0,3.0,6.0,8.0,1.0,2.0,0.0,0.0,6.5,4.75,1.44,6.98,4.93,1.44,6.0,4.5,1.56,6.67,4.8,1.44
3989,2024/25,2025-01-04,Aston Villa,Leicester,2.0,1.0,H,0.0,0.0,J Gillett,13.0,4.0,5.0,2.0,7.0,2.0,10.0,11.0,0.0,1.0,0.0,0.0,1.33,5.5,8.5,1.32,5.64,9.41,1.34,5.69,8.32,1.32,5.51,9.16
3990,2024/25,2025-01-04,Bournemouth,Everton,1.0,0.0,H,0.0,0.0,J Brooks,19.0,9.0,8.0,0.0,9.0,3.0,15.0,14.0,2.0,2.0,0.0,0.0,1.73,3.75,4.75,1.75,3.91,4.82,1.7,3.97,5.23,1.75,3.82,4.71
3991,2024/25,2025-01-04,Brighton,Arsenal,1.0,1.0,D,0.0,1.0,A Taylor,11.0,9.0,4.0,3.0,2.0,5.0,17.0,14.0,2.0,3.0,0.0,0.0,4.33,3.75,1.8,4.62,3.7,1.82,4.93,3.68,1.8,4.36,3.83,1.8
3992,2024/25,2025-01-04,Crystal Palace,Chelsea,1.0,1.0,D,0.0,1.0,T Robinson,13.0,15.0,6.0,1.0,6.0,6.0,9.0,12.0,0.0,2.0,0.0,0.0,3.8,3.75,1.91,3.69,3.97,1.95,3.64,3.94,2.0,3.65,3.88,1.95
3993,2024/25,2025-01-04,Man City,West Ham,4.0,1.0,H,2.0,0.0,M Salisbury,10.0,17.0,7.0,4.0,7.0,1.0,8.0,13.0,2.0,1.0,0.0,0.0,1.3,6.25,7.5,1.32,6.41,8.2,1.26,7.24,10.79,1.31,6.09,8.3
3994,2024/25,2025-01-04,Southampton,Brentford,0.0,5.0,A,0.0,1.0,S Attwell,8.0,20.0,1.0,11.0,2.0,2.0,10.0,4.0,2.0,0.0,0.0,0.0,3.0,3.4,2.4,2.95,3.59,2.41,3.44,3.65,2.16,2.78,3.54,2.48
3995,2024/25,2025-01-04,Tottenham,Newcastle,1.0,2.0,A,1.0,2.0,A Madley,13.0,14.0,4.0,4.0,9.0,10.0,11.0,15.0,1.0,4.0,0.0,0.0,2.88,3.8,2.25,2.97,4.06,2.22,3.9,4.69,1.79,2.88,3.94,2.24
3996,2024/25,2025-01-05,Fulham,Ipswich,2.0,2.0,D,0.0,1.0,D Bond,15.0,7.0,4.0,3.0,9.0,2.0,10.0,14.0,1.0,5.0,0.0,0.0,1.55,4.2,5.75,1.56,4.46,5.71,1.59,4.2,6.15,1.56,4.34,5.68
3997,2024/25,2025-01-05,Liverpool,Man United,2.0,2.0,D,0.0,0.0,M Oliver,19.0,13.0,6.0,4.0,6.0,9.0,10.0,13.0,2.0,4.0,0.0,0.0,1.29,6.25,8.0,1.29,6.14,9.37,1.36,5.55,8.55,1.29,6.05,9.49
3998,2024/25,2025-01-06,Wolves,Nott'm Forest,0.0,3.0,A,0.0,2.0,P Bankes,13.0,11.0,6.0,3.0,5.0,3.0,10.0,8.0,1.0,2.0,0.0,0.0,3.3,3.2,2.3,3.44,3.22,2.31,4.01,3.54,2.01,3.22,3.22,2.33
3999,2024/25,2025-01-14,Brentford,Man City,2.0,2.0,D,0.0,0.0,A Taylor,18.0,21.0,6.0,8.0,4.0,5.0,4.0,4.0,0.0,0.0,0.0,0.0,4.75,4.2,1.62,4.9,4.56,1.65,5.18,4.51,1.61,4.76,4.47,1.64
4000,2024/25,2025-01-14,Chelsea,Bournemouth,2.0,2.0,D,1.0,0.0,R Jones,26.0,7.0,10.0,3.0,9.0,3.0,15.0,16.0,2.0,3.0,0.0,0.0,1.48,4.75,6.0,1.5,4.96,6.17,1.54,4.8,5.71,1.5,4.81,5.92
4001,2024/25,2025-01-14,Nott'm Forest,Liverpool,1.0,1.0,D,1.0,0.0,C Kavanagh,6.0,23.0,3.0,7.0,0.0,9.0,7.0,10.0,2.0,1.0,0.0,0.0,5.25,4.1,1.62,5.28,4.24,1.65,5.7,4.3,1.62,5.14,4.16,1.64
4002,2024/25,2025-01-14,West Ham,Fulham,3.0,2.0,H,2.0,0.0,C Pawson,4.0,21.0,3.0,5.0,0.0,3.0,9.0,18.0,3.0,3.0,0.0,0.0,3.0,3.4,2.38,3.03,3.54,2.41,3.22,3.3,2.42,2.97,3.43,2.41
4003,2024/25,2025-01-15,Arsenal,Tottenham,2.0,1.0,H,2.0,1.0,S Hooper,14.0,10.0,4.0,2.0,10.0,4.0,16.0,9.0,3.0,1.0,0.0,0.0,1.4,5.25,7.0,1.4,5.54,6.88,1.38,5.35,8.2,1.4,5.29,6.86
4004,2024/25,2025-01-15,Everton,Aston Villa,0.0,1.0,A,0.0,0.0,S Barrott,10.0,11.0,3.0,3.0,8.0,5.0,17.0,10.0,2.0,1.0,0.0,0.0,3.25,3.2,2.3,3.26,3.31,2.36,3.55,3.13,2.35,3.2,3.24,2.35
4005,2024/25,2025-01-15,Leicester,Crystal Palace,0.0,2.0,A,0.0,0.0,A Madley,21.0,9.0,4.0,4.0,4.0,3.0,7.0,6.0,0.0,0.0,0.0,0.0,3.9,3.6,1.91,4.01,3.76,1.93,4.07,3.63,1.97,3.88,3.73,1.92
4006,2024/25,2025-01-15,Newcastle,Wolves,3.0,0.0,H,1.0,0.0,D England,17.0,13.0,5.0,7.0,4.0,2.0,10.0,13.0,0.0,2.0,0.0,0.0,1.36,5.5,8.0,1.36,5.73,7.91,1.37,5.4,8.5,1.35,5.54,8.08
4007,2024/25,2025-01-16,Ipswich,Brighton,0.0,2.0,A,0.0,0.0,T Harrington,5.0,11.0,3.0,5.0,1.0,9.0,13.0,14.0,2.0,2.0,0.0,0.0,3.9,3.7,1.91,3.84,3.78,1.96,3.94,3.75,1.97,3.8,3.73,1.94
4008,2024/25,2025-01-16,Man United,Southampton,3.0,1.0,H,0.0,1.0,J Brooks,23.0,13.0,9.0,5.0,5.0,4.0,7.0,10.0,1.0,3.0,0.0,0.0,1.29,6.0,9.5,1.31,5.97,9.23,1.29,6.1,11.0,1.3,5.79,9.4
4009,2024/25,2025-01-18,Arsenal,Aston Villa,2.0,2.0,D,1.0,0.0,C Kavanagh,18.0,8.0,6.0,4.0,10.0,1.0,10.0,18.0,2.0,3.0,0.0,0.0,1.5,4.1,7.0,1.53,4.4,6.38,1.57,4.35,6.1,1.51,4.35,6.45
4010,2024/25,2025-01-18,Brentford,Liverpool,0.0,2.0,A,0.0,0.0,A Madley,11.0,37.0,6.0,8.0,2.0,15.0,6.0,14.0,2.0,3.0,0.0,0.0,6.5,5.0,1.42,6.49,5.33,1.43,6.33,5.0,1.49,6.43,5.15,1.43
4011,2024/25,2025-01-18,Leicester,Fulham,0.0,2.0,A,0.0,0.0,M Salisbury,8.0,17.0,4.0,2.0,5.0,2.0,8.0,8.0,3.0,1.0,0.0,0.0,4.33,3.7,1.8,4.38,3.91,1.81,4.65,3.79,1.81,4.17,3.81,1.84
4012,2024/25,2025-01-18,Newcastle,Bournemouth,1.0,4.0,A,1.0,2.0,S Attwell,13.0,19.0,5.0,10.0,7.0,6.0,7.0,18.0,1.0,6.0,0.0,0.0,1.62,4.2,5.0,1.65,4.33,4.99,1.66,4.25,5.2,1.64,4.3,4.93
4013,2024/25,2025-01-18,West Ham,Crystal Palace,0.0,2.0,A,0.0,0.0,T Bramall,7.0,12.0,0.0,7.0,2.0,4.0,13.0,10.0,1.0,0.0,1.0,0.0,2.6,3.5,2.63,2.65,3.49,2.7,2.86,3.32,2.66,2.62,3.41,2.69
4014,2024/25,2025-01-19,Everton,Tottenham,3.0,2.0,H,3.0,0.0,D England,12.0,11.0,6.0,6.0,3.0,8.0,14.0,14.0,2.0,1.0,0.0,0.0,2.8,3.5,2.45,2.97,3.45,2.46,2.56,3.51,2.85,2.91,3.51,2.41
4015,2024/25,2025-01-19,Ipswich,Man City,0.0,6.0,A,0.0,3.0,S Barrott,8.0,17.0,4.0,9.0,4.0,7.0,4.0,7.0,0.0,1.0,0.0,0.0,7.5,5.25,1.36,7.76,5.51,1.37,8.5,5.5,1.37,7.72,5.36,1.36
4016,2024/25,2025-01-19,Man United,Brighton,1.0,3.0,A,1.0,1.0,P Bankes,10.0,6.0,1.0,3.0,4.0,2.0,13.0,12.0,3.0,3.0,0.0,0.0,2.1,3.6,3.3,2.11,3.77,3.39,2.34,3.45,3.25,2.09,3.71,3.36
4017,2024/25,2025-01-19,Nott'm Forest,Southampton,3.0,2.0,H,3.0,0.0,A Taylor,14.0,10.0,5.0,4.0,2.0,8.0,4.0,18.0,0.0,4.0,0.0,0.0,1.38,4.75,8.0,1.4,4.92,8.27,1.37,5.15,9.23,1.39,4.86,8.03
4018,2024/25,2025-01-20,Chelsea,Wolves,3.0,1.0,H,1.0,1.0,S Hooper,19.0,9.0,7.0,4.0,3.0,6.0,8.0,14.0,4.0,2.0,0.0,0.0,1.36,5.75,6.5,1.38,5.69,7.16,1.44,5.25,6.8,1.37,5.51,7.3
4019,2024/25,2025-01-25,Bournemouth,Nott'm Forest,5.0,0.0,H,1.0,0.0,C Pawson,16.0,18.0,10.0,4.0,3.0,9.0,9.0,12.0,2.0,3.0,0.0,0.0,2.05,3.7,3.4,2.11,3.7,3.45,1.97,3.73,3.94,2.09,3.64,3.42
4020,2024/25,2025-01-25,Brighton,Everton,0.0,1.0,A,0.0,1.0,T Robinson,16.0,3.0,1.0,1.0,9.0,1.0,8.0,11.0,3.0,4.0,0.0,0.0,1.67,3.75,5.5,1.68,3.83,5.5,1.74,3.69,5.42,1.67,3.86,5.39
4021,2024/25,2025-01-25,Liverpool,Ipswich,4.0,1.0,H,3.0,0.0,M Salisbury,16.0,3.0,6.0,3.0,3.0,4.0,10.0,11.0,0.0,2.0,0.0,0.0,1.08,12.0,15.0,1.1,11.75,21.77,1.1,12.25,24.5,1.1,11.04,20.87
4022,2024/25,2025-01-25,Man City,Chelsea,3.0,1.0,H,1.0,1.0,J Brooks,15.0,10.0,6.0,4.0,2.0,4.0,6.0,8.0,3.0,2.0,0.0,0.0,2.05,4.0,3.3,2.03,4.09,3.36,2.39,3.89,2.85,2.03,4.03,3.29
4023,2024/25,2025-01-25,Southampton,Newcastle,1.0,3.0,A,1.0,2.0,S Barrott,12.0,17.0,5.0,9.0,3.0,8.0,10.0,5.0,1.0,0.0,0.0,0.0,6.5,5.25,1.42,7.05,5.17,1.42,6.62,5.04,1.47,6.82,5.09,1.42
4024,2024/25,2025-01-25,Wolves,Arsenal,0.0,1.0,A,0.0,0.0,M Oliver,9.0,9.0,4.0,3.0,1.0,5.0,20.0,10.0,0.0,1.0,1.0,1.0,7.0,4.5,1.45,6.86,4.74,1.47,5.93,4.15,1.61,6.85,4.65,1.46
4025,2024/25,2025-01-26,Aston Villa,West Ham,1.0,1.0,D,1.0,0.0,P Bankes,14.0,14.0,4.0,4.0,4.0,3.0,13.0,16.0,2.0,3.0,0.0,0.0,1.53,4.33,5.75,1.55,4.46,5.99,1.47,4.9,6.9,1.55,4.39,5.81
4026,2024/25,2025-01-26,Crystal Palace,Brentford,1.0,2.0,A,0.0,0.0,T Harrington,16.0,13.0,5.0,6.0,4.0,7.0,8.0,11.0,2.0,2.0,0.0,0.0,2.05,3.75,3.3,2.06,3.7,3.59,1.97,3.8,3.84,2.06,3.68,3.47
4027,2024/25,2025-01-26,Fulham,Man United,0.0,1.0,A,0.0,0.0,A Taylor,9.0,4.0,3.0,1.0,3.0,0.0,7.0,9.0,0.0,1.0,0.0,0.0,2.3,3.4,3.1,2.32,3.48,3.18,2.4,3.55,3.03,2.31,3.44,3.1
4028,2024/25,2025-01-26,Tottenham,Leicester,1.0,2.0,A,1.0,0.0,R Jones,15.0,12.0,6.0,3.0,6.0,4.0,6.0,16.0,1.0,5.0,0.0,0.0,1.45,5.5,5.5,1.46,5.37,5.94,1.51,5.05,5.85,1.46,5.21,5.89
4029,2024/25,2025-02-01,Bournemouth,Liverpool,0.0,2.0,A,0.0,1.0,D England,14.0,19.0,3.0,7.0,3.0,3.0,15.0,9.0,2.0,3.0,0.0,0.0,4.5,4.33,1.67,4.68,4.35,1.68,4.66,4.26,1.72,4.56,4.32,1.68
4030,2024/25,2025-02-01,Everton,Leicester,4.0,0.0,H,3.0,0.0,D Bond,13.0,9.0,7.0,1.0,5.0,6.0,7.0,13.0,0.0,0.0,0.0,0.0,1.75,3.75,4.5,1.81,3.7,4.73,1.96,3.34,4.53,1.79,3.67,4.67
4031,2024/25,2025-02-01,Ipswich,Southampton,1.0,2.0,A,1.0,1.0,M Oliver,15.0,9.0,6.0,4.0,1.0,2.0,11.0,14.0,0.0,3.0,0.0,0.0,1.95,3.6,3.8,2.0,3.71,3.78,1.91,3.75,4.18,1.98,3.67,3.74
4032,2024/25,2025-02-01,Newcastle,Fulham,1.0,2.0,A,1.0,0.0,C Kavanagh,11.0,15.0,4.0,4.0,4.0,7.0,10.0,15.0,4.0,4.0,0.0,0.0,1.7,4.0,4.75,1.71,4.14,4.74,1.77,3.82,4.91,1.71,4.07,4.66
4033,2024/25,2025-02-01,Nott'm Forest,Brighton,7.0,0.0,H,3.0,0.0,S Hooper,14.0,10.0,9.0,5.0,4.0,6.0,8.0,13.0,1.0,3.0,0.0,0.0,2.38,3.5,2.8,2.46,3.43,2.99,2.68,3.45,2.74,2.44,3.46,2.89
4034,2024/25,2025-02-01,Wolves,Aston Villa,2.0,0.0,H,1.0,0.0,A Madley,8.0,10.0,5.0,3.0,5.0,8.0,20.0,13.0,2.0,3.0,0.0,0.0,3.3,3.6,2.1,3.43,3.56,2.17,3.32,3.48,2.28,3.36,3.58,2.14
4035,2024/25,2025-02-02,Arsenal,Man City,5.0,1.0,H,1.0,0.0,P Bankes,12.0,7.0,7.0,4.0,5.0,2.0,6.0,7.0,2.0,0.0,0.0,0.0,1.95,3.5,4.0,1.93,3.63,3.85,1.91,4.17,3.77,1.97,3.58,3.83
4036,2024/25,2025-02-02,Brentford,Tottenham,0.0,2.0,A,0.0,1.0,J Gillett,20.0,13.0,4.0,2.0,10.0,3.0,4.0,11.0,0.0,1.0,0.0,0.0,2.1,3.9,3.2,2.12,3.88,3.11,1.97,4.21,3.51,2.11,3.97,3.1
4037,2024/25,2025-02-02,Man United,Crystal Palace,0.0,2.0,A,0.0,0.0,J Brooks,17.0,11.0,2.0,3.0,11.0,0.0,12.0,13.0,3.0,1.0,0.0,0.0,2.0,3.5,3.8,1.98,3.49,3.83,1.78,3.73,4.97,2.04,3.48,3.71
4038,2024/25,2025-02-03,Chelsea,West Ham,2.0,1.0,H,0.0,1.0,S Attwell,22.0,14.0,3.0,5.0,4.0,3.0,11.0,10.0,3.0,1.0,0.0,0.0,1.36,4.75,8.0,1.36,5.92,7.51,1.29,6.55,9.45,1.36,5.54,7.58
4039,2024/25,2025-02-12,Everton,Liverpool,2.0,2.0,D,1.0,1.0,M Oliver,10.0,6.0,3.0,4.0,2.0,3.0,9.0,20.0,2.0,2.0,1.0,1.0,7.5,4.5,1.44,7.36,4.73,1.45,7.9,4.65,1.45,7.36,4.71,1.44
4040,2024/25,2025-02-14,Brighton,Chelsea,3.0,0.0,H,2.0,0.0,K Kavanagh,13.0,8.0,5.0,0.0,2.0,9.0,12.0,15.0,1.0,2.0,0.0,0.0,2.7,3.6,2.45,2.92,3.65,2.43,2.95,3.78,2.36,2.85,3.6,2.43
4041,2024/25,2025-02-15,Aston Villa,Ipswich,1.0,1.0,D,0.0,0.0,R Jones,25.0,4.0,6.0,3.0,16.0,1.0,7.0,11.0,0.0,3.0,0.0,1.0,1.4,4.75,7.0,1.41,5.02,7.6,1.44,4.99,7.41,1.41,4.96,7.45
4042,2024/25,2025-02-15,Crystal Palace,Everton,1.0,2.0,A,0.0,1.0,A Taylor,17.0,11.0,6.0,6.0,6.0,2.0,9.0,12.0,0.0,1.0,0.0,0.0,1.8,3.4,5.0,1.79,3.5,5.17,2.0,3.25,4.53,1.81,3.45,4.94
4043,2024/25,2025-02-15,Fulham,Nott'm Forest,2.0,1.0,H,1.0,1.0,T Bramall,24.0,8.0,10.0,2.0,8.0,4.0,13.0,8.0,0.0,0.0,0.0,0.0,2.2,3.4,3.3,2.23,3.38,3.47,2.12,3.55,3.63,2.22,3.35,3.39
4044,2024/25,2025-02-15,Leicester,Arsenal,0.0,2.0,A,0.0,0.0,S Barrott,6.0,11.0,2.0,5.0,3.0,7.0,9.0,10.0,2.0,1.0,0.0,0.0,8.5,5.0,1.33,9.47,5.42,1.34,10.15,5.52,1.33,9.45,5.29,1.34
4045,2024/25,2025-02-15,Man City,Newcastle,4.0,0.0,H,3.0,0.0,A Madley,11.0,3.0,7.0,1.0,7.0,4.0,5.0,13.0,0.0,1.0,0.0,0.0,1.95,4.2,3.3,1.99,4.09,3.49,2.09,4.07,3.29,1.97,4.07,3.44
4046,2024/25,2025-02-15,Southampton,Bournemouth,1.0,3.0,A,0.0,2.0,J Gillett,11.0,14.0,4.0,7.0,4.0,6.0,13.0,15.0,1.0,3.0,0.0,0.0,6.0,4.5,1.5,6.01,4.65,1.52,6.32,4.79,1.51,5.83,4.64,1.52
4047,2024/25,2025-02-15,West Ham,Brentford,0.0,1.0,A,0.0,1.0,D England,13.0,14.0,3.0,5.0,9.0,2.0,10.0,13.0,1.0,1.0,0.0,0.0,2.35,3.6,2.88,2.43,3.71,2.83,2.4,3.71,2.93,2.41,3.64,2.82
4048,2024/25,2025-02-16,Liverpool,Wolves,2.0,1.0,H,2.0,0.0,S Hooper,10.0,16.0,3.0,4.0,4.0,3.0,15.0,13.0,2.0,2.0,0.0,0.0,1.15,8.0,12.0,1.19,8.22,12.7,1.23,7.1,12.75,1.19,7.85,12.84
4049,2024/25,2025-02-16,Tottenham,Man United,1.0,0.0,H,1.0,0.0,P Bankes,22.0,16.0,7.0,6.0,10.0,5.0,13.0,9.0,1.0,2.0,0.0,0.0,2.45,3.75,2.62,2.46,3.84,2.73,2.21,3.9,3.13,2.45,3.73,2.69
4050,2024/25,2025-02-19,Aston Villa,Liverpool,2.0,2.0,D,2.0,1.0,C Pawson,9.0,17.0,4.0,3.0,6.0,8.0,8.0,6.0,1.0,0.0,0.0,0.0,3.9,4.0,1.83,4.02,4.09,1.85,3.97,4.04,1.88,3.93,4.0,1.85
4051,2024/25,2025-02-21,Leicester,Brentford,0.0,4.0,A,0.0,3.0,T Harrington,8.0,14.0,3.0,6.0,5.0,6.0,10.0,10.0,4.0,0.0,0.0,0.0,3.6,3.8,1.91,3.79,3.87,1.97,3.74,3.86,1.99,3.7,3.86,1.96
4052,2024/25,2025-02-22,Arsenal,West Ham,0.0,1.0,A,0.0,1.0,C Pawson,20.0,5.0,2.0,2.0,2.0,0.0,16.0,15.0,1.0,3.0,1.0,0.0,1.27,6.0,10.0,1.25,6.42,11.04,1.29,5.82,12.73,1.25,6.2,11.63
4053,2024/25,2025-02-22,Aston Villa,Chelsea,2.0,1.0,H,0.0,1.0,M Oliver,12.0,15.0,6.0,7.0,2.0,3.0,15.0,16.0,1.0,3.0,0.0,0.0,2.63,3.4,2.6,2.62,3.78,2.58,2.68,3.61,2.65,2.62,3.7,2.56
4054,2024/25,2025-02-22,Bournemouth,Wolves,0.0,1.0,A,0.0,1.0,M Salisbury,8.0,13.0,3.0,5.0,6.0,7.0,17.0,9.0,3.0,3.0,1.0,0.0,1.53,4.5,5.5,1.57,4.52,5.58,1.66,4.21,5.27,1.56,4.45,5.5
4055,2024/25,2025-02-22,Everton,Man United,2.0,2.0,D,2.0,0.0,A Madley,9.0,9.0,8.0,3.0,7.0,9.0,12.0,9.0,4.0,1.0,0.0,0.0,2.5,3.2,2.9,2.58,3.23,2.98,2.67,3.15,2.97,2.55,3.2,2.96
4056,2024/25,2025-02-22,Fulham,Crystal Palace,0.0,2.0,A,0.0,1.0,R Jones,10.0,10.0,0.0,5.0,7.0,7.0,10.0,7.0,1.0,3.0,0.0,0.0,2.05,3.4,3.7,2.04,3.52,3.84,2.1,3.49,3.77,2.05,3.48,3.74
4057,2024/25,2025-02-22,Ipswich,Tottenham,1.0,4.0,A,1.0,2.0,T Robinson,17.0,10.0,5.0,6.0,4.0,4.0,15.0,14.0,2.0,1.0,0.0,0.0,4.1,3.6,1.9,3.92,3.96,1.89,3.42,3.85,2.1,3.87,3.89,1.89
4058,2024/25,2025-02-22,Southampton,Brighton,0.0,4.0,A,0.0,1.0,D Bond,6.0,18.0,1.0,12.0,5.0,6.0,11.0,12.0,2.0,0.0,0.0,0.0,6.0,4.1,1.55,5.56,4.53,1.57,5.83,4.51,1.57,5.52,4.38,1.57
4059,2024/25,2025-02-23,Man City,Liverpool,0.0,2.0,A,0.0,2.0,A Taylor,16.0,8.0,5.0,4.0,7.0,5.0,3.0,10.0,0.0,0.0,0.0,0.0,2.88,3.8,2.25,2.95,3.97,2.26,3.24,3.87,2.21,2.9,3.86,2.26
4060,2024/25,2025-02-23,Newcastle,Nott'm Forest,4.0,3.0,H,4.0,1.0,J Gillett,13.0,17.0,5.0,5.0,7.0,6.0,11.0,13.0,1.0,4.0,0.0,0.0,1.8,3.8,4.2,1.84,4.03,4.1,1.92,3.88,4.01,1.81,3.96,4.11
4061,2024/25,2025-02-25,Brighton,Bournemouth,2.0,1.0,H,1.0,0.0,M Oliver,11.0,19.0,4.0,5.0,1.0,9.0,12.0,14.0,2.0,1.0,0.0,0.0,2.0,3.8,3.3,2.06,3.84,3.53,2.01,3.92,3.63,2.06,3.81,3.43
4062,2024/25,2025-02-25,Chelsea,Southampton,4.0,0.0,H,3.0,0.0,T Bramall,19.0,7.0,10.0,2.0,4.0,2.0,6.0,9.0,1.0,2.0,0.0,0.0,1.17,8.0,13.0,1.17,8.97,14.66,1.18,8.25,16.0,1.17,8.55,14.69
4063,2024/25,2025-02-25,Crystal Palace,Aston Villa,4.0,1.0,H,1.0,0.0,S Barrott,19.0,6.0,6.0,2.0,3.0,8.0,19.0,10.0,3.0,1.0,0.0,0.0,2.45,3.4,2.8,2.57,3.42,2.89,2.27,3.55,3.26,2.55,3.38,2.83
4064,2024/25,2025-02-25,Wolves,Fulham,1.0,2.0,A,1.0,1.0,P Bankes,18.0,11.0,5.0,5.0,7.0,5.0,8.0,15.0,1.0,3.0,0.0,0.0,2.63,3.3,2.63,2.74,3.36,2.74,2.42,3.31,3.2,2.71,3.34,2.69
4065,2024/25,2025-02-26,Brentford,Everton,1.0,1.0,D,1.0,0.0,S Hooper,12.0,14.0,3.0,4.0,2.0,5.0,3.0,6.0,2.0,1.0,0.0,0.0,2.0,3.7,3.5,2.03,3.75,3.64,2.03,3.68,3.8,2.02,3.68,3.59
4066,2024/25,2025-02-26,Liverpool,Newcastle,2.0,0.0,H,1.0,0.0,C Kavanagh,12.0,3.0,3.0,0.0,4.0,2.0,12.0,11.0,0.0,1.0,0.0,0.0,1.5,4.5,5.75,1.53,4.86,5.67,1.37,5.65,8.0,1.52,4.77,5.64
4067,2024/25,2025-02-26,Man United,Ipswich,3.0,2.0,H,2.0,2.0,D England,10.0,12.0,6.0,3.0,5.0,6.0,9.0,16.0,4.0,4.0,1.0,0.0,1.53,4.33,6.0,1.53,4.69,5.8,1.52,4.52,6.65,1.52,4.55,5.83
4068,2024/25,2025-02-26,Nott'm Forest,Arsenal,0.0,0.0,D,0.0,0.0,A Madley,6.0,13.0,2.0,1.0,3.0,11.0,10.0,17.0,1.0,1.0,0.0,0.0,3.9,3.6,1.95,4.02,3.51,1.99,4.37,3.45,1.96,3.94,3.48,1.98
4069,2024/25,2025-02-26,Tottenham,Man City,0.0,1.0,A,0.0,1.0,J Gillett,11.0,12.0,6.0,5.0,8.0,3.0,12.0,15.0,3.0,0.0,0.0,0.0,3.25,4.0,2.0,3.23,4.15,2.07,3.96,4.19,1.85,3.22,4.09,2.04
4070,2024/25,2025-02-27,West Ham,Leicester,2.0,0.0,H,2.0,0.0,S Attwell,8.0,10.0,2.0,2.0,3.0,3.0,12.0,6.0,0.0,0.0,0.0,0.0,1.62,4.2,5.0,1.63,4.21,5.34,1.79,3.79,4.83,1.63,4.15,5.17
4071,2024/25,2025-03-08,Brentford,Aston Villa,0.0,1.0,A,0.0,0.0,J Gillett,13.0,12.0,3.0,4.0,6.0,5.0,10.0,5.0,2.0,2.0,0.0,0.0,2.2,3.8,2.9,2.27,3.82,3.01,2.15,3.96,3.21,2.26,3.8,2.95
4072,2024/25,2025-03-08,Brighton,Fulham,2.0,1.0,H,1.0,1.0,S Barrott,9.0,6.0,4.0,1.0,3.0,7.0,6.0,12.0,0.0,2.0,0.0,0.0,1.95,3.6,3.75,2.0,3.64,3.86,2.01,3.55,4.0,1.99,3.62,3.77
4073,2024/25,2025-03-08,Crystal Palace,Ipswich,1.0,0.0,H,0.0,0.0,S Hooper,19.0,15.0,4.0,8.0,5.0,4.0,8.0,7.0,4.0,3.0,0.0,0.0,1.45,4.75,6.25,1.5,4.56,6.67,1.57,4.21,6.39,1.48,4.55,6.74
4074,2024/25,2025-03-08,Liverpool,Southampton,3.0,1.0,H,0.0,1.0,L Smith,28.0,6.0,7.0,4.0,6.0,4.0,10.0,9.0,2.0,1.0,0.0,0.0,1.1,9.0,19.0,1.12,10.6,18.75,1.11,11.5,26.0,1.12,9.97,19.5
4075,2024/25,2025-03-08,Nott'm Forest,Man City,1.0,0.0,H,0.0,0.0,C Kavanagh,9.0,14.0,4.0,3.0,3.0,2.0,9.0,7.0,3.0,2.0,0.0,0.0,4.0,3.75,1.85,3.93,3.95,1.89,3.91,3.87,1.94,3.88,3.89,1.89
4076,2024/25,2025-03-08,Wolves,Everton,1.0,1.0,D,1.0,1.0,S Attwell,11.0,12.0,3.0,4.0,5.0,5.0,11.0,16.0,2.0,2.0,0.0,0.0,2.6,3.1,2.88,2.68,3.15,2.92,2.88,3.0,2.88,2.63,3.14,2.87
4077,2024/25,2025-03-09,Chelsea,Leicester,1.0,0.0,H,0.0,0.0,T Robinson,20.0,3.0,7.0,3.0,12.0,2.0,12.0,13.0,1.0,0.0,0.0,0.0,1.18,8.0,12.0,1.2,8.05,11.42,1.24,6.85,13.0,1.2,7.67,12.34
4078,2024/25,2025-03-09,Man United,Arsenal,1.0,1.0,D,1.0,0.0,A Taylor,10.0,17.0,6.0,6.0,2.0,9.0,8.0,11.0,0.0,1.0,0.0,0.0,5.75,3.5,1.7,5.61,3.65,1.71,5.05,3.72,1.78,5.41,3.58,1.72
4079,2024/25,2025-03-09,Tottenham,Bournemouth,2.0,2.0,D,0.0,1.0,J Brooks,12.0,17.0,4.0,8.0,3.0,6.0,15.0,16.0,3.0,3.0,0.0,0.0,2.7,3.9,2.35,2.73,3.95,2.42,2.86,3.83,2.4,2.71,3.88,2.4
4080,2024/25,2025-03-10,West Ham,Newcastle,0.0,1.0,A,0.0,0.0,M Salisbury,9.0,9.0,2.0,3.0,3.0,4.0,7.0,15.0,0.0,1.0,0.0,0.0,3.25,3.4,2.2,3.3,3.62,2.2,3.39,3.55,2.22,3.21,3.57,2.19
4081,2024/25,2025-03-15,Bournemouth,Brentford,1.0,2.0,A,1.0,1.0,C Pawson,17.0,10.0,5.0,4.0,4.0,3.0,13.0,7.0,3.0,0.0,0.0,0.0,1.73,4.2,4.2,1.77,4.21,4.29,1.76,4.35,4.32,1.76,4.16,4.25
4082,2024/25,2025-03-15,Everton,West Ham,1.0,1.0,D,0.0,0.0,D Bond,13.0,10.0,5.0,5.0,6.0,5.0,12.0,8.0,1.0,2.0,0.0,0.0,2.05,3.2,3.9,2.11,3.3,3.9,2.12,3.31,3.92,2.11,3.27,3.81
4083,2024/25,2025-03-15,Ipswich,Nott'm Forest,2.0,4.0,A,0.0,3.0,M Salisbury,11.0,11.0,4.0,6.0,6.0,3.0,4.0,13.0,1.0,1.0,0.0,0.0,3.75,3.5,2.0,3.88,3.64,1.99,3.99,3.58,2.0,3.8,3.59,1.99
4084,2024/25,2025-03-15,Man City,Brighton,2.0,2.0,D,2.0,1.0,S Hooper,11.0,15.0,3.0,3.0,4.0,5.0,10.0,10.0,2.0,5.0,0.0,0.0,1.67,4.33,4.5,1.67,4.55,4.62,1.83,3.99,4.3,1.66,4.45,4.63
4085,2024/25,2025-03-15,Southampton,Wolves,1.0,2.0,A,0.0,1.0,R Jones,10.0,5.0,3.0,3.0,5.0,1.0,12.0,13.0,0.0,0.0,0.0,0.0,3.7,3.4,2.0,3.67,3.56,2.08,3.97,3.43,2.07,3.63,3.51,2.06
4086,2024/25,2025-03-16,Arsenal,Chelsea,1.0,0.0,H,1.0,0.0,C Kavanagh,12.0,8.0,4.0,2.0,5.0,4.0,10.0,13.0,3.0,3.0,0.0,0.0,1.8,3.6,4.5,1.81,3.78,4.55,1.73,3.74,5.39,1.81,3.74,4.44
4087,2024/25,2025-03-16,Fulham,Tottenham,2.0,0.0,H,0.0,0.0,A Madley,13.0,12.0,4.0,4.0,6.0,5.0,13.0,10.0,0.0,0.0,0.0,0.0,2.0,3.75,3.6,2.03,3.88,3.53,1.85,4.1,4.08,2.01,3.84,3.48
4088,2024/25,2025-03-16,Leicester,Man United,0.0,3.0,A,0.0,1.0,T Bramall,11.0,18.0,3.0,5.0,6.0,4.0,6.0,6.0,2.0,0.0,0.0,0.0,4.5,3.5,1.83,4.21,3.86,1.85,4.56,3.82,1.83,4.21,3.76,1.84
4089,2024/25,2025-04-01,Arsenal,Fulham,2.0,1.0,H,1.0,0.0,J Brooks,17.0,9.0,4.0,3.0,5.0,4.0,2.0,10.0,1.0,2.0,0.0,0.0,1.48,4.33,7.0,1.5,4.21,7.79,1.51,4.3,7.6,1.48,4.2,7.73
4090,2024/25,2025-04-01,Nott'm Forest,Man United,1.0,0.0,H,1.0,0.0,J Gillett,8.0,23.0,2.0,6.0,3.0,10.0,5.0,12.0,1.0,3.0,0.0,0.0,2.3,3.4,3.1,2.36,3.44,3.19,2.35,3.46,3.19,2.32,3.42,3.13
4091,2024/25,2025-04-01,Wolves,West Ham,1.0,0.0,H,1.0,0.0,T Harrington,9.0,10.0,2.0,1.0,1.0,2.0,16.0,12.0,4.0,2.0,0.0,0.0,2.5,3.2,2.9,2.62,3.25,2.96,2.39,3.29,3.27,2.57,3.2,2.92
4092,2024/25,2025-04-02,Bournemouth,Ipswich,1.0,2.0,A,0.0,1.0,R Jones,24.0,10.0,7.0,2.0,8.0,3.0,14.0,15.0,1.0,2.0,0.0,0.0,1.36,5.25,7.5,1.39,5.33,7.75,1.4,5.4,7.52,1.38,5.23,7.72
4093,2024/25,2025-04-02,Brighton,Aston Villa,0.0,3.0,A,0.0,0.0,S Attwell,11.0,8.0,4.0,5.0,4.0,0.0,16.0,11.0,1.0,3.0,0.0,0.0,2.05,3.8,3.25,2.11,3.85,3.33,2.38,3.5,3.11,2.09,3.81,3.27
4094,2024/25,2025-04-02,Liverpool,Everton,1.0,0.0,H,0.0,0.0,S Barrott,17.0,5.0,3.0,0.0,11.0,5.0,7.0,11.0,2.0,2.0,0.0,0.0,1.36,5.0,8.0,1.36,5.19,9.2,1.5,4.41,7.31,1.36,5.02,8.78
4095,2024/25,2025-04-02,Man City,Leicester,2.0,0.0,H,2.0,0.0,D England,18.0,2.0,5.0,0.0,5.0,0.0,11.0,8.0,1.0,4.0,0.0,0.0,1.2,8.0,10.0,1.2,8.18,11.84,1.2,8.0,13.5,1.2,7.61,12.4
4096,2024/25,2025-04-02,Newcastle,Brentford,2.0,1.0,H,1.0,0.0,P Bankes,21.0,12.0,4.0,3.0,4.0,5.0,12.0,12.0,1.0,1.0,0.0,0.0,1.73,4.5,4.0,1.74,4.34,4.31,1.7,4.29,4.69,1.73,4.31,4.21
4097,2024/25,2025-04-02,Southampton,Crystal Palace,1.0,1.0,D,1.0,0.0,A Madley,8.0,9.0,2.0,3.0,2.0,2.0,14.0,9.0,2.0,1.0,0.0,0.0,5.75,3.8,1.62,5.72,4.05,1.63,5.72,4.13,1.63,5.5,4.01,1.62
4098,2024/25,2025-04-03,Chelsea,Tottenham,1.0,0.0,H,0.0,0.0,C Pawson,11.0,8.0,5.0,2.0,4.0,6.0,7.0,16.0,5.0,5.0,0.0,0.0,1.65,4.5,4.5,1.66,4.58,4.59,1.67,4.46,4.83,1.64,4.5,4.57
4099,2024/25,2025-04-05,Aston Villa,Nott'm Forest,2.0,1.0,H,2.0,0.0,S Hooper,17.0,19.0,8.0,3.0,4.0,4.0,7.0,15.0,2.0,2.0,0.0,0.0,1.95,3.6,3.7,2.0,3.69,3.8,2.15,3.45,3.66,1.99,3.63,3.72
4100,2024/25,2025-04-05,Crystal Palace,Brighton,2.0,1.0,H,1.0,1.0,A Taylor,8.0,11.0,3.0,5.0,2.0,4.0,12.0,13.0,0.0,1.0,2.0,1.0,2.35,3.6,2.8,2.5,3.46,2.9,2.58,3.4,2.89,2.43,3.46,2.87
4101,2024/25,2025-04-05,Everton,Arsenal,1.0,1.0,D,0.0,1.0,D England,5.0,14.0,2.0,5.0,3.0,8.0,17.0,13.0,3.0,1.0,0.0,0.0,5.25,3.25,1.75,5.3,3.39,1.81,4.19,3.19,2.1,5.15,3.44,1.78
4102,2024/25,2025-04-05,Ipswich,Wolves,1.0,2.0,A,1.0,0.0,P Bankes,6.0,22.0,2.0,7.0,4.0,8.0,12.0,16.0,2.0,2.0,0.0,0.0,2.7,3.25,2.63,2.78,3.3,2.71,2.85,3.27,2.7,2.74,3.28,2.65
4103,2024/25,2025-04-05,West Ham,Bournemouth,2.0,2.0,D,0.0,1.0,T Robinson,9.0,11.0,3.0,4.0,4.0,7.0,13.0,13.0,2.0,2.0,0.0,0.0,3.0,3.5,2.3,3.03,3.53,2.38,3.04,3.55,2.4,3.04,3.47,2.34
4104,2024/25,2025-04-06,Brentford,Chelsea,0.0,0.0,D,0.0,0.0,M Oliver,9.0,21.0,2.0,5.0,3.0,6.0,12.0,12.0,1.0,3.0,0.0,0.0,3.2,3.6,2.15,3.26,3.8,2.16,2.94,3.65,2.42,3.2,3.73,2.15
4105,2024/25,2025-04-06,Fulham,Liverpool,3.0,2.0,H,3.0,1.0,C Kavanagh,12.0,14.0,6.0,6.0,4.0,4.0,10.0,9.0,3.0,0.0,0.0,0.0,4.5,3.5,1.83,4.27,3.75,1.87,4.29,3.55,1.94,4.24,3.7,1.86
4106,2024/25,2025-04-06,Man United,Man City,0.0,0.0,D,0.0,0.0,J Brooks,13.0,9.0,2.0,5.0,5.0,3.0,13.0,9.0,3.0,2.0,0.0,0.0,3.4,3.6,2.1,3.39,3.66,2.15,3.48,3.75,2.11,3.33,3.61,2.13
4107,2024/25,2025-04-06,Tottenham,Southampton,3.0,1.0,H,2.0,0.0,M Salisbury,13.0,12.0,8.0,4.0,4.0,1.0,16.0,20.0,1.0,1.0,0.0,0.0,1.38,5.5,6.5,1.39,5.42,7.33,1.37,5.64,7.87,1.39,5.32,7.12
4108,2024/25,2025-04-07,Leicester,Newcastle,0.0,3.0,A,0.0,3.0,R Jones,7.0,16.0,2.0,5.0,12.0,2.0,8.0,9.0,2.0,0.0,0.0,0.0,6.5,4.2,1.48,6.61,4.47,1.51,7.45,4.85,1.45,6.4,4.44,1.5
4109,2024/25,2025-04-12,Arsenal,Brentford,1.0,1.0,D,0.0,0.0,S Hooper,14.0,3.0,3.0,2.0,13.0,5.0,7.0,9.0,1.0,3.0,0.0,0.0,1.6,4.33,5.0,1.63,4.17,5.42,1.62,4.24,5.66,1.61,4.16,5.35
4110,2024/25,2025-04-12,Brighton,Leicester,2.0,2.0,D,1.0,1.0,D Bond,21.0,15.0,7.0,6.0,3.0,6.0,9.0,11.0,2.0,5.0,0.0,0.0,1.29,6.0,10.0,1.27,5.96,10.93,1.29,5.95,10.93,1.27,5.89,10.98
4111,2024/25,2025-04-12,Man City,Crystal Palace,5.0,2.0,H,2.0,2.0,J Gillett,21.0,8.0,9.0,3.0,1.0,4.0,10.0,16.0,2.0,3.0,0.0,0.0,1.5,4.75,5.75,1.5,4.81,6.12,1.64,4.35,5.3,1.5,4.7,5.95
4112,2024/25,2025-04-12,Nott'm Forest,Everton,0.0,1.0,A,0.0,0.0,C Pawson,10.0,13.0,5.0,5.0,1.0,7.0,9.0,13.0,0.0,3.0,0.0,0.0,2.1,3.3,3.7,2.13,3.38,3.72,1.99,3.38,4.35,2.11,3.33,3.67
4113,2024/25,2025-04-12,Southampton,Aston Villa,0.0,3.0,A,0.0,0.0,T Bramall,7.0,25.0,2.0,10.0,2.0,14.0,11.0,4.0,3.0,1.0,0.0,0.0,6.0,4.2,1.55,5.75,4.49,1.56,6.23,4.64,1.53,5.65,4.42,1.55
4114,2024/25,2025-04-13,Chelsea,Ipswich,2.0,2.0,D,0.0,2.0,S Attwell,34.0,13.0,9.0,4.0,15.0,4.0,11.0,7.0,2.0,2.0,0.0,0.0,1.27,7.0,8.5,1.25,6.84,10.14,1.21,7.43,13.76,1.25,6.57,9.7
4115,2024/25,2025-04-13,Liverpool,West Ham,2.0,1.0,H,1.0,0.0,A Madley,15.0,11.0,6.0,4.0,10.0,3.0,15.0,8.0,0.0,2.0,0.0,0.0,1.3,6.0,8.0,1.3,6.09,9.78,1.28,6.12,10.75,1.3,5.89,9.45
4116,2024/25,2025-04-13,Newcastle,Man United,4.0,1.0,H,1.0,1.0,C Kavanagh,13.0,9.0,6.0,5.0,7.0,2.0,7.0,9.0,0.0,2.0,0.0,0.0,1.65,4.2,4.75,1.66,4.29,4.97,1.62,4.35,5.45,1.65,4.21,4.73
4117,2024/25,2025-04-13,Wolves,Tottenham,4.0,2.0,H,2.0,0.0,A Taylor,13.0,11.0,5.0,4.0,1.0,4.0,12.0,15.0,1.0,2.0,0.0,0.0,2.2,3.6,3.1,2.25,3.57,3.23,2.29,3.63,3.16,2.23,3.55,3.14
4118,2024/25,2025-04-14,Bournemouth,Fulham,1.0,0.0,H,1.0,0.0,O Oliver,12.0,12.0,3.0,7.0,6.0,9.0,11.0,10.0,3.0,2.0,0.0,0.0,2.15,3.5,3.3,2.16,3.62,3.39,2.24,3.45,3.43,2.15,3.58,3.3
4119,2024/25,2025-04-16,Newcastle,Crystal Palace,5.0,0.0,H,4.0,0.0,D England,14.0,11.0,7.0,4.0,5.0,4.0,9.0,15.0,2.0,3.0,0.0,0.0,1.67,3.9,5.0,1.72,4.01,4.84,1.68,3.99,5.24,1.71,3.96,4.75
4120,2024/25,2025-04-19,Aston Villa,Newcastle,4.0,1.0,H,1.0,1.0,J Gillett,23.0,10.0,9.0,3.0,7.0,7.0,9.0,12.0,1.0,3.0,0.0,0.0,2.3,3.6,2.75,2.38,3.7,2.92,2.55,3.65,2.71,2.36,3.63,2.85
4121,2024/25,2025-04-19,Brentford,Brighton,4.0,2.0,H,1.0,1.0,T Robinson,16.0,12.0,8.0,3.0,4.0,8.0,7.0,11.0,3.0,3.0,0.0,1.0,2.4,3.75,2.63,2.56,3.59,2.75,2.7,3.66,2.6,2.5,3.61,2.7
4122,2024/25,2025-04-19,Crystal Palace,Bournemouth,0.0,0.0,D,0.0,0.0,S Barrott,5.0,15.0,0.0,4.0,5.0,4.0,13.0,10.0,3.0,4.0,1.0,0.0,2.45,3.6,2.63,2.59,3.61,2.71,2.59,3.54,2.79,2.54,3.54,2.69
4123,2024/25,2025-04-19,Everton,Man City,0.0,2.0,A,0.0,0.0,S Hooper,8.0,12.0,3.0,7.0,2.0,5.0,7.0,6.0,4.0,0.0,0.0,0.0,3.7,3.6,1.91,3.79,3.74,1.99,4.13,3.73,1.93,3.8,3.65,1.96
4124,2024/25,2025-04-19,West Ham,Southampton,1.0,1.0,D,0.0,0.0,A Kitchen,12.0,15.0,4.0,4.0,2.0,5.0,14.0,13.0,2.0,1.0,0.0,0.0,1.48,4.33,6.5,1.5,4.61,6.49,1.64,4.3,5.25,1.49,4.49,6.44
4125,2024/25,2025-04-20,Fulham,Chelsea,1.0,2.0,A,1.0,0.0,A Taylor,6.0,13.0,1.0,8.0,6.0,4.0,13.0,9.0,1.0,3.0,0.0,0.0,2.7,3.7,2.35,2.9,3.55,2.45,3.15,3.61,2.31,2.82,3.52,2.43
4126,2024/25,2025-04-20,Ipswich,Arsenal,0.0,4.0,A,0.0,2.0,C Kavanagh,4.0,24.0,0.0,7.0,0.0,12.0,10.0,7.0,0.0,0.0,1.0,0.0,8.0,4.5,1.4,7.87,4.95,1.41,8.93,5.22,1.37,7.83,4.81,1.4
4127,2024/25,2025-04-20,Leicester,Liverpool,0.0,1.0,A,0.0,0.0,S Attwell,5.0,28.0,0.0,10.0,1.0,13.0,11.0,7.0,1.0,2.0,0.0,0.0,11.0,6.25,1.22,11.65,6.96,1.23,13.5,7.25,1.22,11.76,6.63,1.23
4128,2024/25,2025-04-20,Man United,Wolves,0.0,1.0,A,0.0,0.0,R Jones,12.0,4.0,2.0,2.0,9.0,2.0,11.0,18.0,2.0,3.0,0.0,0.0,2.0,3.6,3.6,2.01,3.63,3.82,2.6,3.5,2.8,2.0,3.58,3.72
4129,2024/25,2025-04-21,Tottenham,Nott'm Forest,1.0,2.0,A,0.0,2.0,P Bankes,22.0,4.0,6.0,3.0,7.0,1.0,11.0,12.0,1.0,4.0,0.0,0.0,2.45,3.6,2.63,2.52,3.78,2.69,2.4,3.55,3.06,2.47,3.71,2.66
4130,2024/25,2025-04-22,Man City,Aston Villa,2.0,1.0,H,1.0,1.0,C Pawson,14.0,7.0,6.0,3.0,10.0,2.0,9.0,10.0,3.0,3.0,0.0,0.0,1.8,4.1,3.9,1.87,4.09,4.0,1.91,4.06,3.96,1.85,4.06,3.93
4131,2024/25,2025-04-23,Arsenal,Crystal Palace,2.0,2.0,D,2.0,1.0,M Salisbury,12.0,15.0,6.0,4.0,3.0,6.0,4.0,6.0,1.0,1.0,0.0,0.0,1.4,4.75,7.5,1.42,4.74,8.22,1.4,4.85,9.1,1.41,4.66,8.13
4132,2024/25,2025-04-26,Brighton,West Ham,3.0,2.0,H,1.0,0.0,D England,16.0,12.0,9.0,4.0,8.0,1.0,7.0,9.0,1.0,1.0,0.0,0.0,1.67,4.2,4.75,1.7,4.2,4.75,1.79,4.0,4.46,1.67,4.14,4.76
4133,2024/25,2025-04-26,Chelsea,Everton,1.0,0.0,H,1.0,0.0,C Kavanagh,10.0,6.0,7.0,3.0,10.0,2.0,11.0,11.0,0.0,0.0,0.0,0.0,1.55,4.0,6.0,1.58,4.17,6.05,1.44,4.95,7.5,1.58,4.08,5.91
4134,2024/25,2025-04-26,Newcastle,Ipswich,3.0,0.0,H,1.0,0.0,M Salisbury,25.0,4.0,5.0,0.0,11.0,2.0,9.0,9.0,1.0,2.0,0.0,1.0,1.18,7.5,13.0,1.18,8.02,14.29,1.17,8.5,17.5,1.18,7.72,14.89
4135,2024/25,2025-04-26,Southampton,Fulham,1.0,2.0,A,1.0,0.0,T Harrington,7.0,26.0,3.0,5.0,0.0,13.0,10.0,12.0,1.0,1.0,0.0,0.0,5.25,4.0,1.6,5.28,4.2,1.64,5.08,4.11,1.68,5.17,4.11,1.64
4136,2024/25,2025-04-26,Wolves,Leicester,3.0,0.0,H,1.0,0.0,S Barrott,20.0,8.0,6.0,2.0,4.0,2.0,7.0,17.0,1.0,4.0,0.0,0.0,1.5,4.2,6.25,1.52,4.45,6.49,1.55,4.46,6.03,1.51,4.38,6.24
4137,2024/25,2025-04-27,Bournemouth,Man United,1.0,1.0,D,1.0,0.0,P Bankes,8.0,25.0,1.0,6.0,5.0,10.0,11.0,12.0,4.0,2.0,1.0,0.0,1.67,4.0,4.5,1.68,4.21,4.86,1.98,3.93,3.72,1.67,4.13,4.77
4138,2024/25,2025-04-27,Liverpool,Tottenham,5.0,1.0,H,3.0,1.0,T Bramall,25.0,8.0,8.0,3.0,8.0,2.0,16.0,9.0,2.0,1.0,0.0,0.0,1.25,6.0,11.0,1.27,6.89,9.07,1.2,7.95,13.75,1.25,6.57,9.98
4139,2024/25,2025-05-01,Nott'm Forest,Brentford,0.0,2.0,A,0.0,1.0,D England,14.0,11.0,5.0,3.0,4.0,5.0,10.0,12.0,3.0,5.0,0.0,0.0,2.15,3.5,3.25,2.2,3.58,3.34,2.35,3.61,3.22,2.17,3.55,3.27
4140,2024/25,2025-05-02,Man City,Wolves,1.0,0.0,H,1.0,0.0,P Bankes,9.0,6.0,2.0,1.0,4.0,5.0,7.0,11.0,0.0,0.0,0.0,0.0,1.4,4.75,7.5,1.41,5.27,7.55,1.33,5.6,9.75,1.4,5.14,7.49
4141,2024/25,2025-05-03,Arsenal,Bournemouth,1.0,2.0,A,1.0,0.0,J Gillett,13.0,9.0,4.0,2.0,2.0,3.0,7.0,16.0,0.0,2.0,0.0,0.0,2.05,3.7,3.4,2.07,3.63,3.62,1.68,4.05,5.25,2.08,3.6,3.47
4142,2024/25,2025-05-03,Aston Villa,Fulham,1.0,0.0,H,1.0,0.0,R Jones,10.0,11.0,3.0,3.0,5.0,3.0,6.0,17.0,0.0,5.0,0.0,0.0,1.77,3.75,4.5,1.82,3.96,4.27,1.88,3.78,4.28,1.79,3.88,4.32
4143,2024/25,2025-05-03,Everton,Ipswich,2.0,2.0,D,2.0,1.0,L Smith,8.0,12.0,3.0,5.0,3.0,3.0,12.0,15.0,4.0,4.0,0.0,0.0,1.45,4.33,6.5,1.47,4.53,7.28,1.57,4.3,6.09,1.47,4.4,7.07
4144,2024/25,2025-05-03,Leicester,Southampton,2.0,0.0,H,2.0,0.0,D Webb,14.0,8.0,4.0,2.0,7.0,7.0,12.0,13.0,1.0,3.0,0.0,0.0,2.3,3.6,2.88,2.37,3.7,2.93,2.45,3.61,2.91,2.33,3.62,2.93
4145,2024/25,2025-05-04,Brentford,Man United,4.0,3.0,H,2.0,1.0,A Taylor,12.0,14.0,6.0,5.0,7.0,4.0,8.0,10.0,0.0,2.0,0.0,0.0,1.65,4.1,4.75,1.7,4.23,4.7,1.65,4.34,4.96,1.67,4.14,4.74
4146,2024/25,2025-05-04,Brighton,Newcastle,1.0,1.0,D,1.0,0.0,C Pawson,5.0,13.0,2.0,5.0,1.0,4.0,15.0,10.0,2.0,1.0,0.0,0.0,2.88,3.7,2.3,2.92,3.82,2.33,3.13,3.75,2.26,2.86,3.77,2.31
4147,2024/25,2025-05-04,Chelsea,Liverpool,3.0,1.0,H,1.0,0.0,S Hooper,17.0,11.0,7.0,2.0,3.0,6.0,10.0,11.0,2.0,2.0,0.0,0.0,2.15,3.7,3.1,2.19,3.78,3.21,2.34,3.84,2.95,2.18,3.71,3.14
4148,2024/25,2025-05-04,West Ham,Tottenham,1.0,1.0,D,1.0,1.0,M Oliver,11.0,7.0,2.0,2.0,1.0,3.0,18.0,15.0,2.0,2.0,0.0,0.0,2.1,3.7,3.25,2.08,3.73,3.5,1.85,3.95,4.22,2.1,3.73,3.31
4149,2024/25,2025-05-05,Crystal Palace,Nott'm Forest,1.0,1.0,D,0.0,0.0,A Madley,20.0,12.0,3.0,4.0,7.0,4.0,9.0,15.0,3.0,8.0,0.0,0.0,2.25,3.4,3.2,2.31,3.44,3.23,2.19,3.5,3.5,2.29,3.38,3.15
4150,2024/25,2025-05-10,Bournemouth,Aston Villa,0.0,1.0,A,0.0,1.0,S Attwell,10.0,6.0,4.0,3.0,10.0,0.0,19.0,12.0,4.0,3.0,0.0,1.0,2.4,3.6,2.75,2.46,3.75,2.78,2.62,3.58,2.73,2.45,3.68,2.71
4151,2024/25,2025-05-10,Fulham,Everton,1.0,3.0,A,1.0,1.0,M Salisbury,18.0,11.0,6.0,7.0,5.0,5.0,15.0,9.0,1.0,0.0,0.0,0.0,1.82,3.4,4.5,1.88,3.57,4.45,1.77,3.75,4.94,1.87,3.55,4.32
4152,2024/25,2025-05-10,Ipswich,Brentford,0.0,1.0,A,0.0,1.0,S Barrott,11.0,15.0,4.0,5.0,5.0,6.0,6.0,12.0,2.0,4.0,0.0,0.0,5.0,4.0,1.65,5.1,4.21,1.66,5.83,4.84,1.52,4.94,4.2,1.65
4153,2024/25,2025-05-10,Southampton,Man City,0.0,0.0,D,0.0,0.0,T Robinson,2.0,26.0,0.0,5.0,1.0,15.0,9.0,8.0,2.0,0.0,0.0,0.0,11.0,7.5,1.2,14.01,7.65,1.19,15.0,8.0,1.19,13.37,7.58,1.19
4154,2024/25,2025-05-10,Wolves,Brighton,0.0,2.0,A,0.0,1.0,M Oliver,10.0,7.0,3.0,2.0,7.0,4.0,8.0,12.0,1.0,1.0,0.0,0.0,2.7,3.5,2.5,2.76,3.47,2.61,3.08,3.39,2.45,2.73,3.47,2.54
4155,2024/25,2025-05-11,Liverpool,Arsenal,2.0,2.0,D,2.0,0.0,A Taylor,14.0,15.0,5.0,7.0,3.0,1.0,13.0,10.0,1.0,1.0,0.0,1.0,2.0,3.6,3.6,2.08,3.54,3.71,2.24,3.68,3.22,2.06,3.54,3.57
4156,2024/25,2025-05-11,Man United,West Ham,0.0,2.0,A,0.0,1.0,J Gillett,20.0,9.0,5.0,4.0,8.0,5.0,3.0,13.0,0.0,1.0,0.0,0.0,1.9,3.6,4.0,1.93,3.78,3.95,2.02,3.68,3.74,1.92,3.72,3.83
4157,2024/25,2025-05-11,Newcastle,Chelsea,2.0,0.0,H,1.0,0.0,J Brooks,15.0,10.0,6.0,3.0,2.0,8.0,9.0,13.0,4.0,2.0,0.0,1.0,2.1,3.75,3.1,2.15,3.78,3.28,2.29,3.73,3.1,2.13,3.76,3.18
4158,2024/25,2025-05-11,Nott'm Forest,Leicester,2.0,2.0,D,1.0,1.0,T Harrington,15.0,10.0,4.0,6.0,4.0,4.0,11.0,11.0,3.0,3.0,0.0,0.0,1.33,5.25,8.0,1.34,5.56,8.99,1.39,5.19,7.91,1.33,5.34,8.83
4159,2024/25,2025-05-11,Tottenham,Crystal Palace,0.0,2.0,A,0.0,1.0,C Kavanagh,8.0,23.0,1.0,10.0,4.0,8.0,12.0,10.0,1.0,1.0,0.0,0.0,2.63,3.6,2.5,2.69,3.74,2.54,3.13,3.74,2.26,2.65,3.68,2.5
4160,2024/25,2025-05-16,Aston Villa,Tottenham,2.0,0.0,H,0.0,0.0,P Bankes,18.0,3.0,7.0,1.0,9.0,1.0,5.0,12.0,1.0,2.0,0.0,0.0,1.3,6.0,8.5,1.33,6.02,8.61,1.26,7.0,11.0,1.32,5.95,8.45
4161,2024/25,2025-05-16,Chelsea,Man United,1.0,0.0,H,0.0,0.0,C Kavanagh,11.0,4.0,3.0,1.0,7.0,2.0,10.0,14.0,1.0,6.0,0.0,0.0,1.44,5.0,6.25,1.47,4.89,6.68,1.56,4.7,5.75,1.46,4.9,6.51
4162,2024/25,2025-05-18,Arsenal,Newcastle,1.0,0.0,H,0.0,0.0,S Hooper,12.0,14.0,4.0,5.0,10.0,7.0,9.0,9.0,3.0,3.0,0.0,0.0,1.95,3.7,3.7,2.03,3.58,3.83,1.94,3.79,3.98,2.01,3.59,3.7
4163,2024/25,2025-05-18,Brentford,Fulham,2.0,3.0,A,2.0,1.0,J Gillett,11.0,16.0,6.0,7.0,5.0,3.0,12.0,8.0,4.0,4.0,0.0,0.0,1.91,3.9,3.6,1.96,3.95,3.68,2.07,3.79,3.56,1.93,3.9,3.64
4164,2024/25,2025-05-18,Everton,Southampton,2.0,0.0,H,2.0,0.0,M Oliver,13.0,6.0,5.0,2.0,4.0,5.0,6.0,10.0,1.0,1.0,0.0,0.0,1.4,4.75,7.5,1.4,4.9,8.19,1.43,4.95,7.6,1.4,4.79,7.93
4165,2024/25,2025-05-18,Leicester,Ipswich,2.0,0.0,H,1.0,0.0,A Kitchen,9.0,20.0,3.0,2.0,2.0,2.0,15.0,12.0,1.0,0.0,0.0,0.0,2.3,3.6,2.9,2.37,3.65,2.97,2.27,3.77,3.11,2.33,3.59,2.94
4166,2024/25,2025-05-18,West Ham,Nott'm Forest,1.0,2.0,A,0.0,1.0,S Barrott,16.0,10.0,5.0,5.0,8.0,7.0,14.0,7.0,6.0,3.0,0.0,0.0,2.75,3.3,2.55,2.84,3.43,2.56,3.05,3.44,2.44,2.8,3.4,2.53
4167,2024/25,2025-05-19,Brighton,Liverpool,3.0,2.0,H,1.0,2.0,J Brooks,25.0,18.0,12.0,5.0,3.0,3.0,9.0,8.0,1.0,0.0,0.0,0.0,2.6,3.75,2.45,2.69,3.83,2.49,2.2,3.99,3.09,2.63,3.82,2.46
4168,2024/25,2025-05-20,Crystal Palace,Wolves,4.0,2.0,H,2.0,1.0,D Webb,14.0,12.0,10.0,3.0,0.0,10.0,14.0,8.0,1.0,2.0,0.0,0.0,2.25,3.3,3.2,2.29,3.37,3.34,2.41,3.26,3.23,2.27,3.32,3.26
4169,2024/25,2025-05-20,Man City,Bournemouth,3.0,1.0,H,2.0,0.0,T Bramall,12.0,8.0,5.0,2.0,3.0,1.0,7.0,13.0,1.0,3.0,1.0,1.0,1.55,4.33,5.75,1.57,4.52,5.6,1.34,5.8,8.9,1.55,4.51,5.49
4170,2024/25,2025-05-25,Bournemouth,Leicester,2.0,0.0,H,0.0,0.0,L Smith,20.0,3.0,7.0,0.0,6.0,1.0,19.0,16.0,0.0,2.0,0.0,0.0,1.33,5.25,8.5,1.34,5.82,8.37,1.34,5.67,9.01,1.33,5.61,8.35
4171,2024/25,2025-05-25,Fulham,Man City,0.0,2.0,A,0.0,1.0,A Madley,13.0,20.0,3.0,5.0,1.0,6.0,11.0,5.0,0.0,0.0,0.0,0.0,5.0,4.2,1.6,5.54,4.19,1.62,6.32,4.57,1.52,5.15,4.28,1.61
4172,2024/25,2025-05-25,Ipswich,West Ham,1.0,3.0,A,0.0,1.0,T Robinson,14.0,10.0,4.0,6.0,4.0,0.0,10.0,9.0,1.0,1.0,0.0,0.0,3.0,3.8,2.2,3.02,3.9,2.24,3.28,3.63,2.23,2.99,3.85,2.21
4173,2024/25,2025-05-25,Liverpool,Crystal Palace,1.0,1.0,D,0.0,1.0,D England,14.0,8.0,3.0,5.0,11.0,0.0,7.0,10.0,1.0,0.0,1.0,0.0,1.4,6.0,5.75,1.42,5.68,6.36,1.38,6.04,7.14,1.4,5.65,6.27
4174,2024/25,2025-05-25,Man United,Aston Villa,2.0,0.0,H,0.0,0.0,T Bramall,25.0,6.0,10.0,1.0,4.0,3.0,10.0,10.0,2.0,2.0,0.0,1.0,4.33,4.2,1.7,4.4,4.26,1.74,4.82,4.37,1.68,4.37,4.16,1.73
4175,2024/25,2025-05-25,Newcastle,Everton,0.0,1.0,A,0.0,0.0,T Harrington,17.0,14.0,6.0,6.0,12.0,3.0,12.0,9.0,1.0,4.0,0.0,0.0,1.33,5.5,8.5,1.33,5.85,8.55,1.28,6.19,10.36,1.32,5.6,8.77
4176,2024/25,2025-05-25,Nott'm Forest,Chelsea,0.0,1.0,A,0.0,0.0,A Taylor,10.0,6.0,2.0,2.0,7.0,4.0,10.0,11.0,2.0,2.0,0.0,0.0,3.0,3.75,2.2,3.15,3.76,2.22,3.5,3.87,2.07,3.09,3.72,2.2
4177,2024/25,2025-05-25,Southampton,Arsenal,1.0,2.0,A,0.0,1.0,D Bond,7.0,23.0,2.0,8.0,5.0,8.0,7.0,8.0,0.0,0.0,0.0,0.0,8.5,6.0,1.3,9.46,5.85,1.3,11.73,6.54,1.25,9.45,5.83,1.29
4178,2024/25,2025-05-25,Tottenham,Brighton,1.0,4.0,A,1.0,0.0,R Jones,4.0,23.0,2.0,8.0,2.0,11.0,13.0,8.0,3.0,1.0,0.0,0.0,4.2,4.33,1.7,4.33,4.52,1.71,3.83,4.06,1.92,4.23,4.43,1.71
4179,2024/25,2025-05-25,Wolves,Brentford,1.0,1.0,D,0.0,1.0,C Pawson,18.0,13.0,6.0,7.0,8.0,3.0,7.0,9.0,2.0,1.0,0.0,0.0,2.7,3.7,2.45,2.74,3.83,2.45,3.0,3.82,2.31,2.71,3.76,2.43
4180,2025/26,2025-08-15,Liverpool,Bournemouth,4.0,2.0,H,1.0,0.0,A Taylor,19.0,10.0,10.0,3.0,6.0,7.0,7.0,10.0,1.0,2.0,0.0,0.0,1.3,6.0,8.5,1.28,6.56,9.07,1.29,6.55,9.75,1.31,5.96,8.31
4181,2025/26,2025-08-16,Aston Villa,Newcastle,0.0,0.0,D,0.0,0.0,C Pawson,3.0,16.0,3.0,3.0,3.0,6.0,13.0,11.0,1.0,1.0,1.0,0.0,2.25,3.5,2.9,2.24,3.72,3.13,2.32,3.63,3.07,2.3,3.56,2.94
4182,2025/26,2025-08-16,Brighton,Fulham,1.0,1.0,D,0.0,0.0,S Barrott,10.0,7.0,4.0,2.0,4.0,3.0,16.0,15.0,3.0,3.0,0.0,0.0,1.91,3.6,4.0,1.94,3.73,3.98,1.92,3.66,4.27,1.92,3.62,3.91
4183,2025/26,2025-08-16,Sunderland,West Ham,3.0,0.0,H,0.0,0.0,R Jones,10.0,12.0,5.0,4.0,5.0,7.0,8.0,10.0,0.0,1.0,0.0,0.0,3.25,3.4,2.25,3.27,3.43,2.29,3.55,3.24,2.29,3.17,3.38,2.26
4184,2025/26,2025-08-16,Tottenham,Burnley,3.0,0.0,H,1.0,0.0,M Oliver,16.0,14.0,6.0,4.0,6.0,5.0,14.0,8.0,0.0,0.0,0.0,0.0,1.38,4.75,8.5,1.4,4.71,8.79,1.56,4.2,6.7,1.37,4.8,8.3
4185,2025/26,2025-08-16,Wolves,Man City,0.0,4.0,A,0.0,2.0,J Gillett,9.0,15.0,3.0,4.0,4.0,6.0,13.0,7.0,1.0,2.0,0.0,0.0,6.25,4.75,1.45,6.72,4.92,1.46,6.22,4.7,1.52,6.73,4.73,1.44
4186,2025/26,2025-08-17,Chelsea,Crystal Palace,0.0,0.0,D,0.0,0.0,D England,19.0,12.0,3.0,4.0,11.0,2.0,10.0,12.0,2.0,3.0,0.0,0.0,1.62,4.33,4.5,1.66,4.12,5.25,1.75,4.1,4.67,1.61,4.21,5.08
4187,2025/26,2025-08-17,Man United,Arsenal,0.0,1.0,A,0.0,1.0,S Hooper,22.0,9.0,7.0,3.0,3.0,4.0,10.0,19.0,1.0,4.0,0.0,0.0,3.6,3.6,1.95,3.74,3.72,2.01,3.84,3.71,2.0,3.57,3.56,2.01
4188,2025/26,2025-08-17,Nott'm Forest,Brentford,3.0,1.0,H,3.0,0.0,P Bankes,11.0,10.0,5.0,3.0,5.0,5.0,7.0,15.0,1.0,2.0,0.0,0.0,2.2,3.3,3.5,2.25,3.38,3.4,2.18,3.37,3.66,2.15,3.36,3.43
4189,2025/26,2025-08-18,Leeds,Everton,1.0,0.0,H,0.0,0.0,C Kavanagh,21.0,7.0,3.0,1.0,7.0,2.0,6.0,8.0,0.0,2.0,0.0,0.0,2.38,3.3,3.0,2.37,3.52,3.06,2.36,3.3,3.32,2.39,3.29,2.96
4190,2025/26,2025-08-22,West Ham,Chelsea,1.0,5.0,A,1.0,3.0,M Oliver,12.0,12.0,4.0,7.0,7.0,5.0,7.0,10.0,0.0,1.0,0.0,0.0,4.75,3.8,1.73,4.94,3.95,1.74,5.17,4.14,1.68,4.68,3.88,1.71
4191,2025/26,2025-08-23,Arsenal,Leeds,5.0,0.0,H,2.0,0.0,J Gillett,18.0,3.0,5.0,1.0,2.0,2.0,8.0,11.0,0.0,2.0,0.0,0.0,1.27,6.25,9.5,1.28,6.21,9.68,1.34,5.55,9.7,1.27,5.93,10.61
4192,2025/26,2025-08-23,Bournemouth,Wolves,1.0,0.0,H,1.0,0.0,T Bramall,14.0,6.0,4.0,1.0,8.0,3.0,13.0,16.0,2.0,4.0,0.0,1.0,1.8,3.8,4.2,1.79,3.98,4.4,1.81,3.88,4.59,1.79,3.88,4.24
4193,2025/26,2025-08-23,Brentford,Aston Villa,1.0,0.0,H,1.0,0.0,T Harrington,9.0,17.0,2.0,2.0,2.0,9.0,11.0,9.0,1.0,2.0,0.0,0.0,3.1,3.6,2.2,3.26,3.49,2.27,3.29,3.48,2.29,3.11,3.53,2.21
4194,2025/26,2025-08-23,Burnley,Sunderland,2.0,0.0,H,0.0,0.0,M Salisbury,7.0,9.0,2.0,1.0,4.0,3.0,9.0,5.0,0.0,1.0,0.0,0.0,2.2,3.2,3.5,2.21,3.26,3.63,2.35,3.19,3.47,2.25,3.16,3.42
4195,2025/26,2025-08-23,Man City,Tottenham,0.0,2.0,A,0.0,2.0,P Bankes,10.0,12.0,4.0,5.0,7.0,2.0,7.0,12.0,1.0,4.0,0.0,0.0,1.48,4.5,6.25,1.49,5.0,6.01,1.51,4.93,6.07,1.48,4.7,6.08
4196,2025/26,2025-08-24,Crystal Palace,Nott'm Forest,1.0,1.0,D,1.0,0.0,A Taylor,8.0,9.0,4.0,1.0,1.0,3.0,11.0,11.0,3.0,3.0,0.0,0.0,2.35,3.3,3.1,2.41,3.25,3.22,2.45,3.25,3.21,2.35,3.26,3.07
4197,2025/26,2025-08-24,Everton,Brighton,2.0,0.0,H,1.0,0.0,S Attwell,11.0,13.0,3.0,4.0,2.0,2.0,7.0,15.0,4.0,3.0,0.0,0.0,3.1,3.3,2.3,3.16,3.36,2.38,3.14,3.36,2.43,3.08,3.3,2.32
4198,2025/26,2025-08-24,Fulham,Man United,1.0,1.0,D,0.0,0.0,C Kavanagh,13.0,10.0,4.0,3.0,9.0,6.0,12.0,10.0,1.0,1.0,0.0,0.0,3.25,3.5,2.15,3.3,3.54,2.23,3.53,3.49,2.18,3.27,3.53,2.13
4199,2025/26,2025-08-25,Newcastle,Liverpool,2.0,3.0,A,0.0,1.0,S Hooper,10.0,5.0,3.0,4.0,7.0,1.0,17.0,15.0,2.0,3.0,1.0,0.0,3.25,3.8,2.05,3.29,3.92,2.11,2.97,3.74,2.36,3.3,3.83,2.02
4200,2025/26,2025-08-30,Chelsea,Fulham,2.0,0.0,H,1.0,0.0,R Jones,13.0,11.0,6.0,3.0,6.0,4.0,11.0,17.0,2.0,2.0,0.0,0.0,1.55,4.33,5.25,1.57,4.37,5.75,1.67,3.97,5.49,1.55,4.35,5.6
4201,2025/26,2025-08-30,Leeds,Newcastle,0.0,0.0,D,0.0,0.0,P Bankes,10.0,8.0,1.0,2.0,5.0,5.0,10.0,15.0,1.0,1.0,0.0,0.0,3.5,3.4,2.1,3.47,3.54,2.16,3.16,3.55,2.33,3.37,3.49,2.12
4202,2025/26,2025-08-30,Man United,Burnley,3.0,2.0,H,1.0,0.0,S Barrott,26.0,6.0,6.0,3.0,7.0,1.0,9.0,9.0,1.0,5.0,0.0,0.0,1.33,5.25,8.0,1.36,5.39,8.45,1.4,5.11,7.98,1.35,5.15,8.28
4203,2025/26,2025-08-30,Sunderland,Brentford,2.0,1.0,H,0.0,0.0,A Taylor,12.0,7.0,3.0,4.0,3.0,4.0,11.0,12.0,3.0,2.0,0.0,0.0,3.0,3.3,2.4,3.03,3.24,2.53,3.08,3.29,2.5,2.92,3.27,2.46
4204,2025/26,2025-08-30,Tottenham,Bournemouth,0.0,1.0,A,0.0,1.0,S Hooper,5.0,20.0,1.0,6.0,0.0,8.0,17.0,13.0,2.0,4.0,0.0,0.0,1.73,4.2,4.2,1.76,4.14,4.39,1.97,3.71,3.97,1.73,4.06,4.29
4205,2025/26,2025-08-30,Wolves,Everton,2.0,3.0,A,1.0,2.0,M Oliver,12.0,10.0,4.0,4.0,2.0,2.0,15.0,10.0,0.0,1.0,0.0,0.0,2.7,3.2,2.75,2.74,3.23,2.79,3.21,3.2,2.48,2.66,3.19,2.74
4206,2025/26,2025-08-31,Aston Villa,Crystal Palace,0.0,3.0,A,0.0,1.0,S Attwell,13.0,6.0,4.0,4.0,10.0,1.0,7.0,14.0,2.0,3.0,0.0,0.0,1.85,3.7,4.0,1.9,3.69,4.21,2.03,3.51,3.98,1.88,3.56,4.07
4207,2025/26,2025-08-31,Brighton,Man City,2.0,1.0,H,0.0,1.0,D England,12.0,12.0,7.0,3.0,3.0,2.0,16.0,14.0,2.0,2.0,0.0,0.0,3.8,3.9,1.9,3.92,3.89,1.91,3.77,3.79,2.0,3.78,3.84,1.85
4208,2025/26,2025-08-31,Liverpool,Arsenal,1.0,0.0,H,0.0,0.0,C Kavanagh,9.0,11.0,3.0,1.0,3.0,8.0,7.0,10.0,2.0,2.0,0.0,0.0,2.2,3.5,3.2,2.27,3.47,3.28,2.4,3.53,3.05,2.2,3.49,3.17
4209,2025/26,2025-08-31,Nott'm Forest,West Ham,0.0,3.0,A,0.0,0.0,C Pawson,11.0,12.0,3.0,8.0,9.0,7.0,14.0,6.0,0.0,0.0,0.0,0.0,1.67,3.75,5.25,1.69,3.98,5.13,1.69,4.0,5.17,1.69,3.74,5.03
4210,2025/26,2025-09-13,Arsenal,Nott'm Forest,3.0,0.0,H,1.0,0.0,D England,16.0,5.0,5.0,1.0,8.0,4.0,8.0,11.0,1.0,1.0,0.0,0.0,1.38,5.0,8.0,1.38,5.25,8.14,1.38,5.12,8.32,1.38,4.85,8.16
4211,2025/26,2025-09-13,Bournemouth,Brighton,2.0,1.0,H,1.0,0.0,P Bankes,13.0,6.0,5.0,2.0,4.0,4.0,16.0,10.0,4.0,4.0,0.0,0.0,2.35,3.5,2.9,2.4,3.57,2.98,2.47,3.54,2.94,2.38,3.5,2.87
4212,2025/26,2025-09-13,Brentford,Chelsea,2.0,2.0,D,1.0,0.0,S Attwell,7.0,16.0,4.0,6.0,5.0,6.0,13.0,9.0,3.0,2.0,0.0,0.0,4.5,3.9,1.73,4.63,3.95,1.76,4.21,3.86,1.88,4.54,3.92,1.73
4213,2025/26,2025-09-13,Crystal Palace,Sunderland,0.0,0.0,D,0.0,0.0,T Bramall,14.0,6.0,6.0,0.0,5.0,3.0,10.0,8.0,1.0,1.0,0.0,0.0,1.65,3.75,5.75,1.69,3.77,5.51,1.69,3.69,5.82,1.66,3.76,5.42
4214,2025/26,2025-09-13,Everton,Aston Villa,0.0,0.0,D,0.0,0.0,S Hooper,20.0,7.0,2.0,1.0,10.0,3.0,17.0,15.0,3.0,3.0,0.0,0.0,2.45,3.3,2.9,2.46,3.41,3.01,2.7,3.26,2.86,2.44,3.27,2.95
4215,2025/26,2025-09-13,Fulham,Leeds,1.0,0.0,H,0.0,0.0,C Pawson,5.0,10.0,3.0,3.0,3.0,3.0,20.0,15.0,1.0,2.0,0.0,0.0,1.91,3.5,4.0,1.99,3.56,3.99,2.11,3.38,3.87,1.96,3.51,3.89
4216,2025/26,2025-09-13,Newcastle,Wolves,1.0,0.0,H,1.0,0.0,C Kavanagh,16.0,8.0,4.0,3.0,10.0,4.0,10.0,17.0,1.0,4.0,0.0,0.0,1.42,4.75,7.0,1.43,4.93,7.21,1.37,5.2,9.25,1.43,4.62,7.45
4217,2025/26,2025-09-13,West Ham,Tottenham,0.0,3.0,A,0.0,0.0,J Gillett,7.0,14.0,4.0,5.0,2.0,13.0,8.0,7.0,0.0,1.0,1.0,0.0,3.4,3.6,2.1,3.55,3.62,2.1,3.44,3.59,2.18,3.36,3.56,2.1
4218,2025/26,2025-09-14,Burnley,Liverpool,0.0,1.0,A,0.0,0.0,M Oliver,3.0,27.0,0.0,4.0,1.0,13.0,9.0,9.0,0.0,2.0,0.0,0.0,8.0,5.5,1.33,9.0,5.44,1.34,9.5,5.7,1.33,8.6,5.43,1.33
4219,2025/26,2025-09-14,Man City,Man United,3.0,0.0,H,1.0,0.0,A Taylor,13.0,12.0,6.0,2.0,2.0,4.0,8.0,8.0,0.0,0.0,0.0,0.0,1.75,4.0,4.2,1.8,4.0,4.33,1.77,4.05,4.53,1.76,3.99,4.19
4220,2025/26,2025-09-20,Brighton,Tottenham,2.0,2.0,D,2.0,1.0,C Kavanagh,12.0,11.0,4.0,3.0,2.0,10.0,10.0,13.0,1.0,2.0,0.0,0.0,2.25,3.7,3.0,2.28,3.67,3.1,2.28,3.74,3.1,2.25,3.61,3.0
4221,2025/26,2025-09-20,Burnley,Nott'm Forest,1.0,1.0,D,1.0,1.0,T Bramall,12.0,17.0,5.0,8.0,4.0,5.0,12.0,11.0,1.0,1.0,0.0,0.0,3.4,3.3,2.2,3.43,3.47,2.2,3.46,3.37,2.26,3.36,3.37,2.18
4222,2025/26,2025-09-20,Fulham,Brentford,3.0,1.0,H,2.0,1.0,M Oliver,14.0,8.0,3.0,3.0,2.0,10.0,11.0,13.0,4.0,1.0,0.0,0.0,2.0,3.4,3.8,2.05,3.44,3.92,2.19,3.32,3.71,2.02,3.48,3.69
4223,2025/26,2025-09-20,Liverpool,Everton,2.0,1.0,H,2.0,0.0,D England,11.0,9.0,3.0,2.0,5.0,4.0,11.0,10.0,2.0,3.0,0.0,0.0,1.45,4.75,6.5,1.45,4.7,7.25,1.54,4.4,6.5,1.45,4.65,6.7
4224,2025/26,2025-09-20,Man United,Chelsea,2.0,1.0,H,2.0,0.0,P Bankes,11.0,5.0,4.0,1.0,5.0,5.0,13.0,14.0,0.0,5.0,1.0,1.0,2.6,3.8,2.45,2.71,3.74,2.52,2.71,3.69,2.58,2.68,3.69,2.44
4225,2025/26,2025-09-20,West Ham,Crystal Palace,1.0,2.0,A,0.0,1.0,T Harrington,8.0,18.0,3.0,3.0,8.0,8.0,15.0,5.0,3.0,3.0,0.0,0.0,2.88,3.5,2.38,3.09,3.39,2.41,3.26,3.4,2.34,2.98,3.36,2.37
4226,2025/26,2025-09-20,Wolves,Leeds,1.0,3.0,A,1.0,3.0,A Taylor,16.0,6.0,6.0,4.0,4.0,0.0,11.0,9.0,1.0,1.0,0.0,0.0,2.7,3.2,2.75,2.78,3.21,2.76,2.85,3.17,2.77,2.67,3.16,2.74
4227,2025/26,2025-09-21,Arsenal,Man City,1.0,1.0,D,0.0,1.0,S Attwell,12.0,5.0,3.0,3.0,11.0,2.0,11.0,10.0,1.0,2.0,0.0,0.0,1.85,3.9,3.8,1.92,3.8,3.99,2.05,3.65,3.76,1.9,3.7,3.85
4228,2025/26,2025-09-21,Bournemouth,Newcastle,0.0,0.0,D,0.0,0.0,R Jones,11.0,4.0,2.0,1.0,5.0,2.0,7.0,10.0,2.0,1.0,0.0,0.0,2.5,3.5,2.7,2.47,3.57,2.87,2.52,3.45,2.93,2.44,3.45,2.78
4229,2025/26,2025-09-21,Sunderland,Aston Villa,1.0,1.0,D,0.0,0.0,S Barrott,14.0,12.0,4.0,2.0,6.0,5.0,14.0,8.0,2.0,1.0,1.0,0.0,3.4,3.5,2.1,3.71,3.37,2.14,3.61,3.32,2.22,3.56,3.34,2.1
4230,2025/26,2025-09-27,Brentford,Man United,3.0,1.0,H,2.0,1.0,C Pawson,10.0,14.0,8.0,6.0,4.0,2.0,14.0,10.0,2.0,2.0,0.0,0.0,3.4,3.8,2.0,3.47,3.79,2.07,3.39,3.82,2.12,3.4,3.77,2.02
4231,2025/26,2025-09-27,Chelsea,Brighton,1.0,3.0,A,1.0,0.0,S Hooper,13.0,12.0,3.0,3.0,5.0,7.0,9.0,16.0,3.0,5.0,1.0,0.0,1.85,3.8,3.8,1.9,3.86,3.98,1.91,3.91,4.0,1.86,3.86,3.86
4232,2025/26,2025-09-27,Crystal Palace,Liverpool,2.0,1.0,H,1.0,0.0,C Kavanagh,16.0,20.0,7.0,4.0,2.0,6.0,10.0,8.0,1.0,3.0,0.0,0.0,3.8,3.8,1.9,3.93,3.73,1.95,4.3,3.71,1.89,3.82,3.72,1.91
4233,2025/26,2025-09-27,Leeds,Bournemouth,2.0,2.0,D,1.0,1.0,M Oliver,19.0,12.0,8.0,5.0,7.0,4.0,12.0,13.0,2.0,2.0,0.0,0.0,3.1,3.25,2.38,2.99,3.32,2.51,3.01,3.37,2.5,2.98,3.29,2.41
4234,2025/26,2025-09-27,Man City,Burnley,5.0,1.0,H,1.0,1.0,R Jones,21.0,9.0,8.0,2.0,10.0,2.0,5.0,7.0,1.0,3.0,0.0,0.0,1.17,7.5,15.0,1.17,8.36,14.45,1.2,7.49,14.84,1.17,7.48,15.54
4235,2025/26,2025-09-27,Nott'm Forest,Sunderland,0.0,1.0,A,0.0,1.0,T Harrington,22.0,11.0,6.0,3.0,7.0,4.0,11.0,6.0,4.0,2.0,0.0,0.0,1.75,3.75,4.5,1.78,3.82,4.76,1.78,3.82,4.79,1.77,3.67,4.64
4236,2025/26,2025-09-27,Tottenham,Wolves,1.0,1.0,D,0.0,0.0,M Salisbury,10.0,9.0,3.0,3.0,10.0,9.0,9.0,11.0,3.0,2.0,0.0,0.0,1.5,4.5,6.0,1.49,4.96,6.08,1.58,4.37,5.76,1.47,4.57,6.38
4237,2025/26,2025-09-28,Aston Villa,Fulham,3.0,1.0,H,1.0,1.0,A Madley,9.0,11.0,4.0,4.0,2.0,8.0,10.0,13.0,1.0,4.0,0.0,0.0,2.3,3.1,3.4,2.3,3.15,3.55,2.38,3.25,3.34,2.29,3.19,3.3
4238,2025/26,2025-09-28,Newcastle,Arsenal,1.0,2.0,A,1.0,0.0,J Gillett,8.0,20.0,3.0,7.0,7.0,12.0,8.0,9.0,2.0,1.0,0.0,0.0,3.6,3.4,2.1,3.64,3.4,2.15,3.78,3.36,2.14,3.51,3.32,2.12
4239,2025/26,2025-09-29,Everton,West Ham,1.0,1.0,D,1.0,0.0,S Barrott,12.0,14.0,6.0,3.0,3.0,5.0,7.0,16.0,3.0,4.0,0.0,0.0,1.7,3.75,5.0,1.74,3.88,4.9,1.68,3.9,5.46,1.72,3.69,4.83
4240,2025/26,2025-10-03,Bournemouth,Fulham,3.0,1.0,H,0.0,0.0,S Hooper,11.0,12.0,6.0,4.0,4.0,3.0,8.0,10.0,0.0,1.0,0.0,0.0,1.95,3.5,3.9,1.99,3.6,3.93,2.02,3.55,3.98,1.97,3.5,3.85
4241,2025/26,2025-10-04,Arsenal,West Ham,2.0,0.0,H,1.0,0.0,J Brooks,21.0,4.0,5.0,0.0,8.0,3.0,14.0,14.0,0.0,2.0,0.0,0.0,1.18,6.5,17.0,1.21,6.93,13.68,1.22,6.82,14.76,1.19,6.83,15.25
4242,2025/26,2025-10-04,Chelsea,Liverpool,2.0,1.0,H,1.0,0.0,A Taylor,12.0,12.0,6.0,2.0,7.0,2.0,9.0,8.0,0.0,2.0,0.0,0.0,2.8,3.75,2.3,2.92,3.89,2.3,2.9,3.85,2.36,2.87,3.7,2.28
4243,2025/26,2025-10-04,Leeds,Tottenham,1.0,2.0,A,1.0,1.0,T Bramall,16.0,9.0,4.0,3.0,4.0,1.0,10.0,12.0,2.0,3.0,0.0,0.0,2.7,3.5,2.5,2.78,3.56,2.55,2.77,3.45,2.65,2.75,3.46,2.49
4244,2025/26,2025-10-04,Man United,Sunderland,2.0,0.0,H,2.0,0.0,S Attwell,15.0,8.0,6.0,3.0,2.0,3.0,10.0,12.0,1.0,4.0,0.0,0.0,1.5,4.75,5.75,1.51,4.7,6.18,1.57,4.41,5.78,1.5,4.55,5.98
4245,2025/26,2025-10-05,Aston Villa,Burnley,2.0,1.0,H,1.0,0.0,A Kitchen,15.0,5.0,7.0,2.0,6.0,4.0,9.0,15.0,3.0,1.0,0.0,0.0,1.6,4.0,5.75,1.6,3.99,6.21,1.65,3.91,5.77,1.59,4.0,5.76
4246,2025/26,2025-10-05,Brentford,Man City,0.0,1.0,A,0.0,1.0,D England,6.0,10.0,1.0,4.0,3.0,2.0,10.0,6.0,3.0,2.0,0.0,0.0,4.75,4.5,1.62,4.87,4.5,1.64,5.04,4.39,1.65,4.73,4.27,1.64
4247,2025/26,2025-10-05,Everton,Crystal Palace,2.0,1.0,H,0.0,1.0,M Salisbury,14.0,15.0,7.0,8.0,2.0,4.0,13.0,16.0,2.0,3.0,0.0,0.0,2.45,3.25,3.0,2.59,3.26,2.95,2.61,3.23,2.99,2.53,3.21,2.89
4248,2025/26,2025-10-05,Newcastle,Nott'm Forest,2.0,0.0,H,0.0,0.0,P Bankes,18.0,5.0,9.0,4.0,8.0,1.0,16.0,15.0,0.0,4.0,0.0,0.0,1.57,4.2,5.5,1.63,4.3,5.27,1.57,4.39,5.91,1.58,4.21,5.46
4249,2025/26,2025-10-05,Wolves,Brighton,1.0,1.0,D,1.0,0.0,J Gillett,6.0,17.0,3.0,6.0,2.0,8.0,13.0,9.0,2.0,4.0,0.0,0.0,3.6,3.7,2.0,3.82,3.68,1.99,3.82,3.68,2.02,3.67,3.6,1.99
4250,2025/26,2025-10-18,Brighton,Newcastle,2.0,1.0,H,1.0,0.0,C Pawson,13.0,16.0,5.0,3.0,8.0,4.0,9.0,9.0,0.0,1.0,0.0,0.0,2.63,3.4,2.6,2.71,3.52,2.64,2.87,3.5,2.54,2.61,3.48,2.62
4251,2025/26,2025-10-18,Burnley,Leeds,2.0,0.0,H,1.0,0.0,T Robinson,4.0,19.0,3.0,4.0,1.0,5.0,10.0,7.0,2.0,1.0,0.0,0.0,3.25,3.25,2.25,3.43,3.29,2.28,3.57,3.23,2.28,3.3,3.25,2.26
4252,2025/26,2025-10-18,Crystal Palace,Bournemouth,3.0,3.0,D,0.0,2.0,J Gillett,20.0,8.0,7.0,5.0,6.0,5.0,8.0,16.0,1.0,4.0,0.0,0.0,2.2,3.4,3.25,2.23,3.4,3.43,2.24,3.41,3.47,2.25,3.35,3.22
4253,2025/26,2025-10-18,Fulham,Arsenal,0.0,1.0,A,0.0,0.0,A Taylor,9.0,16.0,0.0,5.0,6.0,10.0,11.0,4.0,0.0,0.0,0.0,0.0,5.75,4.1,1.55,5.98,4.46,1.55,7.25,4.15,1.54,6.14,4.13,1.54
4254,2025/26,2025-10-18,Man City,Everton,2.0,0.0,H,0.0,0.0,T Harrington,19.0,5.0,7.0,1.0,11.0,3.0,8.0,14.0,0.0,2.0,0.0,0.0,1.4,5.0,7.0,1.39,5.29,7.71,1.44,4.55,8.31,1.38,4.92,7.91
4255,2025/26,2025-10-18,Nott'm Forest,Chelsea,0.0,3.0,A,0.0,0.0,C Kavanagh,12.0,17.0,2.0,6.0,5.0,2.0,13.0,16.0,2.0,2.0,0.0,1.0,3.7,3.8,1.95,3.77,3.88,1.95,3.24,3.5,2.31,3.75,3.74,1.93
4256,2025/26,2025-10-18,Sunderland,Wolves,2.0,0.0,H,1.0,0.0,R Jones,8.0,16.0,2.0,3.0,3.0,2.0,5.0,12.0,0.0,0.0,0.0,0.0,2.5,3.0,3.1,2.5,3.07,3.25,2.65,3.03,3.12,2.46,3.07,3.13
4257,2025/26,2025-10-19,Liverpool,Man United,1.0,2.0,A,0.0,1.0,M Oliver,19.0,12.0,6.0,4.0,9.0,4.0,8.0,14.0,0.0,2.0,0.0,0.0,1.6,4.5,5.0,1.63,4.27,5.32,1.63,4.46,5.12,1.6,4.4,4.89
4258,2025/26,2025-10-19,Tottenham,Aston Villa,1.0,2.0,A,1.0,1.0,S Hooper,9.0,8.0,3.0,2.0,6.0,6.0,11.0,7.0,2.0,0.0,0.0,0.0,2.05,3.5,3.5,2.07,3.77,3.5,2.32,3.44,3.27,2.06,3.56,3.42
4259,2025/26,2025-10-20,West Ham,Brentford,0.0,2.0,A,0.0,1.0,A Madley,7.0,22.0,1.0,7.0,6.0,10.0,10.0,10.0,1.0,1.0,0.0,0.0,2.5,3.25,2.88,2.54,3.43,2.87,2.63,3.31,2.9,2.46,3.37,2.82
4260,2025/26,2025-10-24,Leeds,West Ham,2.0,1.0,H,2.0,0.0,S Attwell,13.0,9.0,5.0,3.0,3.0,4.0,12.0,11.0,3.0,3.0,0.0,0.0,1.8,3.5,4.75,1.82,3.72,4.72,1.81,3.71,4.79,1.81,3.57,4.59
4261,2025/26,2025-10-25,Brentford,Liverpool,3.0,2.0,H,2.0,1.0,S Hooper,17.0,18.0,8.0,5.0,5.0,4.0,7.0,10.0,3.0,2.0,0.0,0.0,4.1,4.2,1.75,4.25,4.18,1.78,4.27,3.93,1.85,4.28,4.13,1.73
4262,2025/26,2025-10-25,Chelsea,Sunderland,1.0,2.0,A,1.0,1.0,A Madley,16.0,10.0,7.0,4.0,9.0,1.0,15.0,13.0,1.0,1.0,0.0,0.0,1.36,4.75,9.0,1.38,5.22,8.0,1.45,4.7,7.85,1.37,4.99,8.31
4263,2025/26,2025-10-25,Man United,Brighton,4.0,2.0,H,2.0,0.0,A Taylor,13.0,17.0,9.0,5.0,1.0,6.0,4.0,13.0,2.0,2.0,0.0,0.0,1.95,3.8,3.5,2.0,3.92,3.57,2.03,3.9,3.57,2.0,3.83,3.45
4264,2025/26,2025-10-25,Newcastle,Fulham,2.0,1.0,H,1.0,0.0,P Bankes,18.0,12.0,7.0,5.0,4.0,3.0,11.0,18.0,0.0,2.0,0.0,0.0,1.62,3.9,5.5,1.65,3.97,5.59,1.61,4.15,6.0,1.62,3.97,5.44
4265,2025/26,2025-10-26,Arsenal,Crystal Palace,1.0,0.0,H,1.0,0.0,T Bramall,10.0,7.0,3.0,1.0,4.0,3.0,6.0,11.0,0.0,0.0,0.0,0.0,1.4,4.75,7.5,1.44,4.71,7.49,1.39,5.0,9.0,1.41,4.6,7.76
4266,2025/26,2025-10-26,Aston Villa,Man City,1.0,0.0,H,1.0,0.0,M Oliver,9.0,18.0,3.0,4.0,5.0,6.0,8.0,16.0,1.0,4.0,0.0,0.0,4.33,3.8,1.8,4.24,4.06,1.81,4.27,3.77,1.88,4.08,3.8,1.83
4267,2025/26,2025-10-26,Bournemouth,Nott'm Forest,2.0,0.0,H,2.0,0.0,S Barrott,13.0,8.0,5.0,4.0,6.0,4.0,17.0,7.0,3.0,1.0,0.0,0.0,1.8,3.8,4.33,1.79,3.96,4.48,2.02,3.54,3.98,1.79,3.79,4.29
4268,2025/26,2025-10-26,Everton,Tottenham,0.0,3.0,A,0.0,2.0,C Pawson,12.0,7.0,2.0,4.0,9.0,8.0,9.0,8.0,2.0,0.0,0.0,0.0,2.35,3.4,3.0,2.42,3.33,3.13,2.28,3.39,3.4,2.35,3.38,2.99
4269,2025/26,2025-10-26,Wolves,Burnley,2.0,3.0,A,2.0,2.0,T Harrington,15.0,11.0,7.0,7.0,5.0,3.0,12.0,7.0,1.0,0.0,0.0,0.0,1.95,3.3,4.2,2.0,3.39,4.18,1.93,3.41,4.55,1.97,3.3,4.06
4270,2025/26,2025-11-01,Brighton,Leeds,3.0,0.0,H,1.0,0.0,M Oliver,14.0,5.0,7.0,2.0,4.0,7.0,10.0,7.0,0.0,1.0,0.0,0.0,1.85,3.75,4.0,1.89,3.77,4.15,2.03,3.6,3.86,1.85,3.74,4.11
4271,2025/26,2025-11-01,Burnley,Arsenal,0.0,2.0,A,0.0,2.0,C Kavanagh,3.0,12.0,0.0,8.0,1.0,6.0,10.0,13.0,2.0,1.0,0.0,0.0,10.0,6.0,1.27,9.99,6.26,1.28,12.24,6.08,1.27,10.97,5.65,1.28
4272,2025/26,2025-11-01,Crystal Palace,Brentford,2.0,0.0,H,1.0,0.0,P Bankes,9.0,6.0,2.0,2.0,6.0,5.0,7.0,11.0,0.0,3.0,0.0,0.0,1.91,3.6,3.9,1.94,3.68,4.01,2.07,3.53,3.81,1.92,3.65,3.85
4273,2025/26,2025-11-01,Fulham,Wolves,3.0,0.0,H,1.0,0.0,J Brooks,19.0,5.0,6.0,2.0,10.0,1.0,13.0,14.0,1.0,3.0,0.0,1.0,1.83,3.5,4.5,1.88,3.54,4.56,1.79,3.73,4.92,1.84,3.46,4.51
4274,2025/26,2025-11-01,Liverpool,Aston Villa,2.0,0.0,H,1.0,0.0,S Attwell,16.0,10.0,4.0,3.0,1.0,4.0,13.0,11.0,2.0,3.0,0.0,0.0,1.65,4.33,4.5,1.66,4.21,5.07,1.68,4.34,4.92,1.63,4.32,4.81
4275,2025/26,2025-11-01,Nott'm Forest,Man United,2.0,2.0,D,0.0,1.0,D England,17.0,18.0,3.0,7.0,8.0,5.0,10.0,7.0,1.0,1.0,0.0,0.0,3.3,3.75,2.05,3.43,3.87,2.06,3.48,3.77,2.1,3.41,3.67,2.05
4276,2025/26,2025-11-01,Tottenham,Chelsea,0.0,1.0,A,0.0,1.0,J Gillett,3.0,15.0,1.0,9.0,6.0,5.0,14.0,12.0,4.0,2.0,0.0,0.0,2.7,3.5,2.5,2.73,3.63,2.56,2.83,3.51,2.57,2.71,3.52,2.5
4277,2025/26,2025-11-02,Man City,Bournemouth,3.0,1.0,H,2.0,1.0,A Taylor,15.0,8.0,8.0,5.0,10.0,4.0,8.0,11.0,2.0,2.0,0.0,0.0,1.5,4.75,5.75,1.51,4.75,6.02,1.43,5.35,6.8,1.49,4.64,5.9
4278,2025/26,2025-11-02,West Ham,Newcastle,3.0,1.0,H,2.0,1.0,R Jones,15.0,12.0,9.0,4.0,7.0,6.0,5.0,10.0,1.0,2.0,0.0,0.0,5.25,4.0,1.62,5.07,4.45,1.63,5.17,4.22,1.66,4.99,4.08,1.64
4279,2025/26,2025-11-03,Sunderland,Everton,1.0,1.0,D,0.0,1.0,T Bramall,17.0,8.0,3.0,2.0,4.0,1.0,10.0,12.0,3.0,2.0,0.0,0.0,2.7,3.2,2.7,2.82,3.18,2.75,3.32,3.2,2.42,2.74,3.12,2.67
4280,2025/26,2025-11-08,Chelsea,Wolves,3.0,0.0,H,0.0,0.0,A Kitchen,20.0,3.0,8.0,0.0,10.0,1.0,12.0,14.0,1.0,2.0,0.0,0.0,1.36,4.75,8.5,1.37,5.26,8.42,1.36,5.4,9.2,1.36,5.06,8.27
4281,2025/26,2025-11-08,Everton,Fulham,2.0,0.0,H,1.0,0.0,A Madley,14.0,8.0,5.0,4.0,7.0,5.0,11.0,14.0,2.0,2.0,0.0,0.0,2.2,3.3,3.4,2.26,3.35,3.41,2.38,3.24,3.35,2.2,3.28,3.4
4282,2025/26,2025-11-08,Sunderland,Arsenal,2.0,2.0,D,1.0,0.0,C Pawson,6.0,17.0,2.0,7.0,2.0,2.0,13.0,13.0,2.0,1.0,0.0,0.0,7.5,5.0,1.38,7.56,5.01,1.41,8.0,4.5,1.47,8.39,4.67,1.39
4283,2025/26,2025-11-08,Tottenham,Man United,2.0,2.0,D,0.0,1.0,S Barrott,10.0,5.0,4.0,2.0,5.0,3.0,10.0,8.0,5.0,1.0,0.0,0.0,2.63,3.6,2.5,2.72,3.59,2.58,3.01,3.59,2.43,2.65,3.58,2.52
4284,2025/26,2025-11-08,West Ham,Burnley,3.0,2.0,H,1.0,1.0,M Salisbury,15.0,16.0,6.0,7.0,7.0,4.0,15.0,13.0,2.0,2.0,0.0,0.0,1.91,3.5,4.0,1.95,3.58,4.12,1.88,3.66,4.44,1.94,3.5,3.98
4285,2025/26,2025-11-09,Aston Villa,Bournemouth,4.0,0.0,H,2.0,0.0,J Brooks,16.0,13.0,8.0,4.0,6.0,9.0,8.0,20.0,2.0,2.0,0.0,0.0,2.2,3.4,3.25,2.25,3.49,3.29,2.37,3.4,3.2,2.19,3.45,3.25
4286,2025/26,2025-11-09,Brentford,Newcastle,3.0,1.0,H,0.0,1.0,S Attwell,15.0,5.0,7.0,1.0,6.0,2.0,10.0,13.0,2.0,1.0,0.0,0.0,2.8,3.5,2.45,2.97,3.39,2.5,2.93,3.51,2.49,2.84,3.4,2.45
4287,2025/26,2025-11-09,Crystal Palace,Brighton,0.0,0.0,D,0.0,0.0,T Robinson,10.0,7.0,2.0,3.0,4.0,8.0,10.0,12.0,1.0,4.0,0.0,0.0,2.25,3.5,3.1,2.3,3.62,3.1,2.43,3.45,3.07,2.27,3.52,3.04
4288,2025/26,2025-11-09,Man City,Liverpool,3.0,0.0,H,2.0,0.0,C Kavanagh,14.0,7.0,6.0,1.0,7.0,7.0,14.0,15.0,2.0,4.0,0.0,0.0,1.9,3.9,3.7,1.88,4.08,3.85,1.94,4.0,3.86,1.88,3.92,3.72
4289,2025/26,2025-11-09,Nott'm Forest,Leeds,3.0,1.0,H,1.0,1.0,J Gillett,14.0,10.0,6.0,3.0,6.0,4.0,10.0,11.0,2.0,1.0,0.0,0.0,2.25,3.25,3.3,2.29,3.45,3.27,2.23,3.3,3.62,2.22,3.32,3.29
4290,2025/26,2025-11-22,Bournemouth,West Ham,2.0,2.0,D,0.0,2.0,T Bramall,28.0,5.0,10.0,2.0,9.0,2.0,9.0,10.0,3.0,2.0,0.0,0.0,1.62,4.2,4.75,1.65,4.16,5.26,1.68,4.09,5.12,1.62,4.09,5.14
4291,2025/26,2025-11-22,Brighton,Brentford,2.0,1.0,H,0.0,1.0,C Kavanagh,14.0,10.0,5.0,4.0,7.0,4.0,10.0,9.0,4.0,2.0,0.0,0.0,1.91,3.6,4.0,1.96,3.6,4.05,2.17,3.47,3.59,1.93,3.66,3.82
4292,2025/26,2025-11-22,Burnley,Chelsea,0.0,2.0,A,0.0,1.0,P Bankes,8.0,15.0,2.0,5.0,1.0,9.0,13.0,8.0,2.0,3.0,0.0,0.0,6.25,4.5,1.48,6.45,4.73,1.49,5.8,4.25,1.61,6.56,4.45,1.48
4293,2025/26,2025-11-22,Fulham,Sunderland,1.0,0.0,H,0.0,0.0,D England,24.0,4.0,6.0,2.0,7.0,4.0,5.0,13.0,3.0,3.0,0.0,0.0,2.1,3.25,3.75,2.12,3.24,3.95,2.07,3.38,4.0,2.1,3.24,3.74
4294,2025/26,2025-11-22,Liverpool,Nott'm Forest,0.0,3.0,A,0.0,1.0,A Madley,21.0,15.0,4.0,7.0,8.0,6.0,11.0,8.0,2.0,0.0,0.0,0.0,1.44,5.0,6.25,1.45,4.9,6.9,1.47,4.69,6.97,1.42,4.86,6.97
4295,2025/26,2025-11-22,Newcastle,Man City,2.0,1.0,H,0.0,0.0,S Barrott,9.0,17.0,5.0,4.0,5.0,9.0,13.0,8.0,1.0,3.0,0.0,0.0,3.6,3.8,1.95,3.69,3.8,2.0,4.06,3.85,1.93,3.54,3.75,1.98
4296,2025/26,2025-11-22,Wolves,Crystal Palace,0.0,2.0,A,0.0,0.0,A Taylor,8.0,10.0,1.0,4.0,1.0,4.0,13.0,9.0,2.0,3.0,0.0,0.0,3.8,3.6,1.95,3.92,3.62,1.99,4.53,3.8,1.82,3.86,3.5,1.97
4297,2025/26,2025-11-23,Arsenal,Tottenham,4.0,1.0,H,2.0,0.0,M Oliver,17.0,3.0,8.0,2.0,4.0,1.0,11.0,15.0,1.0,3.0,0.0,0.0,1.42,4.75,7.5,1.43,4.75,7.88,1.47,4.47,7.69,1.39,4.66,8.03
4298,2025/26,2025-11-23,Leeds,Aston Villa,1.0,2.0,A,1.0,0.0,R Jones,14.0,14.0,5.0,3.0,3.0,3.0,18.0,16.0,5.0,1.0,0.0,0.0,3.0,3.3,2.4,3.05,3.27,2.51,3.3,3.46,2.29,3.04,3.25,2.37
4299,2025/26,2025-11-24,Man United,Everton,0.0,1.0,A,0.0,1.0,T Harrington,25.0,3.0,6.0,1.0,9.0,1.0,12.0,9.0,2.0,0.0,0.0,1.0,1.75,4.0,4.33,1.8,3.76,4.68,1.9,3.87,4.08,1.74,3.83,4.49
4300,2025/26,2025-11-29,Brentford,Burnley,3.0,1.0,H,0.0,0.0,S Barrott,14.0,6.0,4.0,2.0,5.0,6.0,7.0,7.0,0.0,2.0,0.0,0.0,1.45,4.5,7.0,1.47,4.72,6.95,1.5,4.55,7.05,1.45,4.54,6.96
4301,2025/26,2025-11-29,Everton,Newcastle,1.0,4.0,A,0.0,3.0,C Pawson,10.0,13.0,2.0,8.0,8.0,7.0,4.0,6.0,0.0,0.0,0.0,0.0,2.8,3.25,2.63,2.79,3.38,2.64,2.75,3.36,2.73,2.79,3.31,2.55
4302,2025/26,2025-11-29,Man City,Leeds,3.0,2.0,H,2.0,0.0,P Bankes,18.0,9.0,9.0,4.0,8.0,1.0,17.0,11.0,4.0,1.0,0.0,0.0,1.22,6.5,12.0,1.25,6.77,10.58,1.22,7.5,13.5,1.23,6.42,11.78
4303,2025/26,2025-11-29,Sunderland,Bournemouth,3.0,2.0,H,1.0,2.0,T Robinson,12.0,18.0,6.0,6.0,6.0,3.0,14.0,13.0,5.0,5.0,0.0,1.0,3.2,3.3,2.3,3.14,3.4,2.38,3.29,3.43,2.31,3.04,3.3,2.35
4304,2025/26,2025-11-29,Tottenham,Fulham,1.0,2.0,A,0.0,2.0,S Attwell,14.0,7.0,2.0,3.0,8.0,2.0,11.0,7.0,3.0,2.0,0.0,0.0,2.2,3.3,3.3,2.3,3.31,3.38,2.4,3.44,3.12,2.18,3.39,3.33
4305,2025/26,2025-11-30,Aston Villa,Wolves,1.0,0.0,H,0.0,0.0,C Kavanagh,16.0,9.0,6.0,4.0,7.0,3.0,13.0,21.0,0.0,4.0,0.0,0.0,1.5,4.33,6.5,1.48,4.76,6.56,1.47,4.65,7.25,1.48,4.39,6.57
4306,2025/26,2025-11-30,Chelsea,Arsenal,1.0,1.0,D,0.0,0.0,A Taylor,11.0,8.0,4.0,4.0,3.0,3.0,12.0,13.0,1.0,6.0,1.0,0.0,3.4,3.3,2.2,3.47,3.33,2.25,3.19,3.17,2.51,3.33,3.35,2.18
4307,2025/26,2025-11-30,Crystal Palace,Man United,1.0,2.0,A,1.0,0.0,R Jones,14.0,14.0,3.0,6.0,4.0,4.0,14.0,14.0,3.0,2.0,0.0,0.0,2.3,3.4,3.1,2.29,3.62,3.11,2.1,3.75,3.56,2.32,3.51,2.93
4308,2025/26,2025-11-30,Nott'm Forest,Brighton,0.0,2.0,A,0.0,1.0,M Oliver,19.0,17.0,3.0,6.0,9.0,2.0,11.0,10.0,0.0,1.0,0.0,0.0,2.75,3.3,2.63,2.81,3.46,2.58,2.95,3.35,2.57,2.72,3.36,2.54
4309,2025/26,2025-11-30,West Ham,Liverpool,0.0,2.0,A,0.0,0.0,D England,7.0,9.0,0.0,5.0,7.0,2.0,12.0,14.0,1.0,0.0,1.0,0.0,4.33,4.33,1.67,4.45,4.22,1.74,5.15,4.75,1.6,4.28,4.06,1.74
4310,2025/26,2025-12-02,Bournemouth,Everton,0.0,1.0,A,0.0,0.0,M Salisbury,5.0,13.0,2.0,3.0,1.0,6.0,14.0,14.0,3.0,3.0,0.0,0.0,2.2,3.25,3.3,2.28,3.36,3.43,2.23,3.5,3.41,2.2,3.29,3.38
4311,2025/26,2025-12-02,Fulham,Man City,4.0,5.0,A,1.0,3.0,C Pawson,12.0,11.0,6.0,4.0,7.0,2.0,9.0,7.0,0.0,1.0,0.0,0.0,4.33,4.1,1.73,4.73,4.13,1.72,5.3,4.12,1.66,4.66,4.04,1.69
4312,2025/26,2025-12-02,Newcastle,Tottenham,2.0,2.0,D,0.0,0.0,T Bramall,19.0,8.0,7.0,2.0,11.0,8.0,5.0,12.0,0.0,3.0,0.0,0.0,1.83,3.8,4.1,1.85,3.87,4.29,1.85,3.89,4.3,1.8,3.78,4.24
4313,2025/26,2025-12-03,Arsenal,Brentford,2.0,0.0,H,1.0,0.0,T Harrington,15.0,6.0,7.0,1.0,4.0,8.0,7.0,9.0,0.0,1.0,0.0,0.0,1.36,5.0,8.5,1.35,5.41,8.75,1.44,4.65,8.07,1.35,4.97,8.94
4314,2025/26,2025-12-03,Brighton,Aston Villa,3.0,4.0,A,2.0,2.0,A Madley,16.0,14.0,7.0,10.0,5.0,6.0,10.0,9.0,2.0,2.0,0.0,0.0,2.15,3.5,3.4,2.18,3.58,3.37,2.31,3.45,3.27,2.15,3.48,3.33
4315,2025/26,2025-12-03,Burnley,Crystal Palace,0.0,1.0,A,0.0,1.0,T Kirk,11.0,3.0,4.0,3.0,3.0,4.0,9.0,8.0,0.0,0.0,0.0,0.0,4.5,3.8,1.75,4.64,3.81,1.79,5.05,3.77,1.76,4.57,3.71,1.77
4316,2025/26,2025-12-03,Leeds,Chelsea,3.0,1.0,H,2.0,0.0,D England,17.0,14.0,5.0,2.0,4.0,2.0,10.0,13.0,1.0,1.0,0.0,0.0,4.1,4.1,1.8,4.27,4.05,1.8,4.11,3.53,1.99,4.31,3.87,1.78
4317,2025/26,2025-12-03,Liverpool,Sunderland,1.0,1.0,D,0.0,0.0,S Attwell,23.0,9.0,4.0,6.0,7.0,3.0,10.0,5.0,1.0,1.0,0.0,0.0,1.36,5.25,7.0,1.37,5.44,8.12,1.36,5.47,8.52,1.35,5.29,8.05
4318,2025/26,2025-12-03,Wolves,Nott'm Forest,0.0,1.0,A,0.0,0.0,T Robinson,5.0,10.0,1.0,3.0,3.0,9.0,19.0,11.0,2.0,2.0,0.0,0.0,3.25,3.4,2.25,3.27,3.37,2.32,3.17,3.32,2.44,3.28,3.3,2.24
4319,2025/26,2025-12-04,Man United,West Ham,1.0,1.0,D,0.0,0.0,A Kitchen,17.0,11.0,4.0,3.0,6.0,6.0,13.0,9.0,2.0,2.0,0.0,0.0,1.45,5.0,6.0,1.47,4.9,6.52,1.39,5.2,8.25,1.43,4.81,6.59
4320,2025/26,2025-12-06,Aston Villa,Arsenal,2.0,1.0,H,1.0,0.0,P Bankes,15.0,15.0,6.0,9.0,3.0,3.0,10.0,8.0,0.0,2.0,0.0,0.0,4.2,3.5,1.9,4.32,3.53,1.92,4.5,3.54,1.93,4.13,3.45,1.91
4321,2025/26,2025-12-06,Bournemouth,Chelsea,0.0,0.0,D,0.0,0.0,M Oliver,13.0,11.0,5.0,4.0,5.0,0.0,15.0,13.0,0.0,2.0,0.0,0.0,3.1,3.75,2.15,3.15,3.83,2.2,3.38,3.85,2.12,3.14,3.67,2.16
4322,2025/26,2025-12-06,Everton,Nott'm Forest,3.0,0.0,H,2.0,0.0,C Kavanagh,11.0,7.0,5.0,3.0,6.0,3.0,17.0,15.0,4.0,3.0,0.0,0.0,2.2,3.2,3.5,2.23,3.24,3.63,2.12,3.37,3.84,2.17,3.25,3.52
4323,2025/26,2025-12-06,Leeds,Liverpool,3.0,3.0,D,0.0,0.0,A Taylor,12.0,16.0,5.0,7.0,5.0,4.0,14.0,14.0,3.0,3.0,0.0,0.0,3.8,4.0,1.85,3.96,3.85,1.91,4.58,4.07,1.76,3.95,3.9,1.84
4324,2025/26,2025-12-06,Man City,Sunderland,3.0,0.0,H,2.0,0.0,A Madley,18.0,8.0,6.0,1.0,6.0,5.0,9.0,10.0,1.0,0.0,0.0,1.0,1.25,6.5,10.0,1.24,6.68,11.08,1.27,6.45,11.0,1.24,6.22,11.38
4325,2025/26,2025-12-06,Newcastle,Burnley,2.0,1.0,H,2.0,0.0,S Attwell,17.0,9.0,7.0,3.0,9.0,9.0,9.0,11.0,2.0,2.0,0.0,1.0,1.27,6.0,9.5,1.27,6.25,10.24,1.33,5.75,9.25,1.28,5.72,10.39
4326,2025/26,2025-12-06,Tottenham,Brentford,2.0,0.0,H,2.0,0.0,R Jones,15.0,4.0,7.0,1.0,7.0,6.0,8.0,9.0,3.0,4.0,0.0,0.0,2.3,3.5,3.0,2.39,3.42,3.09,2.49,3.43,3.0,2.31,3.44,3.03
4327,2025/26,2025-12-07,Brighton,West Ham,1.0,1.0,D,0.0,0.0,S Hooper,22.0,14.0,4.0,5.0,10.0,6.0,12.0,8.0,2.0,2.0,0.0,0.0,1.55,4.33,5.75,1.56,4.52,5.73,1.63,4.35,5.35,1.55,4.32,5.63
4328,2025/26,2025-12-07,Fulham,Crystal Palace,1.0,2.0,A,1.0,1.0,S Barrott,12.0,11.0,4.0,5.0,6.0,4.0,5.0,8.0,0.0,0.0,0.0,0.0,2.55,3.3,2.8,2.59,3.35,2.87,2.53,3.4,2.96,2.57,3.27,2.77
4329,2025/26,2025-12-08,Wolves,Man United,1.0,4.0,A,1.0,1.0,M Salisbury,8.0,27.0,2.0,10.0,1.0,9.0,17.0,12.0,3.0,2.0,0.0,0.0,4.2,4.0,1.75,4.19,4.01,1.83,5.35,4.2,1.65,4.22,3.9,1.77
4330,2025/26,2025-12-13,Arsenal,Wolves,2.0,1.0,H,0.0,0.0,R Jones,16.0,3.0,2.0,2.0,8.0,0.0,7.0,15.0,0.0,4.0,0.0,0.0,1.13,8.5,21.0,1.14,8.77,21.15,1.13,9.55,27.0,1.12,8.62,22.31
4331,2025/26,2025-12-13,Burnley,Fulham,2.0,3.0,A,1.0,2.0,M Oliver,16.0,6.0,8.0,4.0,10.0,4.0,8.0,8.0,1.0,2.0,0.0,0.0,4.0,3.5,1.91,3.98,3.59,1.98,4.06,3.51,2.01,3.93,3.48,1.95
4332,2025/26,2025-12-13,Chelsea,Everton,2.0,0.0,H,2.0,0.0,T Bramall,17.0,11.0,5.0,2.0,4.0,7.0,13.0,11.0,1.0,0.0,0.0,0.0,1.67,3.8,5.25,1.67,4.04,5.3,1.75,3.91,4.86,1.66,3.9,5.09
4333,2025/26,2025-12-13,Liverpool,Brighton,2.0,0.0,H,1.0,0.0,C Pawson,18.0,14.0,4.0,1.0,2.0,2.0,8.0,15.0,1.0,2.0,0.0,0.0,1.67,4.0,4.75,1.69,4.32,4.68,1.8,4.1,4.28,1.67,4.17,4.62
4334,2025/26,2025-12-14,Brentford,Leeds,1.0,1.0,D,0.0,0.0,J Brooks,7.0,18.0,2.0,4.0,0.0,3.0,8.0,9.0,0.0,0.0,0.0,0.0,1.91,3.6,4.0,1.97,3.69,3.89,2.23,3.33,3.59,1.94,3.54,3.85
4335,2025/26,2025-12-14,Crystal Palace,Man City,0.0,3.0,A,0.0,1.0,D England,16.0,7.0,4.0,6.0,2.0,2.0,9.0,6.0,2.0,0.0,0.0,0.0,3.9,3.9,1.85,4.05,3.99,1.86,4.23,3.82,1.9,3.98,3.81,1.83
4336,2025/26,2025-12-14,Nott'm Forest,Tottenham,3.0,0.0,H,1.0,0.0,S Barrott,15.0,6.0,6.0,1.0,3.0,3.0,9.0,13.0,1.0,3.0,0.0,0.0,2.55,3.3,2.8,2.6,3.4,2.82,2.75,3.35,2.74,2.55,3.28,2.76
4337,2025/26,2025-12-14,Sunderland,Newcastle,1.0,0.0,H,0.0,0.0,P Bankes,5.0,6.0,1.0,2.0,3.0,6.0,10.0,10.0,5.0,4.0,0.0,0.0,3.3,3.3,2.25,3.43,3.33,2.26,3.61,3.43,2.18,3.26,3.33,2.22
4338,2025/26,2025-12-14,West Ham,Aston Villa,2.0,3.0,A,2.0,1.0,A Taylor,10.0,7.0,3.0,4.0,5.0,3.0,18.0,13.0,1.0,2.0,0.0,0.0,3.75,3.5,2.0,3.76,3.57,2.05,3.35,3.57,2.23,3.63,3.51,2.0
4339,2025/26,2025-12-15,Man United,Bournemouth,4.0,4.0,D,2.0,1.0,S Hooper,25.0,14.0,9.0,9.0,5.0,4.0,15.0,12.0,2.0,3.0,0.0,0.0,1.83,4.0,3.8,1.84,4.21,3.93,1.81,4.15,4.2,1.82,3.98,3.84
4340,2025/26,2025-12-20,Bournemouth,Burnley,1.0,1.0,D,0.0,0.0,C Kavanagh,16.0,4.0,1.0,1.0,5.0,3.0,11.0,11.0,1.0,1.0,0.0,0.0,1.48,4.33,6.5,1.48,4.65,6.73,1.48,4.8,6.95,1.47,4.44,6.59
4341,2025/26,2025-12-20,Brighton,Sunderland,0.0,0.0,D,0.0,0.0,D England,16.0,14.0,4.0,6.0,3.0,4.0,11.0,15.0,2.0,2.0,0.0,0.0,1.67,4.0,5.25,1.63,4.15,5.5,1.88,3.63,4.64,1.65,3.95,5.16
4342,2025/26,2025-12-20,Everton,Arsenal,0.0,1.0,A,0.0,1.0,S Barrott,5.0,13.0,1.0,2.0,2.0,3.0,4.0,5.0,2.0,2.0,0.0,0.0,5.75,4.1,1.57,6.18,4.09,1.58,6.65,4.2,1.56,6.03,3.89,1.57
4343,2025/26,2025-12-20,Leeds,Crystal Palace,4.0,1.0,H,2.0,0.0,T Bramall,20.0,9.0,8.0,3.0,9.0,5.0,5.0,10.0,1.0,3.0,0.0,0.0,2.6,3.3,2.75,2.66,3.32,2.81,2.93,3.11,2.74,2.6,3.25,2.76
4344,2025/26,2025-12-20,Man City,West Ham,3.0,0.0,H,2.0,0.0,P Tierney,17.0,7.0,8.0,3.0,6.0,0.0,16.0,10.0,1.0,1.0,0.0,0.0,1.22,8.0,10.0,1.2,7.87,12.43,1.19,8.25,14.0,1.2,7.36,11.88
4345,2025/26,2025-12-20,Newcastle,Chelsea,2.0,2.0,D,2.0,0.0,A Madley,11.0,13.0,5.0,4.0,6.0,4.0,13.0,14.0,3.0,6.0,0.0,0.0,2.75,3.6,2.45,2.87,3.41,2.55,2.87,3.55,2.52,2.73,3.51,2.47
4346,2025/26,2025-12-20,Tottenham,Liverpool,1.0,2.0,A,0.0,0.0,J Brooks,15.0,8.0,4.0,4.0,2.0,6.0,9.0,7.0,3.0,3.0,2.0,0.0,3.5,3.75,2.0,3.42,3.8,2.09,3.71,3.68,2.05,3.36,3.71,2.02
4347,2025/26,2025-12-20,Wolves,Brentford,0.0,2.0,A,0.0,0.0,M Donohue,9.0,7.0,2.0,6.0,3.0,4.0,12.0,15.0,2.0,4.0,0.0,0.0,3.5,3.6,2.05,3.66,3.56,2.08,3.47,3.48,2.21,3.59,3.48,2.05
4348,2025/26,2025-12-21,Aston Villa,Man United,2.0,1.0,H,1.0,1.0,M Oliver,12.0,15.0,4.0,6.0,5.0,5.0,11.0,14.0,1.0,2.0,0.0,0.0,2.1,3.6,3.3,2.08,3.73,3.49,2.04,3.75,3.76,2.1,3.64,3.26
4349,2025/26,2025-12-22,Fulham,Nott'm Forest,1.0,0.0,H,1.0,0.0,A Taylor,11.0,12.0,1.0,2.0,1.0,5.0,5.0,9.0,5.0,4.0,0.0,0.0,2.4,3.25,3.0,2.51,3.29,3.01,2.66,3.35,2.83,2.42,3.27,2.93
4350,2025/26,2025-12-26,Man United,Newcastle,1.0,0.0,H,1.0,0.0,A Taylor,10.0,16.0,4.0,3.0,2.0,11.0,9.0,5.0,2.0,1.0,0.0,0.0,2.55,3.6,2.6,2.57,3.71,2.67,2.49,3.77,2.71,2.47,3.58,2.67
4351,2025/26,2025-12-27,Arsenal,Brighton,2.0,1.0,H,1.0,0.0,J Brooks,24.0,8.0,6.0,3.0,7.0,2.0,7.0,13.0,2.0,3.0,0.0,0.0,1.42,4.75,7.0,1.39,5.09,8.08,1.33,5.65,9.7,1.41,4.73,7.34
4352,2025/26,2025-12-27,Brentford,Bournemouth,4.0,1.0,H,2.0,0.0,P Bankes,15.0,20.0,7.0,10.0,2.0,15.0,9.0,8.0,2.0,2.0,0.0,0.0,2.25,3.6,3.0,2.31,3.67,3.05,2.32,3.59,3.15,2.25,3.57,2.98
4353,2025/26,2025-12-27,Burnley,Everton,0.0,0.0,D,0.0,0.0,C Pawson,16.0,15.0,0.0,6.0,6.0,5.0,8.0,8.0,0.0,2.0,0.0,0.0,4.1,3.4,1.95,4.12,3.35,2.03,3.74,3.25,2.21,4.03,3.33,1.96
4354,2025/26,2025-12-27,Chelsea,Aston Villa,1.0,2.0,A,1.0,0.0,S Attwell,14.0,11.0,3.0,8.0,6.0,7.0,16.0,8.0,5.0,3.0,0.0,0.0,1.83,3.9,4.0,1.85,3.95,4.1,1.79,4.14,4.31,1.84,3.82,3.97
4355,2025/26,2025-12-27,Liverpool,Wolves,2.0,1.0,H,2.0,0.0,S Hooper,14.0,9.0,4.0,4.0,6.0,4.0,5.0,13.0,0.0,1.0,0.0,0.0,1.25,6.5,10.0,1.23,7.02,11.7,1.25,6.61,11.61,1.24,6.31,11.25
4356,2025/26,2025-12-27,Nott'm Forest,Man City,1.0,2.0,A,0.0,0.0,R Jones,7.0,16.0,2.0,5.0,5.0,5.0,5.0,13.0,1.0,2.0,0.0,0.0,5.0,4.33,1.6,5.26,4.53,1.6,5.55,4.15,1.64,5.21,4.24,1.59
4357,2025/26,2025-12-27,West Ham,Fulham,0.0,1.0,A,0.0,0.0,C Kavanagh,11.0,15.0,2.0,4.0,5.0,4.0,8.0,8.0,1.0,3.0,0.0,0.0,2.63,3.4,2.6,2.69,3.49,2.67,3.06,3.38,2.47,2.65,3.38,2.59
4358,2025/26,2025-12-28,Crystal Palace,Tottenham,0.0,1.0,A,0.0,1.0,J Gillett,15.0,8.0,2.0,4.0,3.0,2.0,7.0,5.0,3.0,2.0,0.0,0.0,2.25,3.25,3.2,2.29,3.34,3.36,2.29,3.45,3.33,2.25,3.33,3.19
4359,2025/26,2025-12-28,Sunderland,Leeds,1.0,1.0,D,1.0,0.0,T Harrington,8.0,17.0,3.0,6.0,3.0,9.0,7.0,9.0,1.0,0.0,0.0,0.0,2.5,3.1,2.88,2.63,3.31,2.86,3.01,3.15,2.65,2.56,3.18,2.8
4360,2025/26,2025-12-30,Arsenal,Aston Villa,4.0,1.0,H,0.0,0.0,D England,22.0,11.0,7.0,3.0,3.0,3.0,18.0,9.0,2.0,3.0,0.0,0.0,1.42,4.75,7.0,1.43,4.97,7.51,1.37,5.5,8.25,1.43,4.68,7.02
4361,2025/26,2025-12-30,Burnley,Newcastle,1.0,3.0,A,1.0,2.0,R Jones,15.0,20.0,4.0,9.0,3.0,4.0,9.0,3.0,2.0,1.0,0.0,0.0,5.25,4.2,1.6,5.67,4.28,1.61,6.0,4.4,1.57,5.5,4.11,1.59
4362,2025/26,2025-12-30,Chelsea,Bournemouth,2.0,2.0,D,2.0,2.0,S Barrott,17.0,17.0,3.0,6.0,12.0,3.0,5.0,12.0,1.0,1.0,0.0,0.0,1.5,4.75,5.75,1.53,4.74,5.95,1.59,4.5,5.6,1.51,4.56,5.81
4363,2025/26,2025-12-30,Man United,Wolves,1.0,1.0,D,1.0,1.0,T Bramall,15.0,11.0,6.0,4.0,8.0,4.0,9.0,12.0,0.0,2.0,0.0,0.0,1.36,5.25,8.0,1.37,5.38,8.33,1.38,5.4,8.25,1.37,5.06,8.09
4364,2025/26,2025-12-30,Nott'm Forest,Everton,0.0,2.0,A,0.0,1.0,M Oliver,21.0,11.0,6.0,3.0,9.0,2.0,11.0,9.0,1.0,0.0,0.0,0.0,2.1,3.25,3.7,2.13,3.31,3.88,1.92,3.49,4.54,2.12,3.21,3.7
4365,2025/26,2025-12-30,West Ham,Brighton,2.0,2.0,D,2.0,1.0,M Salisbury,10.0,16.0,4.0,6.0,5.0,5.0,11.0,18.0,3.0,5.0,0.0,0.0,3.4,3.75,2.0,3.6,3.82,2.05,3.53,3.65,2.12,3.41,3.67,2.04
4366,2025/26,2026-01-01,Brentford,Tottenham,0.0,0.0,D,0.0,0.0,A Madley,7.0,9.0,2.0,3.0,3.0,1.0,8.0,10.0,1.0,2.0,0.0,0.0,2.1,3.6,3.2,2.18,3.49,3.48,2.52,3.45,2.94,2.11,3.49,3.35
4367,2025/26,2026-01-01,Crystal Palace,Fulham,1.0,1.0,D,1.0,0.0,T Harrington,11.0,17.0,2.0,5.0,6.0,3.0,7.0,10.0,0.0,5.0,0.0,0.0,2.15,3.3,3.4,2.2,3.34,3.59,2.29,3.31,3.47,2.17,3.34,3.4
4368,2025/26,2026-01-01,Liverpool,Leeds,0.0,0.0,D,0.0,0.0,C Kavanagh,19.0,4.0,4.0,2.0,8.0,3.0,10.0,8.0,0.0,2.0,0.0,0.0,1.55,4.5,5.5,1.55,4.45,5.94,1.48,4.65,7.25,1.53,4.41,5.83
4369,2025/26,2026-01-01,Sunderland,Man City,0.0,0.0,D,0.0,0.0,J Gillett,10.0,14.0,4.0,4.0,3.0,5.0,9.0,6.0,1.0,1.0,0.0,0.0,7.5,4.75,1.38,7.71,5.15,1.4,7.75,4.9,1.44,7.81,4.82,1.39
4370,2025/26,2026-01-03,Aston Villa,Nott'm Forest,3.0,1.0,H,1.0,0.0,S Hooper,11.0,10.0,4.0,5.0,4.0,4.0,10.0,20.0,1.0,2.0,0.0,0.0,1.75,3.9,4.5,1.76,3.86,4.83,1.96,3.49,4.29,1.76,3.74,4.54
4371,2025/26,2026-01-03,Bournemouth,Arsenal,2.0,3.0,A,1.0,1.0,C Kavanagh,15.0,12.0,3.0,5.0,7.0,5.0,13.0,8.0,3.0,1.0,0.0,0.0,6.5,4.75,1.44,6.16,5.04,1.48,6.3,4.55,1.53,6.13,4.57,1.48
4372,2025/26,2026-01-03,Brighton,Burnley,2.0,0.0,H,1.0,0.0,T Robinson,15.0,5.0,4.0,3.0,4.0,4.0,7.0,17.0,0.0,4.0,0.0,0.0,1.48,4.33,7.0,1.5,4.54,6.59,1.47,4.6,7.55,1.49,4.35,6.56
4373,2025/26,2026-01-03,Wolves,West Ham,3.0,0.0,H,3.0,0.0,P Bankes,11.0,6.0,8.0,0.0,6.0,7.0,11.0,10.0,1.0,0.0,0.0,0.0,2.5,3.3,2.88,2.53,3.44,2.88,2.73,3.4,2.72,2.48,3.37,2.82
4374,2025/26,2026-01-04,Everton,Brentford,2.0,4.0,A,0.0,1.0,A Taylor,14.0,11.0,6.0,7.0,4.0,5.0,9.0,8.0,0.0,2.0,0.0,0.0,2.35,3.25,3.1,2.45,3.16,3.24,2.53,3.24,3.09,2.36,3.19,3.1
4375,2025/26,2026-01-04,Fulham,Liverpool,2.0,2.0,D,1.0,0.0,C Pawson,8.0,10.0,2.0,2.0,3.0,8.0,11.0,4.0,1.0,1.0,0.0,0.0,3.8,3.75,1.91,3.75,3.84,1.97,4.39,3.67,1.91,3.74,3.68,1.92
4376,2025/26,2026-01-04,Leeds,Man United,1.0,1.0,D,0.0,0.0,J Gillett,11.0,15.0,3.0,2.0,6.0,4.0,9.0,9.0,0.0,1.0,0.0,0.0,2.7,3.3,2.63,2.71,3.57,2.61,2.77,3.4,2.68,2.68,3.44,2.56
4377,2025/26,2026-01-04,Man City,Chelsea,1.0,1.0,D,1.0,0.0,M Oliver,14.0,8.0,3.0,3.0,8.0,2.0,12.0,14.0,3.0,3.0,0.0,0.0,1.6,4.75,4.5,1.65,4.66,4.64,1.48,5.05,6.35,1.63,4.39,4.66
4378,2025/26,2026-01-04,Newcastle,Crystal Palace,2.0,0.0,H,0.0,0.0,J Brooks,12.0,11.0,7.0,1.0,8.0,6.0,5.0,12.0,1.0,3.0,0.0,0.0,1.7,3.9,4.75,1.71,4.04,4.86,1.69,4.0,5.19,1.67,3.92,4.89
4379,2025/26,2026-01-04,Tottenham,Sunderland,1.0,1.0,D,1.0,0.0,S Attwell,13.0,10.0,5.0,3.0,3.0,5.0,10.0,6.0,2.0,3.0,0.0,0.0,1.8,3.6,4.5,1.83,3.85,4.39,2.01,3.46,4.22,1.8,3.65,4.37
4380,2025/26,2026-01-06,West Ham,Nott'm Forest,1.0,2.0,A,1.0,0.0,T Harrington,14.0,13.0,3.0,5.0,6.0,5.0,15.0,9.0,3.0,0.0,0.0,0.0,2.88,3.25,2.2,3.29,3.37,2.34,3.05,3.5,2.41,3.1,3.33,2.3
4381,2025/26,2026-01-07,Bournemouth,Tottenham,3.0,2.0,H,2.0,1.0,D England,11.0,16.0,3.0,4.0,3.0,7.0,19.0,10.0,3.0,3.0,0.0,0.0,2.1,3.6,3.3,2.14,3.72,3.36,2.25,3.64,3.23,2.11,3.62,3.27
4382,2025/26,2026-01-07,Brentford,Sunderland,3.0,0.0,H,1.0,0.0,M Donohue,18.0,11.0,6.0,3.0,7.0,4.0,13.0,13.0,2.0,1.0,0.0,0.0,1.85,3.5,4.33,1.85,3.63,4.56,2.08,3.17,4.3,1.83,3.56,4.36
4383,2025/26,2026-01-07,Burnley,Man United,2.0,2.0,D,1.0,0.0,S Attwell,7.0,30.0,1.0,10.0,2.0,6.0,9.0,8.0,2.0,0.0,0.0,0.0,4.75,4.0,1.7,4.92,4.15,1.69,4.98,3.87,1.74,4.68,3.95,1.7
4384,2025/26,2026-01-07,Crystal Palace,Aston Villa,0.0,0.0,D,0.0,0.0,A Madley,11.0,15.0,5.0,3.0,3.0,5.0,8.0,3.0,2.0,0.0,0.0,0.0,3.1,3.3,2.3,3.14,3.4,2.38,3.08,3.4,2.45,3.08,3.36,2.31
4385,2025/26,2026-01-07,Everton,Wolves,1.0,1.0,D,1.0,0.0,T Kirk,13.0,13.0,2.0,4.0,2.0,7.0,13.0,15.0,1.0,3.0,2.0,0.0,1.75,3.5,5.0,1.79,3.57,5.06,1.89,3.52,4.6,1.76,3.55,4.85
4386,2025/26,2026-01-07,Fulham,Chelsea,2.0,1.0,H,0.0,0.0,P Bankes,16.0,14.0,5.0,6.0,2.0,11.0,11.0,6.0,3.0,3.0,0.0,1.0,3.4,3.6,2.05,3.45,3.76,2.09,3.7,3.58,2.09,3.38,3.59,2.07
4387,2025/26,2026-01-07,Man City,Brighton,1.0,1.0,D,1.0,0.0,T Bramall,22.0,6.0,6.0,3.0,6.0,2.0,6.0,16.0,1.0,6.0,0.0,0.0,1.4,5.25,6.5,1.4,5.43,7.17,1.53,4.63,6.1,1.37,5.23,7.27
4388,2025/26,2026-01-07,Newcastle,Leeds,4.0,3.0,H,1.0,2.0,M Salisbury,18.0,14.0,8.0,6.0,8.0,4.0,11.0,10.0,3.0,2.0,0.0,0.0,1.67,3.8,5.0,1.7,3.89,5.19,1.65,4.04,5.57,1.67,3.87,5.02
4389,2025/26,2026-01-08,Arsenal,Liverpool,0.0,0.0,D,0.0,0.0,A Taylor,9.0,8.0,4.0,0.0,3.0,0.0,10.0,9.0,2.0,2.0,0.0,0.0,1.6,4.1,5.0,1.6,4.35,5.49,1.59,4.4,5.75,1.6,4.11,5.25
4390,2025/26,2026-01-17,Chelsea,Brentford,2.0,0.0,H,1.0,0.0,J Brooks,6.0,15.0,2.0,5.0,3.0,9.0,7.0,10.0,3.0,2.0,0.0,0.0,1.73,4.0,4.75,,,,,,,1.69,3.97,4.75
4391,2025/26,2026-01-17,Leeds,Fulham,1.0,0.0,H,0.0,0.0,C Kavanagh,14.0,8.0,5.0,1.0,7.0,3.0,6.0,11.0,1.0,5.0,0.0,0.0,2.15,3.3,3.5,,,,,,,2.17,3.33,3.41
4392,2025/26,2026-01-17,Liverpool,Burnley,1.0,1.0,D,1.0,0.0,A Madley,32.0,7.0,11.0,1.0,9.0,1.0,8.0,10.0,1.0,2.0,0.0,0.0,1.22,6.5,11.0,,,,,,,1.22,6.4,12.44
4393,2025/26,2026-01-17,Man United,Man City,2.0,0.0,H,0.0,0.0,A Taylor,11.0,7.0,7.0,1.0,1.0,6.0,13.0,8.0,2.0,3.0,0.0,0.0,3.7,3.8,1.91,,,,,,,3.55,3.87,1.94
4394,2025/26,2026-01-17,Nott'm Forest,Arsenal,0.0,0.0,D,0.0,0.0,M Oliver,6.0,15.0,0.0,3.0,4.0,9.0,8.0,14.0,1.0,1.0,0.0,0.0,6.0,4.33,1.53,,,,,,,6.1,4.16,1.54
4395,2025/26,2026-01-17,Sunderland,Crystal Palace,2.0,1.0,H,1.0,1.0,R Jones,13.0,6.0,7.0,2.0,3.0,4.0,8.0,15.0,3.0,3.0,0.0,0.0,2.75,3.1,2.75,,,,,,,2.69,3.15,2.74
4396,2025/26,2026-01-17,Tottenham,West Ham,1.0,2.0,A,0.0,1.0,J Gillett,21.0,17.0,6.0,4.0,11.0,5.0,12.0,17.0,5.0,3.0,0.0,0.0,1.73,4.0,4.5,,,,,,,1.71,3.91,4.63
4397,2025/26,2026-01-18,Aston Villa,Everton,0.0,1.0,A,0.0,0.0,T Harrington,18.0,9.0,5.0,3.0,6.0,4.0,15.0,13.0,1.0,2.0,0.0,0.0,1.67,3.9,5.25,,,,,,,1.66,3.87,5.09
4398,2025/26,2026-01-18,Wolves,Newcastle,0.0,0.0,D,0.0,0.0,S Barrott,6.0,12.0,2.0,2.0,4.0,7.0,14.0,8.0,2.0,2.0,0.0,0.0,4.75,4.0,1.7,,,,,,,4.6,3.98,1.7
4399,2025/26,2026-01-19,Brighton,Bournemouth,1.0,1.0,D,0.0,1.0,P Tierney,17.0,11.0,5.0,2.0,11.0,6.0,7.0,6.0,2.0,3.0,0.0,0.0,1.85,3.9,3.8,,,,,,,1.85,3.92,3.75
4400,2025/26,2026-01-24,Bournemouth,Liverpool,3.0,2.0,H,2.0,1.0,M Salisbury,12.0,14.0,5.0,4.0,3.0,11.0,7.0,7.0,1.0,1.0,0.0,0.0,3.75,3.8,1.9,,,,,,,3.73,3.87,1.89
4401,2025/26,2026-01-24,Burnley,Tottenham,2.0,2.0,D,1.0,1.0,P Bankes,9.0,18.0,4.0,11.0,1.0,3.0,8.0,9.0,1.0,0.0,0.0,0.0,3.7,3.5,2.05,,,,,,,3.64,3.39,2.05
4402,2025/26,2026-01-24,Fulham,Brighton,2.0,1.0,H,0.0,1.0,M Oliver,12.0,13.0,4.0,5.0,6.0,6.0,10.0,6.0,1.0,1.0,0.0,0.0,2.6,3.4,2.7,,,,,,,2.54,3.42,2.71
4403,2025/26,2026-01-24,Man City,Wolves,2.0,0.0,H,2.0,0.0,F Hallam,11.0,11.0,4.0,1.0,4.0,6.0,16.0,14.0,1.0,3.0,0.0,0.0,1.2,7.0,11.0,,,,,,,1.21,6.68,12.0
4404,2025/26,2026-01-24,West Ham,Sunderland,3.0,1.0,H,3.0,0.0,T Bramall,13.0,7.0,5.0,2.0,3.0,3.0,9.0,16.0,2.0,4.0,0.0,0.0,2.5,3.2,2.88,,,,,,,2.51,3.24,2.85
4405,2025/26,2026-01-25,Arsenal,Man United,2.0,3.0,A,1.0,1.0,C Pawson,15.0,10.0,4.0,3.0,9.0,2.0,11.0,9.0,2.0,0.0,0.0,0.0,1.55,4.2,6.0,,,,,,,1.55,4.08,5.89
4406,2025/26,2026-01-25,Brentford,Nott'm Forest,0.0,2.0,A,0.0,1.0,S Barrott,10.0,7.0,1.0,2.0,6.0,5.0,11.0,10.0,1.0,0.0,0.0,0.0,1.91,3.5,4.1,,,,,,,1.9,3.49,4.02
4407,2025/26,2026-01-25,Crystal Palace,Chelsea,1.0,3.0,A,0.0,1.0,D England,13.0,10.0,7.0,6.0,4.0,5.0,11.0,10.0,2.0,2.0,1.0,0.0,3.5,3.8,2.0,,,,,,,3.5,3.66,2.0
4408,2025/26,2026-01-25,Newcastle,Aston Villa,0.0,2.0,A,0.0,1.0,J Gillett,15.0,14.0,4.0,8.0,6.0,5.0,7.0,12.0,1.0,2.0,0.0,0.0,1.95,3.7,3.7,,,,,,,1.98,3.66,3.54
4409,2025/26,2026-01-26,Everton,Leeds,1.0,1.0,D,0.0,1.0,S Hooper,10.0,14.0,3.0,4.0,4.0,4.0,9.0,13.0,0.0,3.0,0.0,0.0,2.5,3.25,2.9,,,,,,,2.48,3.15,2.92
4410,2025/26,2026-01-31,Brighton,Everton,1.0,1.0,D,0.0,0.0,C Kavanagh,11.0,7.0,2.0,4.0,5.0,2.0,13.0,14.0,1.0,2.0,0.0,0.0,1.85,3.6,4.1,,,,,,,1.86,3.6,4.13
4411,2025/26,2026-01-31,Chelsea,West Ham,3.0,2.0,H,0.0,2.0,A Taylor,14.0,11.0,6.0,6.0,9.0,3.0,11.0,13.0,3.0,2.0,0.0,1.0,1.5,4.5,6.0,,,,,,,1.49,4.53,6.05
4412,2025/26,2026-01-31,Leeds,Arsenal,0.0,4.0,A,0.0,2.0,S Attwell,3.0,14.0,1.0,8.0,4.0,12.0,10.0,7.0,1.0,1.0,0.0,0.0,5.75,4.2,1.55,,,,,,,6.16,4.1,1.54
4413,2025/26,2026-01-31,Liverpool,Newcastle,4.0,1.0,H,2.0,1.0,S Hooper,17.0,8.0,7.0,2.0,7.0,11.0,11.0,7.0,1.0,3.0,0.0,0.0,1.8,3.9,4.1,,,,,,,1.77,3.99,4.12
4414,2025/26,2026-01-31,Wolves,Bournemouth,0.0,2.0,A,0.0,1.0,M Oliver,17.0,9.0,7.0,4.0,5.0,6.0,11.0,15.0,3.0,3.0,0.0,0.0,2.9,3.5,2.3,,,,,,,2.95,3.5,2.31
4415,2025/26,2026-02-01,Aston Villa,Brentford,0.0,1.0,A,0.0,1.0,T Robinson,27.0,6.0,5.0,2.0,12.0,1.0,8.0,8.0,0.0,3.0,0.0,0.0,2.1,3.5,3.4,,,,,,,2.08,3.47,3.46
4416,2025/26,2026-02-01,Man United,Fulham,3.0,2.0,H,1.0,0.0,J Brooks,13.0,14.0,6.0,6.0,3.0,7.0,6.0,9.0,2.0,1.0,0.0,0.0,1.57,4.5,5.0,,,,,,,1.58,4.32,5.2
4417,2025/26,2026-02-01,Nott'm Forest,Crystal Palace,1.0,1.0,D,1.0,1.0,M Salisbury,9.0,14.0,1.0,3.0,5.0,7.0,4.0,12.0,1.0,3.0,0.0,0.0,1.95,3.5,3.9,,,,,,,1.95,3.48,3.88
4418,2025/26,2026-02-01,Tottenham,Man City,2.0,2.0,D,0.0,2.0,R Jones,12.0,15.0,6.0,3.0,3.0,4.0,15.0,12.0,3.0,3.0,0.0,0.0,4.5,4.1,1.73,,,,,,,4.41,4.06,1.71
4419,2025/26,2026-02-02,Sunderland,Burnley,3.0,0.0,H,2.0,0.0,P Tierney,14.0,5.0,5.0,0.0,1.0,2.0,12.0,10.0,1.0,4.0,0.0,0.0,1.8,3.5,4.75,,,,,,,1.8,3.42,4.73
4420,2025/26,2026-02-06,Leeds,Nott'm Forest,3.0,1.0,H,2.0,0.0,P Bankes,14.0,16.0,5.0,6.0,5.0,10.0,9.0,12.0,1.0,1.0,0.0,0.0,2.2,3.3,3.4,,,,,,,2.21,3.26,3.37
4421,2025/26,2026-02-07,Arsenal,Sunderland,3.0,0.0,H,1.0,0.0,S Barrott,16.0,5.0,5.0,3.0,5.0,2.0,11.0,8.0,1.0,2.0,0.0,0.0,1.22,6.25,12.0,,,,,,,1.21,6.23,14.08
4422,2025/26,2026-02-07,Bournemouth,Aston Villa,1.0,1.0,D,0.0,1.0,A Taylor,20.0,7.0,9.0,4.0,11.0,4.0,4.0,11.0,1.0,1.0,0.0,0.0,2.7,3.5,2.5,,,,,,,2.68,3.6,2.46
4423,2025/26,2026-02-07,Burnley,West Ham,0.0,2.0,A,0.0,2.0,D England,18.0,6.0,5.0,4.0,5.0,2.0,11.0,10.0,3.0,1.0,0.0,0.0,3.3,3.5,2.15,,,,,,,3.28,3.5,2.14
4424,2025/26,2026-02-07,Fulham,Everton,1.0,2.0,A,1.0,0.0,S Attwell,13.0,16.0,3.0,3.0,6.0,6.0,11.0,12.0,1.0,5.0,0.0,0.0,2.1,3.25,3.75,,,,,,,2.1,3.27,3.64
4425,2025/26,2026-02-07,Man United,Tottenham,2.0,0.0,H,1.0,0.0,M Oliver,23.0,7.0,10.0,1.0,7.0,0.0,12.0,11.0,1.0,2.0,0.0,1.0,1.57,4.5,5.0,,,,,,,1.57,4.54,4.97
4426,2025/26,2026-02-07,Newcastle,Brentford,2.0,3.0,A,1.0,2.0,A Madley,16.0,11.0,4.0,5.0,9.0,3.0,14.0,18.0,2.0,2.0,0.0,0.0,2.1,3.5,3.5,,,,,,,2.05,3.53,3.51
4427,2025/26,2026-02-07,Wolves,Chelsea,1.0,3.0,A,0.0,3.0,J Gillett,11.0,15.0,3.0,6.0,3.0,4.0,9.0,10.0,1.0,1.0,0.0,0.0,5.0,4.0,1.67,,,,,,,4.9,4.05,1.65
4428,2025/26,2026-02-08,Brighton,Crystal Palace,0.0,1.0,A,0.0,0.0,T Bramall,7.0,7.0,2.0,4.0,3.0,4.0,12.0,9.0,1.0,3.0,0.0,0.0,1.95,3.5,3.9,,,,,,,1.96,3.57,3.68
4429,2025/26,2026-02-08,Liverpool,Man City,1.0,2.0,A,0.0,0.0,C Pawson,15.0,17.0,4.0,7.0,5.0,4.0,13.0,16.0,2.0,4.0,1.0,0.0,2.38,3.7,2.75,,,,,,,2.34,3.68,2.76
4430,2025/26,2026-02-10,Chelsea,Leeds,2.0,2.0,D,1.0,0.0,R Jones,19.0,4.0,4.0,2.0,4.0,1.0,9.0,13.0,4.0,4.0,0.0,0.0,1.55,4.33,5.5,,,,,,,1.55,4.28,5.66
4431,2025/26,2026-02-10,Everton,Bournemouth,1.0,2.0,A,1.0,0.0,A Madley,16.0,11.0,6.0,4.0,7.0,2.0,14.0,15.0,1.0,3.0,1.0,0.0,2.38,3.4,3.0,,,,,,,2.41,3.35,2.91
4432,2025/26,2026-02-10,Tottenham,Newcastle,1.0,2.0,A,0.0,1.0,A Taylor,16.0,21.0,2.0,5.0,2.0,12.0,15.0,11.0,3.0,2.0,0.0,0.0,3.2,3.6,2.2,,,,,,,3.18,3.48,2.2
4433,2025/26,2026-02-10,West Ham,Man United,1.0,1.0,D,0.0,0.0,S Hooper,7.0,9.0,3.0,3.0,5.0,3.0,10.0,4.0,1.0,1.0,0.0,0.0,4.5,4.2,1.7,,,,,,,4.36,4.23,1.7
4434,2025/26,2026-02-11,Aston Villa,Brighton,1.0,0.0,H,0.0,0.0,P Bankes,15.0,9.0,1.0,3.0,7.0,5.0,9.0,15.0,2.0,3.0,0.0,0.0,1.91,3.7,3.8,,,,,,,1.92,3.67,3.79
4435,2025/26,2026-02-11,Crystal Palace,Burnley,2.0,3.0,A,2.0,3.0,F Hallam,21.0,8.0,3.0,3.0,8.0,2.0,11.0,8.0,2.0,1.0,0.0,0.0,1.57,4.0,6.25,,,,,,,1.55,3.98,6.18
4436,2025/26,2026-02-11,Man City,Fulham,3.0,0.0,H,3.0,0.0,P Tierney,13.0,14.0,5.0,3.0,4.0,4.0,8.0,10.0,3.0,1.0,0.0,0.0,1.36,5.5,7.0,,,,,,,1.34,5.33,8.08
4437,2025/26,2026-02-11,Nott'm Forest,Wolves,0.0,0.0,D,0.0,0.0,T Robinson,35.0,7.0,10.0,3.0,8.0,2.0,12.0,13.0,0.0,2.0,0.0,0.0,1.7,3.8,5.0,,,,,,,1.69,3.72,5.09
4438,2025/26,2026-02-11,Sunderland,Liverpool,0.0,1.0,A,0.0,0.0,C Kavanagh,11.0,23.0,2.0,3.0,3.0,11.0,8.0,10.0,1.0,0.0,0.0,0.0,4.75,3.8,1.73,,,,,,,4.65,3.83,1.72
4439,2025/26,2026-02-12,Brentford,Arsenal,1.0,1.0,D,0.0,0.0,J Brooks,12.0,7.0,3.0,2.0,6.0,4.0,12.0,11.0,3.0,2.0,0.0,0.0,4.75,3.9,1.7,,,,,,,4.83,3.86,1.69
4440,2025/26,2026-02-18,Wolves,Arsenal,2.0,2.0,D,0.0,1.0,P Tierney,5.0,10.0,2.0,4.0,1.0,3.0,6.0,8.0,2.0,1.0,0.0,0.0,11.0,5.25,1.29,,,,,,,10.94,5.48,1.28
4441,2025/26,2026-02-21,Aston Villa,Leeds,1.0,1.0,D,0.0,1.0,M Oliver,16.0,14.0,4.0,4.0,7.0,2.0,11.0,16.0,1.0,4.0,0.0,0.0,1.85,3.6,4.33,,,,,,,1.84,3.62,4.24
4442,2025/26,2026-02-21,Brentford,Brighton,0.0,2.0,A,0.0,2.0,J Gillett,13.0,11.0,3.0,7.0,6.0,4.0,9.0,14.0,1.0,2.0,0.0,0.0,2.0,3.7,3.5,,,,,,,2.01,3.7,3.45
4443,2025/26,2026-02-21,Chelsea,Burnley,1.0,1.0,D,1.0,0.0,L Smith,12.0,12.0,2.0,4.0,9.0,5.0,13.0,11.0,2.0,2.0,1.0,0.0,1.22,6.5,12.0,,,,,,,1.2,6.7,12.88
4444,2025/26,2026-02-21,Man City,Newcastle,2.0,1.0,H,2.0,1.0,T Bramall,15.0,13.0,7.0,7.0,5.0,5.0,12.0,13.0,2.0,5.0,0.0,0.0,1.45,5.0,5.5,,,,,,,1.46,4.92,5.82
4445,2025/26,2026-02-21,West Ham,Bournemouth,0.0,0.0,D,0.0,0.0,S Barrott,20.0,10.0,3.0,5.0,9.0,5.0,10.0,11.0,1.0,1.0,0.0,0.0,2.5,3.7,2.63,,,,,,,2.41,3.65,2.71
4446,2025/26,2026-02-22,Crystal Palace,Wolves,1.0,0.0,H,0.0,0.0,T Kirk,14.0,12.0,3.0,7.0,7.0,3.0,19.0,13.0,5.0,1.0,0.0,1.0,1.65,4.0,5.0,,,,,,,1.62,3.99,5.26
4447,2025/26,2026-02-22,Nott'm Forest,Liverpool,0.0,1.0,A,0.0,0.0,A Taylor,18.0,10.0,2.0,4.0,7.0,2.0,13.0,9.0,2.0,0.0,0.0,0.0,4.1,3.9,1.8,,,,,,,4.08,3.88,1.8
4448,2025/26,2026-02-22,Sunderland,Fulham,1.0,3.0,A,0.0,0.0,C Pawson,12.0,12.0,2.0,4.0,6.0,4.0,6.0,13.0,1.0,1.0,0.0,0.0,2.7,3.25,2.7,,,,,,,2.65,3.27,2.67
4449,2025/26,2026-02-22,Tottenham,Arsenal,1.0,4.0,A,1.0,1.0,P Bankes,6.0,20.0,5.0,7.0,2.0,5.0,17.0,11.0,2.0,1.0,0.0,0.0,6.0,4.0,1.57,,,,,,,5.83,3.98,1.56
4450,2025/26,2026-02-23,Everton,Man United,0.0,1.0,A,0.0,0.0,D England,12.0,11.0,4.0,3.0,10.0,1.0,12.0,7.0,2.0,3.0,0.0,0.0,3.7,3.75,1.91,,,,,,,3.57,3.73,1.94
4451,2025/26,2026-02-27,Wolves,Aston Villa,2.0,0.0,H,0.0,0.0,C Pawson,9.0,14.0,2.0,5.0,0.0,5.0,13.0,19.0,3.0,3.0,0.0,0.0,4.1,3.7,1.85,,,,,,,4.17,3.64,1.84
4452,2025/26,2026-02-28,Bournemouth,Sunderland,1.0,1.0,D,0.0,1.0,J Gillett,21.0,8.0,5.0,4.0,7.0,3.0,15.0,12.0,4.0,2.0,0.0,0.0,1.8,3.75,4.33,,,,,,,1.77,3.8,4.34
4453,2025/26,2026-02-28,Burnley,Brentford,3.0,4.0,A,1.0,3.0,S Barrott,12.0,16.0,3.0,7.0,4.0,8.0,9.0,9.0,2.0,2.0,0.0,0.0,4.5,3.9,1.73,,,,,,,4.58,3.81,1.73
4454,2025/26,2026-02-28,Leeds,Man City,0.0,1.0,A,0.0,1.0,P Bankes,14.0,14.0,2.0,5.0,5.0,3.0,10.0,8.0,0.0,3.0,0.0,0.0,4.75,4.33,1.62,,,,,,,5.0,4.25,1.6
4455,2025/26,2026-02-28,Liverpool,West Ham,5.0,2.0,H,3.0,0.0,T Robinson,18.0,11.0,7.0,4.0,10.0,5.0,12.0,11.0,2.0,2.0,0.0,0.0,1.42,4.75,6.5,,,,,,,1.41,5.02,6.68
4456,2025/26,2026-02-28,Newcastle,Everton,2.0,3.0,A,1.0,2.0,S Attwell,17.0,9.0,7.0,5.0,7.0,2.0,15.0,7.0,2.0,3.0,0.0,0.0,1.7,4.0,4.75,,,,,,,1.69,3.92,4.67
4457,2025/26,2026-03-01,Arsenal,Chelsea,2.0,1.0,H,1.0,1.0,D England,12.0,9.0,5.0,3.0,5.0,10.0,11.0,14.0,1.0,3.0,0.0,1.0,1.6,3.8,5.5,,,,,,,1.6,3.98,5.28
4458,2025/26,2026-03-01,Brighton,Nott'm Forest,2.0,1.0,H,2.0,1.0,A Madley,14.0,13.0,7.0,4.0,4.0,4.0,12.0,13.0,3.0,1.0,0.0,0.0,2.0,3.6,3.5,,,,,,,2.05,3.54,3.42
4459,2025/26,2026-03-01,Fulham,Tottenham,2.0,1.0,H,2.0,0.0,T Bramall,18.0,13.0,4.0,1.0,5.0,8.0,11.0,14.0,3.0,3.0,0.0,0.0,2.1,3.6,3.3,,,,,,,2.08,3.57,3.3
4460,2025/26,2026-03-01,Man United,Crystal Palace,2.0,1.0,H,0.0,1.0,C Kavanagh,20.0,8.0,11.0,3.0,7.0,1.0,13.0,12.0,2.0,2.0,0.0,1.0,1.53,4.5,5.5,,,,,,,1.53,4.31,5.61
4461,2025/26,2026-03-03,Bournemouth,Brentford,0.0,0.0,D,0.0,0.0,C Pawson,13.0,5.0,2.0,2.0,4.0,3.0,9.0,10.0,2.0,1.0,0.0,0.0,2.5,3.6,2.63,,,,,,,2.48,3.59,2.65
4462,2025/26,2026-03-03,Everton,Burnley,2.0,0.0,H,1.0,0.0,T Robinson,14.0,5.0,5.0,2.0,6.0,3.0,10.0,12.0,0.0,1.0,0.0,0.0,1.57,4.0,6.0,,,,,,,1.56,3.96,6.06
4463,2025/26,2026-03-03,Leeds,Sunderland,0.0,1.0,A,0.0,0.0,S Attwell,18.0,3.0,4.0,1.0,9.0,2.0,15.0,19.0,1.0,3.0,0.0,0.0,1.85,3.4,4.33,,,,,,,1.86,3.43,4.31
4464,2025/26,2026-03-03,Wolves,Liverpool,2.0,1.0,H,0.0,0.0,T Bramall,4.0,19.0,3.0,7.0,2.0,11.0,10.0,13.0,2.0,1.0,0.0,0.0,5.5,4.5,1.5,,,,,,,6.08,4.61,1.48
4465,2025/26,2026-03-04,Aston Villa,Chelsea,1.0,4.0,A,1.0,2.0,J Gillett,9.0,15.0,4.0,8.0,3.0,8.0,10.0,9.0,3.0,2.0,0.0,0.0,2.7,3.4,2.55,,,,,,,2.67,3.57,2.46
4466,2025/26,2026-03-04,Brighton,Arsenal,0.0,1.0,A,0.0,1.0,C Kavanagh,11.0,7.0,3.0,2.0,4.0,3.0,14.0,12.0,4.0,1.0,0.0,0.0,4.75,4.1,1.65,,,,,,,5.03,3.92,1.64
4467,2025/26,2026-03-04,Fulham,West Ham,0.0,1.0,A,0.0,0.0,M Donohue,13.0,9.0,5.0,3.0,7.0,5.0,14.0,12.0,2.0,4.0,0.0,0.0,2.0,3.5,3.7,,,,,,,2.03,3.56,3.52
4468,2025/26,2026-03-04,Man City,Nott'm Forest,2.0,2.0,D,1.0,0.0,D England,21.0,9.0,7.0,4.0,6.0,1.0,10.0,6.0,0.0,4.0,0.0,0.0,1.38,5.0,7.5,,,,,,,1.37,4.95,7.65
4469,2025/26,2026-03-04,Newcastle,Man United,2.0,1.0,H,1.0,1.0,P Bankes,12.0,14.0,5.0,5.0,2.0,4.0,15.0,16.0,2.0,3.0,1.0,0.0,2.63,3.5,2.6,,,,,,,2.56,3.66,2.53
4470,2025/26,2026-03-05,Tottenham,Crystal Palace,1.0,3.0,A,1.0,3.0,A Madley,12.0,9.0,4.0,4.0,6.0,3.0,14.0,14.0,3.0,2.0,0.0,0.0,2.35,3.25,3.1,,,,,,,2.34,3.32,2.97
4471,2025/26,2026-03-14,Arsenal,Everton,2.0,0.0,H,0.0,0.0,A Madley,25.0,9.0,7.0,3.0,8.0,3.0,11.0,12.0,0.0,0.0,0.0,0.0,1.38,4.75,8.5,,,,,,,1.37,4.56,8.83
4472,2025/26,2026-03-14,Burnley,Bournemouth,0.0,0.0,D,0.0,0.0,P Bankes,15.0,22.0,2.0,3.0,5.0,8.0,11.0,5.0,1.0,0.0,0.0,0.0,4.1,3.8,1.83,,,,,,,4.02,3.83,1.82
4473,2025/26,2026-03-14,Chelsea,Newcastle,0.0,1.0,A,0.0,1.0,P Tierney,22.0,7.0,3.0,5.0,8.0,1.0,9.0,10.0,2.0,2.0,0.0,0.0,1.8,4.2,3.8,,,,,,,1.79,4.12,3.86
4474,2025/26,2026-03-14,Sunderland,Brighton,0.0,1.0,A,0.0,0.0,T Kirk,14.0,12.0,4.0,4.0,7.0,3.0,7.0,12.0,1.0,2.0,0.0,0.0,3.3,3.3,2.25,,,,,,,3.26,3.27,2.23
4475,2025/26,2026-03-14,West Ham,Man City,1.0,1.0,D,1.0,1.0,M Oliver,1.0,24.0,1.0,6.0,1.0,15.0,14.0,5.0,2.0,2.0,0.0,0.0,4.33,4.33,1.7,,,,,,,4.43,4.15,1.69
4476,2025/26,2026-03-15,Crystal Palace,Leeds,0.0,0.0,D,0.0,0.0,T Bramall,12.0,10.0,0.0,3.0,8.0,3.0,12.0,11.0,2.0,1.0,0.0,1.0,2.55,3.3,2.88,,,,,,,2.49,3.24,2.85
4477,2025/26,2026-03-15,Liverpool,Tottenham,1.0,1.0,D,1.0,0.0,C Kavanagh,17.0,13.0,4.0,7.0,3.0,4.0,8.0,13.0,0.0,0.0,0.0,0.0,1.3,6.25,8.0,,,,,,,1.29,5.79,8.72
4478,2025/26,2026-03-15,Man United,Aston Villa,3.0,1.0,H,0.0,0.0,A Taylor,16.0,9.0,6.0,2.0,6.0,6.0,10.0,5.0,3.0,2.0,0.0,0.0,1.73,4.0,4.5,,,,,,,1.71,4.02,4.38
4479,2025/26,2026-03-15,Nott'm Forest,Fulham,0.0,0.0,D,0.0,0.0,S Barrott,11.0,5.0,2.0,0.0,5.0,4.0,8.0,10.0,2.0,3.0,0.0,0.0,2.2,3.4,3.3,,,,,,,2.19,3.4,3.24
4480,2025/26,2026-03-16,Brentford,Wolves,2.0,2.0,D,2.0,1.0,S Attwell,10.0,13.0,3.0,4.0,1.0,5.0,12.0,10.0,2.0,4.0,0.0,0.0,1.55,4.2,5.75,,,,,,,1.54,4.15,5.68
4481,2025/26,2026-03-20,Bournemouth,Man United,2.0,2.0,D,0.0,0.0,S Attwell,16.0,14.0,5.0,5.0,6.0,8.0,10.0,9.0,2.0,2.0,0.0,1.0,3.2,3.8,2.1,,,,,,,3.22,3.76,2.07
4482,2025/26,2026-03-21,Brighton,Liverpool,2.0,1.0,H,1.0,1.0,D England,16.0,12.0,7.0,5.0,4.0,8.0,11.0,11.0,5.0,5.0,0.0,0.0,3.1,3.5,2.2,,,,,,,3.02,3.55,2.22
4483,2025/26,2026-03-21,Everton,Chelsea,3.0,0.0,H,1.0,0.0,S Barrott,10.0,12.0,9.0,4.0,3.0,9.0,6.0,7.0,0.0,2.0,0.0,0.0,3.5,3.4,2.1,,,,,,,3.38,3.5,2.08
4484,2025/26,2026-03-21,Fulham,Burnley,3.0,1.0,H,0.0,0.0,C Kavanagh,22.0,9.0,6.0,5.0,6.0,6.0,6.0,9.0,2.0,2.0,0.0,1.0,1.53,4.1,6.25,,,,,,,1.53,4.09,6.22
4485,2025/26,2026-03-21,Leeds,Brentford,0.0,0.0,D,0.0,0.0,J Gillett,14.0,6.0,4.0,2.0,6.0,2.0,6.0,9.0,2.0,0.0,0.0,0.0,2.45,3.5,2.88,,,,,,,2.46,3.42,2.77
4486,2025/26,2026-03-22,Aston Villa,West Ham,2.0,0.0,H,1.0,0.0,P Tierney,23.0,9.0,7.0,1.0,6.0,6.0,3.0,7.0,0.0,1.0,0.0,0.0,1.95,3.6,3.8,,,,,,,1.95,3.56,3.7
4487,2025/26,2026-03-22,Newcastle,Sunderland,1.0,2.0,A,1.0,0.0,A Taylor,16.0,17.0,4.0,7.0,9.0,5.0,8.0,19.0,1.0,6.0,0.0,0.0,1.67,4.0,5.0,,,,,,,1.65,3.89,5.04
4488,2025/26,2026-03-22,Tottenham,Nott'm Forest,0.0,3.0,A,0.0,1.0,M Oliver,14.0,8.0,3.0,7.0,13.0,3.0,13.0,13.0,1.0,2.0,0.0,0.0,2.25,3.4,3.2,,,,,,,2.24,3.39,3.11
4489,2025/26,2026-04-10,West Ham,Wolves,4.0,0.0,H,1.0,0.0,J Gillett,18.0,14.0,7.0,3.0,5.0,2.0,11.0,7.0,2.0,2.0,0.0,0.0,1.8,3.8,4.33,,,,,,,1.78,3.74,4.34
4490,2025/26,2026-04-11,Arsenal,Bournemouth,1.0,2.0,A,1.0,1.0,M Oliver,15.0,8.0,3.0,3.0,10.0,1.0,12.0,18.0,1.0,3.0,0.0,0.0,1.44,4.5,7.5,,,,,,,1.43,4.55,7.06
4491,2025/26,2026-04-11,Brentford,Everton,2.0,2.0,D,1.0,1.0,F Hallam,17.0,14.0,4.0,7.0,2.0,3.0,6.0,7.0,0.0,2.0,0.0,0.0,2.15,3.3,3.5,,,,,,,2.13,3.31,3.45
4492,2025/26,2026-04-11,Burnley,Brighton,0.0,2.0,A,0.0,1.0,T Bramall,10.0,13.0,5.0,6.0,8.0,2.0,7.0,11.0,2.0,1.0,0.0,0.0,4.5,4.0,1.73,,,,,,,4.48,3.93,1.72
4493,2025/26,2026-04-11,Liverpool,Fulham,2.0,0.0,H,2.0,0.0,A Taylor,18.0,19.0,5.0,4.0,6.0,9.0,10.0,4.0,0.0,0.0,0.0,0.0,1.65,4.2,4.75,,,,,,,1.62,4.18,4.83
4494,2025/26,2026-04-12,Chelsea,Man City,0.0,3.0,A,0.0,0.0,C Kavanagh,12.0,18.0,3.0,8.0,4.0,12.0,10.0,14.0,3.0,1.0,0.0,0.0,3.1,3.8,2.15,,,,,,,3.08,3.8,2.1
4495,2025/26,2026-04-12,Crystal Palace,Newcastle,2.0,1.0,H,0.0,1.0,A Madley,11.0,7.0,5.0,3.0,2.0,4.0,17.0,12.0,0.0,3.0,0.0,0.0,3.0,3.6,2.2,,,,,,,3.07,3.5,2.22
4496,2025/26,2026-04-12,Nott'm Forest,Aston Villa,1.0,1.0,D,1.0,1.0,M Salisbury,15.0,12.0,4.0,5.0,7.0,3.0,15.0,10.0,2.0,2.0,0.0,0.0,2.63,3.3,2.7,,,,,,,2.61,3.33,2.65
4497,2025/26,2026-04-12,Sunderland,Tottenham,1.0,0.0,H,0.0,0.0,R Jones,13.0,11.0,2.0,7.0,2.0,6.0,14.0,15.0,3.0,3.0,0.0,0.0,2.7,3.2,2.7,,,,,,,2.62,3.34,2.63
4498,2025/26,2026-04-13,Man United,Leeds,1.0,2.0,A,0.0,2.0,P Tierney,20.0,15.0,9.0,6.0,11.0,4.0,12.0,15.0,3.0,2.0,1.0,0.0,1.62,4.1,5.0,,,,,,,1.59,4.07,5.3
4499,2025/26,2026-04-18,Brentford,Fulham,0.0,0.0,D,0.0,0.0,P Tierney,13.0,11.0,4.0,0.0,9.0,3.0,8.0,13.0,0.0,1.0,0.0,0.0,2.1,3.75,3.25,,,,,,,2.09,3.63,3.26
4500,2025/26,2026-04-18,Chelsea,Man United,0.0,1.0,A,0.0,1.0,M Oliver,21.0,4.0,3.0,1.0,7.0,1.0,12.0,13.0,1.0,3.0,0.0,0.0,2.2,3.5,3.2,,,,,,,2.21,3.54,3.07
4501,2025/26,2026-04-18,Leeds,Wolves,3.0,0.0,H,2.0,0.0,F Hallam,17.0,7.0,6.0,2.0,5.0,6.0,9.0,17.0,2.0,1.0,0.0,0.0,1.62,3.9,5.75,,,,,,,1.6,3.93,5.5
4502,2025/26,2026-04-18,Newcastle,Bournemouth,1.0,2.0,A,0.0,1.0,T Bramall,12.0,12.0,3.0,3.0,2.0,3.0,11.0,12.0,2.0,4.0,0.0,0.0,2.0,3.75,3.5,,,,,,,1.96,3.81,3.48
4503,2025/26,2026-04-18,Tottenham,Brighton,2.0,2.0,D,1.0,1.0,S Attwell,13.0,10.0,6.0,3.0,7.0,5.0,14.0,14.0,3.0,1.0,0.0,0.0,2.7,3.75,2.4,,,,,,,2.68,3.65,2.41
4504,2025/26,2026-04-19,Aston Villa,Sunderland,4.0,3.0,H,2.0,1.0,S Barrott,15.0,10.0,7.0,7.0,4.0,5.0,11.0,11.0,1.0,3.0,0.0,0.0,1.67,3.75,5.5,,,,,,,1.65,3.78,5.25
4505,2025/26,2026-04-19,Everton,Liverpool,1.0,2.0,A,0.0,1.0,C Kavanagh,10.0,14.0,4.0,6.0,1.0,6.0,8.0,12.0,2.0,0.0,0.0,0.0,3.1,3.4,2.3,,,,,,,3.11,3.36,2.25
4506,2025/26,2026-04-19,Man City,Arsenal,2.0,1.0,H,1.0,1.0,A Taylor,15.0,9.0,5.0,3.0,8.0,5.0,5.0,12.0,2.0,2.0,0.0,0.0,1.83,3.7,4.2,,,,,,,1.82,3.6,4.25
4507,2025/26,2026-04-19,Nott'm Forest,Burnley,4.0,1.0,H,0.0,1.0,T Kirk,10.0,4.0,4.0,3.0,4.0,4.0,8.0,12.0,0.0,2.0,0.0,0.0,1.5,4.2,7.0,,,,,,,1.49,4.25,6.32
4508,2025/26,2026-04-20,Crystal Palace,West Ham,0.0,0.0,D,0.0,0.0,D England,9.0,9.0,1.0,4.0,4.0,6.0,13.0,12.0,2.0,1.0,0.0,0.0,2.38,3.2,3.1,,,,,,,2.31,3.21,3.11
4509,2025/26,2026-04-21,Brighton,Chelsea,3.0,0.0,H,1.0,0.0,C Pawson,15.0,6.0,9.0,0.0,6.0,5.0,15.0,6.0,1.0,1.0,0.0,0.0,2.5,3.5,2.7,,,,,,,2.44,3.62,2.66
4510,2025/26,2026-04-22,Bournemouth,Leeds,2.0,2.0,D,0.0,0.0,M Salisbury,17.0,10.0,7.0,3.0,12.0,1.0,6.0,10.0,3.0,0.0,0.0,0.0,2.0,3.5,3.6,,,,,,,2.02,3.51,3.57
4511,2025/26,2026-04-22,Burnley,Man City,0.0,1.0,A,0.0,1.0,A Madley,9.0,28.0,1.0,9.0,3.0,11.0,10.0,12.0,0.0,0.0,0.0,0.0,19.0,9.0,1.13,,,,,,,16.53,8.3,1.14
4512,2025/26,2026-04-24,Sunderland,Nott'm Forest,0.0,5.0,A,0.0,4.0,D England,14.0,10.0,4.0,6.0,3.0,6.0,13.0,15.0,2.0,5.0,0.0,0.0,2.7,3.2,2.7,,,,,,,2.67,3.18,2.66
4513,2025/26,2026-04-25,Arsenal,Newcastle,1.0,0.0,H,1.0,0.0,S Barrott,11.0,13.0,4.0,3.0,7.0,2.0,13.0,10.0,2.0,2.0,0.0,0.0,1.45,4.75,6.25,,,,,,,1.45,4.66,6.22
4514,2025/26,2026-04-25,Fulham,Aston Villa,1.0,0.0,H,1.0,0.0,M Oliver,13.0,10.0,6.0,1.0,2.0,5.0,14.0,12.0,2.0,2.0,0.0,0.0,2.75,3.6,2.45,,,,,,,2.67,3.5,2.47
4515,2025/26,2026-04-25,Liverpool,Crystal Palace,3.0,1.0,H,2.0,0.0,A Madley,9.0,14.0,3.0,7.0,5.0,8.0,10.0,10.0,1.0,3.0,0.0,0.0,1.44,5.0,6.25,,,,,,,1.44,4.76,6.31
4516,2025/26,2026-04-25,West Ham,Everton,2.0,1.0,H,0.0,0.0,S Attwell,10.0,11.0,3.0,3.0,3.0,4.0,9.0,11.0,3.0,4.0,0.0,0.0,2.4,3.4,2.9,,,,,,,2.38,3.34,2.9
4517,2025/26,2026-04-25,Wolves,Tottenham,0.0,1.0,A,0.0,0.0,A Taylor,11.0,11.0,2.0,2.0,5.0,5.0,8.0,14.0,3.0,4.0,0.0,0.0,4.5,4.33,1.67,,,,,,,4.48,3.99,1.7
4518,2025/26,2026-04-27,Man United,Brentford,2.0,1.0,H,2.0,0.0,C Kavanagh,11.0,12.0,6.0,4.0,7.0,8.0,6.0,9.0,2.0,4.0,0.0,0.0,1.85,3.8,4.0,,,,,,,1.84,3.82,3.84
4519,2025/26,2026-05-01,Leeds,Burnley,3.0,1.0,H,1.0,0.0,T Bramall,18.0,9.0,8.0,3.0,5.0,0.0,12.0,11.0,4.0,3.0,0.0,0.0,1.33,5.0,9.5,,,,,,,1.34,5.09,8.57
4520,2025/26,2026-05-02,Arsenal,Fulham,3.0,0.0,H,3.0,0.0,J Gillett,18.0,10.0,9.0,1.0,3.0,4.0,7.0,12.0,0.0,1.0,0.0,0.0,1.44,4.33,7.0,,,,,,,1.44,4.39,7.0
4521,2025/26,2026-05-02,Brentford,West Ham,3.0,0.0,H,1.0,0.0,C Pawson,14.0,13.0,6.0,4.0,2.0,6.0,8.0,12.0,1.0,3.0,0.0,0.0,1.91,3.75,3.75,,,,,,,1.91,3.77,3.62
4522,2025/26,2026-05-02,Newcastle,Brighton,3.0,1.0,H,2.0,0.0,C Kavanagh,13.0,13.0,6.0,4.0,2.0,10.0,10.0,12.0,3.0,3.0,0.0,0.0,2.5,3.75,2.6,,,,,,,2.5,3.6,2.6
4523,2025/26,2026-05-02,Wolves,Sunderland,1.0,1.0,D,0.0,1.0,P Tierney,20.0,10.0,7.0,2.0,6.0,3.0,11.0,11.0,0.0,4.0,0.0,1.0,3.1,3.2,2.1,,,,,,,3.24,3.35,2.18
4524,2025/26,2026-05-03,Aston Villa,Tottenham,1.0,2.0,A,0.0,2.0,S Barrott,5.0,10.0,1.0,5.0,5.0,5.0,12.0,12.0,2.0,5.0,0.0,0.0,2.15,3.6,3.2,,,,,,,2.1,3.59,3.21
4525,2025/26,2026-05-03,Bournemouth,Crystal Palace,3.0,0.0,H,2.0,0.0,R Jones,16.0,7.0,5.0,1.0,7.0,1.0,10.0,11.0,0.0,2.0,0.0,0.0,1.57,4.33,5.25,,,,,,,1.58,4.16,5.2
4526,2025/26,2026-05-03,Man United,Liverpool,3.0,2.0,H,2.0,0.0,D England,18.0,13.0,6.0,5.0,3.0,2.0,12.0,11.0,2.0,2.0,0.0,0.0,2.3,3.8,2.75,,,,,,,2.29,3.73,2.76
4527,2025/26,2026-05-04,Chelsea,Nott'm Forest,1.0,3.0,A,0.0,2.0,A Taylor,21.0,6.0,5.0,4.0,10.0,1.0,12.0,10.0,3.0,1.0,0.0,0.0,1.7,4.0,4.75,,,,,,,1.68,3.93,4.65
4528,2025/26,2026-05-04,Everton,Man City,3.0,3.0,D,0.0,1.0,M Oliver,14.0,21.0,6.0,4.0,5.0,9.0,15.0,5.0,4.0,1.0,0.0,0.0,6.5,4.75,1.44,,,,,,,6.38,4.63,1.44
4529,2025/26,2026-05-09,Brighton,Wolves,3.0,0.0,H,2.0,0.0,J Brooks,14.0,5.0,6.0,1.0,7.0,1.0,9.0,11.0,1.0,2.0,0.0,0.0,1.27,6.25,9.5,,,,,,,1.27,5.88,9.98
4530,2025/26,2026-05-09,Fulham,Bournemouth,0.0,1.0,A,0.0,0.0,A Madley,14.0,10.0,2.0,5.0,11.0,2.0,12.0,21.0,4.0,2.0,1.0,1.0,2.75,3.6,2.4,,,,,,,2.68,3.66,2.39
4531,2025/26,2026-05-09,Liverpool,Chelsea,1.0,1.0,D,1.0,1.0,C Pawson,8.0,6.0,3.0,3.0,5.0,2.0,17.0,17.0,2.0,4.0,0.0,0.0,1.83,4.0,3.9,,,,,,,1.82,3.95,3.81
4532,2025/26,2026-05-09,Man City,Brentford,3.0,0.0,H,0.0,0.0,M Salisbury,25.0,4.0,10.0,2.0,10.0,2.0,8.0,14.0,4.0,2.0,0.0,0.0,1.36,5.75,7.0,,,,,,,1.35,5.51,7.23
4533,2025/26,2026-05-09,Sunderland,Man United,0.0,0.0,D,0.0,0.0,S Attwell,15.0,11.0,4.0,1.0,7.0,8.0,12.0,12.0,0.0,3.0,0.0,0.0,3.9,3.75,1.85,,,,,,,3.93,3.7,1.86
4534,2025/26,2026-05-10,Burnley,Aston Villa,2.0,2.0,D,1.0,1.0,A Taylor,15.0,18.0,6.0,7.0,2.0,8.0,18.0,8.0,1.0,1.0,0.0,0.0,5.0,4.33,1.6,,,,,,,5.34,4.09,1.58
4535,2025/26,2026-05-10,Crystal Palace,Everton,2.0,2.0,D,1.0,1.0,T Bramall,21.0,13.0,8.0,6.0,5.0,10.0,5.0,13.0,0.0,2.0,0.0,0.0,2.7,3.3,2.63,,,,,,,2.71,3.26,2.56
4536,2025/26,2026-05-10,Nott'm Forest,Newcastle,1.0,1.0,D,0.0,0.0,P Tierney,17.0,16.0,6.0,6.0,2.0,1.0,16.0,11.0,2.0,0.0,0.0,0.0,2.6,3.6,2.6,,,,,,,2.58,3.48,2.56
4537,2025/26,2026-05-10,West Ham,Arsenal,0.0,1.0,A,0.0,0.0,C Kavanagh,9.0,15.0,3.0,4.0,4.0,3.0,14.0,12.0,3.0,4.0,0.0,0.0,5.5,4.2,1.57,,,,,,,5.29,4.09,1.58
4538,2025/26,2026-05-11,Tottenham,Leeds,1.0,1.0,D,0.0,0.0,J Gillett,16.0,11.0,3.0,4.0,14.0,2.0,12.0,7.0,3.0,1.0,0.0,0.0,1.83,4.1,3.75,,,,,,,1.82,3.82,3.92
4539,2025/26,2026-05-13,Man City,Crystal Palace,3.0,0.0,H,2.0,0.0,S Attwell,15.0,6.0,4.0,2.0,9.0,4.0,10.0,7.0,0.0,2.0,0.0,0.0,1.2,7.5,12.0,,,,,,,1.19,7.03,12.75
4540,2025/26,2026-05-15,Aston Villa,Liverpool,4.0,2.0,H,1.0,0.0,C Kavanagh,14.0,16.0,9.0,5.0,4.0,9.0,12.0,9.0,3.0,1.0,0.0,0.0,2.75,3.5,2.4,,,,,,,2.76,3.44,2.43
4541,2025/26,2026-05-17,Brentford,Crystal Palace,2.0,2.0,D,1.0,1.0,S Barrott,14.0,16.0,3.0,5.0,9.0,4.0,7.0,5.0,1.0,3.0,0.0,0.0,1.73,4.2,4.33,,,,,,,1.71,4.09,4.17
4542,2025/26,2026-05-17,Everton,Sunderland,1.0,3.0,A,1.0,0.0,J Brooks,10.0,7.0,4.0,3.0,3.0,2.0,14.0,9.0,3.0,0.0,0.0,0.0,1.8,3.75,4.33,,,,,,,1.81,3.63,4.18
4543,2025/26,2026-05-17,Leeds,Brighton,1.0,0.0,H,0.0,0.0,M Oliver,7.0,19.0,1.0,8.0,7.0,8.0,9.0,7.0,1.0,0.0,0.0,0.0,3.2,3.6,2.15,,,,,,,3.09,3.57,2.14
4544,2025/26,2026-05-17,Man United,Nott'm Forest,3.0,2.0,H,1.0,0.0,M Salisbury,29.0,11.0,8.0,4.0,7.0,6.0,11.0,5.0,2.0,1.0,0.0,0.0,1.6,4.2,5.25,,,,,,,1.58,4.23,4.94
4545,2025/26,2026-05-17,Newcastle,West Ham,3.0,1.0,H,2.0,0.0,J Gillett,15.0,15.0,7.0,8.0,9.0,1.0,8.0,11.0,1.0,3.0,0.0,0.0,2.1,3.8,3.2,,,,,,,2.05,3.78,3.15
4546,2025/26,2026-05-17,Wolves,Fulham,1.0,1.0,D,1.0,1.0,T Kirk,11.0,13.0,3.0,5.0,3.0,6.0,20.0,8.0,1.0,0.0,0.0,0.0,3.8,3.8,1.9,,,,,,,3.68,3.78,1.87
4547,2025/26,2026-05-18,Arsenal,Burnley,1.0,0.0,H,1.0,0.0,P Tierney,13.0,5.0,3.0,0.0,3.0,3.0,7.0,16.0,1.0,3.0,0.0,0.0,1.09,11.0,23.0,,,,,,,1.08,10.12,22.13
4548,2025/26,2026-05-19,Bournemouth,Man City,1.0,1.0,D,1.0,0.0,A Taylor,10.0,14.0,2.0,5.0,7.0,6.0,16.0,7.0,4.0,2.0,0.0,0.0,4.5,4.33,1.67,,,,,,,4.42,4.27,1.66
4549,2025/26,2026-05-19,Chelsea,Tottenham,2.0,1.0,H,1.0,0.0,S Attwell,9.0,9.0,4.0,3.0,3.0,4.0,11.0,18.0,4.0,3.0,0.0,0.0,1.91,3.7,3.9,,,,,,,1.9,3.64,3.76
4550,2025/26,2026-05-24,Brighton,Man United,0.0,3.0,A,0.0,2.0,S Barrott,13.0,11.0,2.0,7.0,0.0,3.0,11.0,8.0,0.0,1.0,0.0,0.0,1.85,4.2,3.6,,,,,,,1.86,3.98,3.58
4551,2025/26,2026-05-24,Burnley,Wolves,1.0,1.0,D,0.0,1.0,A Kitchen,16.0,16.0,8.0,4.0,7.0,7.0,10.0,11.0,2.0,2.0,0.0,0.0,2.35,3.5,2.9,,,,,,,2.36,3.5,2.77
4552,2025/26,2026-05-24,Crystal Palace,Arsenal,1.0,2.0,A,0.0,1.0,F Hallam,8.0,17.0,3.0,7.0,3.0,4.0,9.0,12.0,0.0,1.0,0.0,0.0,4.2,4.0,1.75,,,,,,,4.13,3.86,1.76
4553,2025/26,2026-05-24,Fulham,Newcastle,2.0,0.0,H,1.0,0.0,R Jones,21.0,7.0,6.0,2.0,6.0,6.0,13.0,6.0,2.0,2.0,0.0,0.0,2.88,3.8,2.25,,,,,,,2.82,3.66,2.27
4554,2025/26,2026-05-24,Liverpool,Brentford,1.0,1.0,D,0.0,0.0,D England,24.0,11.0,8.0,2.0,14.0,2.0,9.0,9.0,2.0,3.0,0.0,0.0,1.8,4.2,3.8,,,,,,,1.8,4.09,3.73
4555,2025/26,2026-05-24,Man City,Aston Villa,1.0,2.0,A,1.0,0.0,A Madley,16.0,12.0,3.0,5.0,9.0,4.0,8.0,4.0,1.0,0.0,0.0,0.0,1.29,6.0,9.0,,,,,,,1.28,5.93,8.39
4556,2025/26,2026-05-24,Nott'm Forest,Bournemouth,1.0,1.0,D,1.0,0.0,C Pawson,15.0,17.0,5.0,4.0,6.0,3.0,11.0,7.0,1.0,1.0,0.0,0.0,3.3,3.75,2.05,,,,,,,3.19,3.72,2.05
4557,2025/26,2026-05-24,Sunderland,Chelsea,2.0,1.0,H,1.0,0.0,C Kavanagh,20.0,10.0,2.0,1.0,7.0,7.0,15.0,18.0,3.0,2.0,0.0,0.0,3.6,3.6,2.0,,,,,,,3.47,3.59,1.99
4558,2025/26,2026-05-24,Tottenham,Everton,1.0,0.0,H,1.0,0.0,M Oliver,21.0,8.0,6.0,3.0,6.0,2.0,15.0,12.0,5.0,3.0,0.0,1.0,1.91,3.75,3.8,,,,,,,1.89,3.63,3.78
4559,2025/26,2026-05-24,West Ham,Leeds,3.0,0.0,H,0.0,0.0,A Taylor,16.0,13.0,9.0,3.0,6.0,4.0,11.0,14.0,0.0,3.0,0.0,0.0,1.85,4.0,3.75,,,,,,,1.82,3.9,3.75
